order_id,customer_id,order_date,product_category,product_name,quantity,unit_price,discount_percent,subtotal,shipping_cost,shipping_method,tax_amount,total_amount,payment_method,order_status,delivery_days,review_score,is_gift
30357226,102475,2024-12-12,Home & Kitchen,Throw Pillow,4,81.55,0.0,326.2,0.0,Standard,20.39,346.59,PayPal,Delivered,5.0,3.0,False
65431680,643853,2025-05-19,Electronics,Smartphone Case,1,152.09,0.0,152.09,0.0,Standard,8.75,160.84,Credit Card,Delivered,4.0,,False
24093785,544582,2025-01-03,Sports & Outdoors,Bicycle Helmet,2,62.46,0.0,124.92,0.0,Standard,10.31,135.23,Debit Card,Shipped,,,False
24264091,568666,2024-08-09,Clothing,Men's T-Shirt,5,115.67,0.0,578.35,0.0,Standard,23.13,601.48,Debit Card,Processing,,,False
83168534,357070,2024-04-20,Beauty,Hair Dryer,2,99.14,5.0,188.37,0.0,Standard,16.72,205.09,Credit Card,Delivered,6.0,4.0,False
10056341,912674,2025-11-25,Electronics,USB-C Hub,4,283.18,5.0,1076.08,0.0,Standard,64.56,1140.64,Credit Card,Delivered,4.0,5.0,False
45017312,579703,2024-10-08,Sports & Outdoors,Fishing Rod,1,200.96,0.0,200.96,0.0,Standard,12.06,213.02,Credit Card,Delivered,6.0,,False
91670165,923809,2024-12-23,Beauty,Shampoo & Conditioner Set,1,6.33,10.0,5.7,5.99,Standard,0.34,12.03,Credit Card,Delivered,7.0,,False
95158617,959182,2025-03-15,Sports & Outdoors,Fishing Rod,1,276.98,0.0,276.98,0.0,Standard,17.31,294.29,PayPal,Delivered,5.0,,False
17130881,409624,2024-12-24,Sports & Outdoors,Dumbbell Set,2,87.97,0.0,175.94,0.0,Standard,10.56,186.5,Debit Card,Cancelled,,,False
67466765,983557,2025-09-24,Clothing,Wool Sweater,1,82.39,5.0,78.27,0.0,Express,4.7,82.97,Apple Pay,Delivered,2.0,,False
10555841,142263,2025-09-08,Sports & Outdoors,Dumbbell Set,4,351.99,0.0,1407.96,0.0,Express,116.16,1524.12,PayPal,Processing,,,True
41766037,150447,2025-05-31,Electronics,Smartphone Case,2,161.49,0.0,322.98,0.0,Standard,18.09,341.07,Debit Card,Delivered,8.0,3.0,False
19637627,693875,2025-09-08,Electronics,Laptop Stand,1,168.58,5.0,160.15,0.0,,13.21,173.36,Debit Card,Delivered,7.0,,False
22130140,454208,2024-09-21,Beauty,Hair Dryer,4,45.95,0.0,183.8,0.0,Standard,15.16,198.96,Credit Card,Delivered,5.0,,False
53185210,567751,2024-01-22,Home & Kitchen,Storage Bins,1,93.83,0.0,93.83,0.0,Next-Day,5.25,99.08,Debit Card,Delivered,1.0,2.0,False
74669409,199805,2025-04-06,Electronics,Smartphone Case,2,119.35,15.0,202.89,0.0,Standard,11.67,214.56,Credit Card,Shipped,,,False
86171887,997877,2025-06-29,Sports & Outdoors,Hiking Backpack,1,53.97,0.0,53.97,5.99,Standard,3.51,63.47,Credit Card,Delivered,6.0,,False
62889817,540073,2024-03-15,Electronics,Bluetooth Speaker,1,114.42,0.0,114.42,0.0,Express,4.58,119.0,Credit Card,Delivered,3.0,,False
83510181,621129,2025-06-07,Beauty,Perfume,1,26.47,0.0,26.47,5.99,Standard,1.26,33.72,Debit Card,Delivered,5.0,,False
24645840,262277,2024-07-13,Home & Kitchen,Table Lamp,3,133.7,0.0,401.1,0.0,Express,26.07,427.17,Credit Card,Delivered,3.0,3.0,False
83171472,728511,2025-12-16,Toys,Plush Toy,1,34.14,20.0,27.31,5.99,Standard,1.09,34.39,Credit Card,Delivered,6.0,,False
84226255,106146,2025-09-04,Home & Kitchen,Air Fryer,1,233.3,0.0,233.3,0.0,Standard,14.58,247.88,Credit Card,Processing,,,False
27265155,266813,2024-09-03,Books,Mystery Thriller,2,28.91,0.0,57.82,5.99,Standard,2.75,66.56,PayPal,Delivered,5.0,,False
44726457,112765,2024-05-10,Books,Fiction Novel,1,11.89,0.0,11.89,12.99,Express,1.06,25.94,Credit Card,Delivered,4.0,,False
55765381,865307,2025-12-15,Grocery,Vitamin Supplements,1,26.54,0.0,26.54,5.99,Standard,1.49,34.02,Credit Card,Returned,5.0,,True
97142287,620065,2024-08-13,Clothing,Hoodie,1,109.2,0.0,109.2,0.0,Standard,6.55,115.75,Debit Card,Delivered,7.0,4.0,False
89452270,424543,2024-11-23,Clothing,Yoga Leggings,1,132.27,,112.43,0.0,Express,5.34,117.77,Debit Card,Shipped,,,False
90256069,860481,2025-12-26,Home & Kitchen,Bed Sheets Set,3,221.89,0.0,665.67,0.0,Express,43.27,708.94,Apple Pay,Delivered,1.0,,False
48021871,789354,2024-05-17,Clothing,Denim Jacket,1,96.71,0.0,96.71,0.0,Standard,4.59,101.3,Credit Card,Delivered,5.0,,False
31809009,657736,2024-04-07,Electronics,Bluetooth Speaker,1,285.76,0.0,285.76,0.0,Next-Day,17.15,302.91,Credit Card,Cancelled,,,False
74491295,276171,2024-02-02,Toys,Plush Toy,1,32.1,0.0,32.1,5.99,Standard,1.93,40.02,Debit Card,Delivered,6.0,4.0,False
93217882,686314,2024-05-31,Clothing,Running Shoes,1,171.0,20.0,136.8,0.0,Standard,11.29,148.09,Credit Card,Delivered,5.0,,False
20613043,492493,2024-09-05,Toys,Building Block Set,1,30.49,0.0,30.49,5.99,Standard,1.91,38.39,Credit Card,Returned,3.0,,False
64262449,812713,2025-11-27,Electronics,USB-C Hub,1,99.18,0.0,99.18,0.0,Standard,3.97,103.15,Credit Card,Delivered,5.0,,True
28328300,867788,2025-12-21,Home & Kitchen,Coffee Maker,2,48.87,0.0,97.74,0.0,Express,2.83,100.57,Credit Card,Returned,3.0,,False
12388670,438441,2024-04-17,Electronics,USB-C Hub,3,347.43,15.0,885.95,0.0,Standard,55.37,941.32,Credit Card,Delivered,7.0,4.0,False
91960043,827794,2025-06-26,Clothing,Winter Jacket,1,60.31,0.0,60.31,5.99,Standard,3.77,70.07,PayPal,Delivered,5.0,3.0,False
90302535,525017,2025-12-07,Toys,Action Figure,5,47.18,0.0,235.9,0.0,Express,19.46,255.36,PayPal,Delivered,2.0,4.0,False
79317848,266813,2025-05-20,Clothing,Men's T-Shirt,1,62.4,0.0,62.4,12.99,Express,2.96,78.35,PayPal,Delivered,1.0,4.0,False
33156725,342503,2024-06-30,Grocery,Green Tea (Box),2,26.66,0.0,53.32,5.99,Standard,2.53,61.84,PayPal,Delivered,8.0,,False
51645955,113123,2024-12-10,Beauty,Hair Dryer,1,88.63,0.0,88.63,0.0,Standard,5.1,93.73,Credit Card,Delivered,5.0,,False
54459113,142347,2025-12-17,Beauty,Lipstick,2,101.11,0.0,202.22,0.0,Standard,16.68,218.9,PayPal,Delivered,7.0,,False
50542055,632607,2024-02-27,Beauty,Hair Dryer,2,98.75,0.0,197.5,0.0,Standard,17.53,215.03,Debit Card,Delivered,6.0,,False
53516338,151519,2024-10-04,Electronics,Gaming Mouse,4,227.1,0.0,908.4,0.0,Standard,54.5,962.9,PayPal,Delivered,7.0,4.0,False
16842841,520198,2024-11-12,Clothing,Socks (3-pack),2,41.28,0.0,82.56,0.0,Standard,4.62,87.18,Credit Card,Delivered,5.0,3.0,False
23099782,304408,2025-07-08,Clothing,Men's T-Shirt,1,105.12,0.0,105.12,0.0,Standard,8.67,113.79,Credit Card,Delivered,5.0,,False
91493414,360610,2025-02-07,Beauty,Shampoo & Conditioner Set,2,21.63,10.0,38.93,5.99,Standard,1.13,46.05,PayPal,Shipped,,,True
91163138,590618,2025-11-01,Home & Kitchen,Air Fryer,1,177.82,0.0,177.82,0.0,Standard,11.11,188.93,Debit Card,Delivered,6.0,,False
10637495,304794,2024-06-28,Clothing,Wool Sweater,1,101.54,0.0,101.54,0.0,Express,4.06,105.6,Credit Card,Delivered,4.0,3.0,False
24246798,896180,2024-12-09,Clothing,Running Shoes,5,32.13,10.0,144.59,0.0,Express,12.83,157.42,Credit Card,Delivered,1.0,,False
68283313,823563,2025-09-26,Sports & Outdoors,Camping Tent,2,236.08,10.0,424.94,0.0,Express,17.0,441.94,Debit Card,Delivered,1.0,,False
43857296,504017,2024-09-07,Grocery,Vitamin Supplements,1,26.84,0.0,26.84,12.99,Express,1.27,41.1,Credit Card,Delivered,6.0,,False
21248566,622930,2025-10-01,Home & Kitchen,Coffee Maker,2,125.87,10.0,226.57,0.0,Express,13.59,240.16,Debit Card,Delivered,3.0,,False
32925630,985037,2024-05-14,Grocery,Green Tea (Box),1,20.25,0.0,20.25,5.99,Standard,1.27,27.51,Debit Card,Delivered,7.0,,False
55190854,723573,2025-09-18,Home & Kitchen,Bed Sheets Set,5,229.36,25.0,860.1,0.0,Standard,70.96,931.06,Credit Card,Cancelled,,,False
55115980,919601,2025-03-03,Beauty,Face Serum,1,75.9,0.0,75.9,0.0,Standard,6.74,82.64,PayPal,Delivered,5.0,,False
29637512,602443,2025-11-13,Beauty,Shampoo & Conditioner Set,1,28.19,0.0,28.19,22.99,Next-Day,2.33,53.51,Credit Card,Delivered,3.0,,False
93274315,150555,2024-11-20,Clothing,Men's T-Shirt,1,58.63,0.0,58.63,22.99,Next-Day,3.37,84.99,Credit Card,Cancelled,,,False
58859414,180132,2025-12-10,Electronics,4K Monitor,4,386.51,0.0,1546.04,0.0,Next-Day,127.55,1673.59,PayPal,Returned,1.0,,False
54065366,409624,2025-08-29,Home & Kitchen,Vacuum Cleaner,1,200.43,0.0,200.43,0.0,Standard,12.03,212.46,Apple Pay,Delivered,5.0,4.0,False
78862776,865712,2025-08-03,Clothing,Socks (3-pack),1,148.64,0.0,148.64,0.0,Express,8.55,157.19,PayPal,Delivered,1.0,,False
98682178,959182,2024-12-03,Home & Kitchen,Table Lamp,3,102.84,0.0,308.52,0.0,Standard,19.28,327.8,Debit Card,Delivered,5.0,4.0,False
66480426,638387,2024-05-06,Home & Kitchen,Coffee Maker,4,106.09,0.0,424.36,0.0,Standard,23.76,448.12,Credit Card,Delivered,5.0,4.0,False
25441399,217105,2024-10-31,Electronics,Bluetooth Speaker,1,228.38,25.0,171.28,0.0,Next-Day,9.85,181.13,PayPal,Delivered,1.0,3.0,False
51818882,674253,2024-12-30,Beauty,Hair Dryer,1,115.34,0.0,115.34,0.0,Standard,6.46,121.8,Apple Pay,Delivered,5.0,,False
36160400,510893,2025-02-07,Clothing,Socks (3-pack),5,65.76,5.0,312.36,0.0,Standard,25.77,338.13,PayPal,Delivered,4.0,4.0,False
79145883,657736,2025-01-22,Sports & Outdoors,Fishing Rod,3,257.29,0.0,771.87,0.0,Standard,46.31,818.18,Credit Card,Delivered,6.0,2.0,False
73148960,960168,2025-08-20,Beauty,Moisturizer,1,60.75,15.0,51.64,5.99,Standard,2.89,60.52,Debit Card,Delivered,6.0,,False
56895800,532741,2025-09-27,Clothing,Hoodie,3,78.74,0.0,236.22,0.0,Standard,6.85,243.07,Credit Card,Delivered,6.0,,False
88853908,218381,2025-05-29,Grocery,Protein Powder,1,47.64,0.0,47.64,12.99,Express,2.98,63.61,Debit Card,Delivered,3.0,,False
70140070,798036,2024-05-09,Home & Kitchen,Cutlery Set,1,270.94,0.0,270.94,0.0,Express,15.58,286.52,Credit Card,Delivered,4.0,4.0,False
95848601,703269,2024-03-03,Home & Kitchen,Blender,2,78.76,25.0,118.14,0.0,Standard,10.48,128.62,Credit Card,Delivered,6.0,2.0,False
77389961,234581,2024-10-15,Beauty,Sunscreen SPF50,2,95.36,5.0,181.18,0.0,Standard,10.87,192.05,Credit Card,Returned,5.0,,False
17197847,579703,2024-03-21,Toys,Building Block Set,1,65.47,0.0,65.47,22.99,Next-Day,3.93,92.39,Credit Card,Delivered,2.0,,True
99131523,515691,2024-02-03,Clothing,Socks (3-pack),2,56.99,0.0,113.98,0.0,Standard,6.84,120.82,Credit Card,Delivered,6.0,3.0,False
65056607,662879,2024-08-31,Beauty,Makeup Brush Set,4,74.74,0.0,298.96,0.0,Standard,18.68,317.64,Credit Card,Delivered,7.0,4.0,False
37941942,346238,2024-05-28,Clothing,Running Shoes,1,101.47,5.0,96.4,0.0,Express,8.56,104.96,PayPal,Returned,4.0,,False
27308094,504586,2025-02-13,Electronics,Portable Charger,1,363.49,0.0,363.49,0.0,Standard,23.63,387.12,Credit Card,Delivered,4.0,4.0,False
67371287,307101,2024-10-22,Clothing,Denim Jacket,1,106.59,0.0,106.59,0.0,Express,6.93,113.52,Credit Card,Delivered,2.0,,False
13112154,568666,2024-07-09,Electronics,Smartphone Case,1,182.84,0.0,182.84,0.0,Standard,7.31,190.15,Apple Pay,Shipped,,,False
47908128,751366,2024-09-26,Clothing,Women's Jeans,2,85.25,0.0,170.5,0.0,Express,15.13,185.63,Credit Card,Delivered,1.0,4.0,False
13429906,562945,2025-04-27,Home & Kitchen,Storage Bins,1,207.28,0.0,207.28,0.0,Standard,12.44,219.72,Credit Card,Delivered,6.0,3.0,False
28491678,778621,2025-01-05,Sports & Outdoors,Resistance Bands,3,352.8,0.0,1058.4,0.0,Standard,66.15,1124.55,PayPal,Processing,,,False
13658338,506511,2024-08-02,Sports & Outdoors,Dumbbell Set,1,85.46,0.0,85.46,0.0,Express,7.05,92.51,Debit Card,Delivered,2.0,4.0,True
39292225,965973,2025-11-26,Home & Kitchen,Storage Bins,4,67.12,0.0,268.48,0.0,,23.83,292.31,PayPal,Delivered,4.0,,False
36456707,266813,2024-09-29,Toys,Building Block Set,1,25.15,0.0,25.15,12.99,Express,1.19,39.33,Credit Card,Delivered,2.0,,False
37707593,528226,2025-12-09,Home & Kitchen,Vacuum Cleaner,1,109.48,0.0,109.48,0.0,Standard,6.84,116.32,Credit Card,Returned,8.0,,True
82110648,555576,2024-12-21,Beauty,Hair Dryer,1,74.54,0.0,74.54,5.99,Standard,4.66,85.19,PayPal,Delivered,4.0,,False
27340640,453806,2025-11-30,Books,Fiction Novel,2,10.1,5.0,19.19,5.99,Standard,1.25,26.43,Debit Card,Delivered,5.0,,False
23977664,642494,2025-11-15,Sports & Outdoors,Hiking Backpack,4,195.82,15.0,665.79,0.0,Standard,38.28,704.07,Debit Card,Delivered,9.0,4.0,False
97753484,466449,2025-07-23,Clothing,Yoga Leggings,3,91.39,,246.75,0.0,Standard,14.8,261.55,PayPal,Delivered,5.0,5.0,False
44564198,859423,2025-11-11,Clothing,Wool Sweater,3,88.0,10.0,237.6,0.0,Standard,14.26,251.86,PayPal,Delivered,7.0,4.0,False
13925995,394899,2025-07-31,Sports & Outdoors,Yoga Mat,1,144.4,0.0,144.4,0.0,Express,9.03,153.43,Debit Card,Delivered,5.0,4.0,False
88766439,320881,2025-11-26,Books,Science Textbook,3,40.46,,121.38,0.0,Standard,10.01,131.39,Credit Card,Delivered,6.0,4.0,False
33360759,662879,2025-12-08,Electronics,Bluetooth Speaker,1,155.4,20.0,124.32,0.0,Standard,7.77,132.09,Debit Card,Processing,,,True
53103298,562945,2024-08-18,Electronics,USB-C Hub,1,134.95,0.0,134.95,0.0,Standard,8.1,143.05,Apple Pay,Cancelled,,,True
82593088,369304,2025-06-01,Home & Kitchen,Bed Sheets Set,2,184.06,0.0,368.12,0.0,Express,30.37,398.49,Credit Card,Delivered,3.0,3.0,False
79326903,974651,2025-12-26,Home & Kitchen,Coffee Maker,1,168.07,0.0,168.07,0.0,Standard,9.66,177.73,Credit Card,Delivered,5.0,5.0,False
55631768,150447,2025-08-22,Sports & Outdoors,Jump Rope,3,31.72,0.0,95.16,0.0,Express,5.33,100.49,Debit Card,Delivered,1.0,,False
17397580,936730,2025-05-20,Home & Kitchen,Non-Stick Pan,1,90.06,25.0,67.55,5.99,Standard,3.78,77.32,Debit Card,Delivered,6.0,5.0,False
36560821,199805,2024-12-23,Sports & Outdoors,Camping Tent,1,175.07,0.0,175.07,0.0,Standard,10.07,185.14,Credit Card,Delivered,6.0,3.0,False
89260317,126909,2024-02-08,Sports & Outdoors,Yoga Mat,1,163.77,15.0,139.2,0.0,Standard,8.35,147.55,Debit Card,Delivered,7.0,,False
84544613,755168,2025-01-09,Home & Kitchen,Non-Stick Pan,2,99.1,0.0,198.2,0.0,Standard,12.39,210.59,Credit Card,Delivered,4.0,5.0,False
28687841,262277,2024-12-27,Grocery,Granola Bars (12-pack),3,37.33,20.0,89.59,0.0,Standard,5.82,95.41,PayPal,Delivered,6.0,,False
32049540,616728,2025-07-18,Sports & Outdoors,Camping Tent,5,309.43,0.0,1547.15,0.0,Express,44.87,1592.02,Apple Pay,Returned,1.0,,False
88521490,635222,2024-07-28,Clothing,Summer Dress,2,64.87,20.0,103.79,0.0,Standard,6.23,110.02,Credit Card,Returned,7.0,,False
45346276,958338,2025-11-09,Clothing,Summer Dress,1,115.37,10.0,103.83,0.0,Express,6.49,110.32,Apple Pay,Cancelled,,,False
68006195,723573,2025-09-19,Electronics,Smartphone Case,1,369.1,5.0,350.64,0.0,Standard,28.93,379.57,Debit Card,Delivered,5.0,,False
11984777,862525,2025-12-13,Sports & Outdoors,Camping Tent,1,64.37,15.0,54.71,5.99,Standard,3.28,63.98,Credit Card,Delivered,5.0,,False
73449429,499339,2025-03-02,Home & Kitchen,Coffee Maker,2,137.01,0.0,274.02,0.0,Standard,17.13,291.15,Debit Card,Delivered,5.0,,False
75062370,562945,2025-08-30,Home & Kitchen,Table Lamp,3,121.76,0.0,365.28,0.0,Standard,21.92,387.2,PayPal,Delivered,6.0,,False
46206679,867788,2025-06-22,Clothing,Men's T-Shirt,1,133.51,0.0,133.51,0.0,Express,3.87,137.38,Apple Pay,Delivered,4.0,,True
61663475,106146,2024-05-25,Electronics,Laptop Stand,1,291.77,0.0,291.77,0.0,Express,18.24,310.01,Apple Pay,Delivered,1.0,4.0,False
39898852,539820,2025-06-30,Books,Children's Picture Book,5,19.59,0.0,97.95,0.0,Standard,6.12,104.07,Credit Card,Delivered,7.0,3.0,False
13747350,968744,2025-11-04,Clothing,Men's T-Shirt,1,131.79,10.0,118.61,0.0,Standard,9.79,128.4,Debit Card,Delivered,6.0,,True
47819222,496913,2024-11-16,Clothing,Running Shoes,1,95.07,15.0,80.81,0.0,Standard,5.05,85.86,PayPal,Delivered,7.0,4.0,False
51344988,394360,2025-02-21,Clothing,Men's T-Shirt,1,55.64,0.0,55.64,5.99,Standard,4.59,66.22,Debit Card,Processing,,,False
61490601,388002,2024-01-13,Sports & Outdoors,Resistance Bands,2,321.4,0.0,642.8,0.0,Express,36.0,678.8,PayPal,Delivered,2.0,5.0,False
16429528,449192,2024-11-06,Electronics,Laptop Stand,1,253.25,0.0,253.25,0.0,Standard,22.48,275.73,Credit Card,Processing,,,False
14753692,910932,2025-07-01,Sports & Outdoors,Fishing Rod,1,89.73,10.0,80.76,0.0,Express,5.05,85.81,PayPal,Shipped,,,False
39467158,700634,2025-01-30,Home & Kitchen,Vacuum Cleaner,1,259.34,0.0,259.34,0.0,Standard,16.86,276.2,Debit Card,Delivered,6.0,5.0,False
96355415,627699,2025-12-15,Clothing,Hoodie,1,109.5,0.0,109.5,0.0,Standard,6.13,115.63,Apple Pay,Returned,5.0,,False
21817614,120400,2025-12-29,Grocery,Pasta & Sauce Bundle,1,14.83,0.0,14.83,5.99,Standard,0.89,21.71,PayPal,Shipped,,,False
42736943,814682,2024-11-23,Beauty,Face Serum,3,57.25,5.0,163.16,0.0,Standard,10.2,173.36,Credit Card,Cancelled,,,False
65405032,635222,2024-11-16,Beauty,Moisturizer,3,42.24,0.0,126.72,0.0,Standard,7.6,134.32,Credit Card,Shipped,,,False
43179755,389060,2025-12-29,Electronics,4K Monitor,3,398.35,0.0,1195.05,0.0,Standard,74.69,1269.74,Credit Card,Processing,,,False
71865513,218381,2025-01-30,Toys,Remote Control Car,4,37.44,10.0,134.78,0.0,Standard,8.42,143.2,Debit Card,Delivered,7.0,4.0,False
52727050,575340,2025-02-05,Electronics,USB-C Hub,1,278.51,0.0,278.51,0.0,Standard,16.71,295.22,Credit Card,Delivered,6.0,,False
85559645,515674,2024-10-26,Home & Kitchen,Air Fryer,1,29.62,0.0,29.62,5.99,Standard,1.85,37.46,Credit Card,Delivered,5.0,4.0,False
16595100,777395,2024-09-27,Toys,Plush Toy,1,53.86,20.0,43.09,12.99,Express,2.8,58.88,Apple Pay,Delivered,2.0,,False
55336452,233544,2025-06-03,Electronics,Laptop Stand,2,358.9,0.0,717.8,0.0,Express,63.7,781.5,Debit Card,Delivered,4.0,4.0,True
53711173,262277,2025-02-23,Toys,Board Game,1,39.74,5.0,37.75,12.99,Express,2.45,53.19,PayPal,Cancelled,,,False
32176830,223771,2024-10-23,Clothing,Yoga Leggings,1,118.54,0.0,118.54,0.0,Standard,7.41,125.95,PayPal,Delivered,5.0,5.0,False
70321928,262277,2025-11-20,Sports & Outdoors,Hiking Backpack,1,96.68,0.0,96.68,0.0,Standard,6.28,102.96,Gift Card,Delivered,7.0,,False
52530187,657736,2025-04-05,Electronics,Smartwatch,3,132.39,0.0,397.17,0.0,Standard,23.83,421.0,Credit Card,Delivered,6.0,3.0,False
43023893,176521,2024-08-05,Sports & Outdoors,Golf Balls (12-pack),1,197.14,0.0,197.14,0.0,Express,12.81,209.95,PayPal,Delivered,2.0,,False
46640163,816376,2024-02-17,Sports & Outdoors,Hiking Backpack,2,351.19,0.0,702.38,0.0,Standard,20.37,722.75,Credit Card,Shipped,,,False
76133261,760624,2025-07-18,Clothing,Yoga Leggings,2,72.73,0.0,145.46,0.0,Standard,6.91,152.37,Credit Card,Cancelled,,,False
62058808,898189,2025-12-27,Home & Kitchen,Cutlery Set,2,65.7,0.0,131.4,0.0,Standard,8.21,139.61,Credit Card,Processing,,,False
19143726,912391,2024-12-10,Home & Kitchen,Table Lamp,1,134.83,0.0,134.83,0.0,Next-Day,8.43,143.26,Debit Card,Delivered,1.0,4.0,False
90531597,204417,2024-10-16,Home & Kitchen,Table Lamp,3,127.53,5.0,363.46,0.0,Standard,23.62,387.08,PayPal,Shipped,,,False
40590723,301566,2025-08-27,Toys,Plush Toy,1,69.22,0.0,69.22,5.99,Standard,4.33,79.54,Apple Pay,Delivered,5.0,4.0,False
78580369,394899,2024-06-08,Clothing,Hoodie,1,122.02,0.0,122.02,0.0,Standard,7.63,129.65,Apple Pay,Delivered,7.0,4.0,False
48746968,409624,2025-05-21,Sports & Outdoors,Bicycle Helmet,1,169.41,0.0,169.41,0.0,Standard,10.16,179.57,Credit Card,Delivered,6.0,3.0,True
64086697,991288,2024-08-13,Toys,Board Game,2,26.56,0.0,53.12,5.99,Standard,2.52,61.63,Credit Card,Delivered,6.0,3.0,False
56057168,276268,2024-05-27,Sports & Outdoors,Hiking Backpack,3,123.23,0.0,369.69,0.0,Standard,30.5,400.19,PayPal,Delivered,7.0,,False
79927107,647640,2024-10-12,Home & Kitchen,Coffee Maker,1,139.93,0.0,139.93,0.0,Standard,8.75,148.68,Credit Card,Delivered,6.0,3.0,False
45690429,301622,2025-12-22,Clothing,Denim Jacket,3,73.37,20.0,176.09,0.0,Standard,10.57,186.66,Credit Card,Shipped,,,False
15066185,917055,2025-07-21,Electronics,Portable Charger,3,371.31,0.0,1113.93,0.0,Express,52.91,1166.84,Debit Card,Delivered,3.0,,False
25866510,756144,2024-09-10,Beauty,Lipstick,2,73.34,0.0,146.68,0.0,Express,8.21,154.89,PayPal,Delivered,2.0,4.0,False
71593941,115041,2025-12-29,Home & Kitchen,Storage Bins,1,137.37,0.0,137.37,0.0,Standard,8.59,145.96,PayPal,Shipped,,,False
13185027,169983,2025-09-11,Home & Kitchen,Blender,2,159.69,0.0,319.38,0.0,Standard,26.35,345.73,PayPal,Delivered,6.0,,True
33248282,509048,2025-12-21,Clothing,Yoga Leggings,1,86.16,10.0,77.54,0.0,Standard,6.4,83.94,Apple Pay,Delivered,6.0,,False
18698374,434764,2024-12-25,Home & Kitchen,Coffee Maker,1,105.9,0.0,105.9,0.0,Standard,9.4,115.3,Credit Card,Cancelled,,,False
97390117,309143,2025-07-31,Home & Kitchen,Coffee Maker,2,146.18,0.0,292.36,0.0,Standard,11.69,304.05,Credit Card,Delivered,4.0,,False
29361523,991288,2024-01-07,Toys,Plush Toy,3,31.09,0.0,93.27,0.0,Standard,4.43,97.7,Debit Card,Cancelled,,,False
79881133,710563,2025-03-16,Electronics,Laptop Stand,1,320.25,5.0,304.24,0.0,Express,19.78,324.02,Debit Card,Delivered,4.0,4.0,False
12230130,639715,2025-08-21,Clothing,Wool Sweater,3,43.5,5.0,123.97,0.0,Express,4.96,128.93,Credit Card,Shipped,,,False
23700386,225295,2025-07-14,Books,Poetry Collection,1,15.19,5.0,14.43,12.99,Express,0.87,28.29,PayPal,Delivered,3.0,3.0,False
43460961,343764,2025-08-31,Beauty,Body Lotion,1,37.11,0.0,37.11,12.99,Express,2.41,52.51,PayPal,Delivered,3.0,3.0,False
77528500,857288,2024-08-29,Home & Kitchen,Vacuum Cleaner,1,65.02,0.0,65.02,5.99,Standard,3.9,74.91,Gift Card,Delivered,2.0,3.0,False
67076477,363197,2025-11-02,Clothing,Winter Jacket,3,90.33,0.0,270.99,0.0,Standard,10.84,281.83,Debit Card,Delivered,6.0,3.0,False
30730626,131665,2024-12-23,Beauty,Hair Dryer,5,53.87,0.0,269.35,0.0,Express,16.83,286.18,Credit Card,Delivered,1.0,3.0,False
79125777,958338,2025-03-04,Electronics,USB-C Hub,5,304.33,0.0,1521.65,0.0,Standard,95.1,1616.75,Apple Pay,Shipped,,,False
34919224,415267,2024-11-27,Grocery,Pasta & Sauce Bundle,1,13.82,10.0,12.44,5.99,Standard,0.0,18.43,Credit Card,Shipped,,,False
14520455,977008,2024-12-11,Clothing,Men's T-Shirt,1,40.59,10.0,36.53,5.99,Standard,2.28,44.8,Gift Card,Shipped,,,False
60629895,150447,2024-05-05,Books,Science Textbook,3,14.16,0.0,42.48,12.99,Express,2.38,57.85,Credit Card,Delivered,2.0,4.0,False
34786074,156059,2024-12-04,Electronics,Portable Charger,1,179.79,0.0,179.79,0.0,Standard,0.0,179.79,PayPal,Delivered,5.0,3.0,False
51823056,233544,2024-08-29,Toys,Doll House,3,69.2,0.0,207.6,0.0,Standard,18.42,226.02,Gift Card,Delivered,5.0,,False
47241443,869221,2024-11-29,Toys,Remote Control Car,1,37.5,20.0,30.0,12.99,Express,1.95,44.94,Debit Card,Shipped,,,True
19570654,100667,2024-12-07,Electronics,Wireless Earbuds,2,228.56,0.0,457.12,0.0,Express,37.71,494.83,Gift Card,Delivered,4.0,3.0,False
41402170,869221,2024-12-27,Clothing,Women's Jeans,4,93.13,0.0,372.52,0.0,Standard,24.21,396.73,Credit Card,Delivered,8.0,3.0,False
34890156,874299,2025-11-14,Electronics,Smartwatch,1,331.38,0.0,331.38,0.0,Standard,19.05,350.43,Debit Card,Delivered,4.0,,False
45763705,884309,2025-08-21,Beauty,Makeup Brush Set,2,109.48,0.0,218.96,0.0,Express,10.4,229.36,PayPal,Delivered,3.0,2.0,False
23593878,381705,2025-03-14,Clothing,Hoodie,2,43.81,10.0,78.86,0.0,Express,6.51,85.37,Debit Card,Cancelled,,,False
50449021,451437,2024-02-03,Clothing,Winter Jacket,1,17.61,5.0,16.73,5.99,Standard,0.79,23.51,PayPal,Delivered,4.0,,False
18230498,862392,2024-11-01,Beauty,Moisturizer,1,12.77,0.0,12.77,5.99,Standard,0.77,19.53,Apple Pay,Delivered,4.0,4.0,False
83571997,553059,2024-03-16,Grocery,Olive Oil,5,38.01,0.0,190.05,0.0,Standard,5.51,195.56,Apple Pay,Returned,7.0,,False
77592129,150447,2025-09-11,Beauty,Body Lotion,1,43.92,20.0,35.14,5.99,Standard,1.97,43.1,Credit Card,Cancelled,,,False
78885902,181268,2025-01-14,Electronics,Gaming Mouse,1,261.68,0.0,261.68,0.0,Standard,16.36,278.04,PayPal,Delivered,6.0,4.0,False
46525927,126546,2024-10-15,Clothing,Men's T-Shirt,5,127.69,0.0,638.45,0.0,Standard,56.66,695.11,Credit Card,Delivered,5.0,,False
48708786,320881,2024-12-03,Clothing,Winter Jacket,1,95.98,5.0,91.18,0.0,Standard,7.52,98.7,Credit Card,Delivered,6.0,,False
96756281,393507,2025-05-28,Sports & Outdoors,Dumbbell Set,1,322.2,0.0,322.2,0.0,Standard,19.33,341.53,Apple Pay,Processing,,,False
95549330,865307,2025-07-03,Clothing,Running Shoes,1,68.01,,68.01,5.99,Standard,3.81,77.81,Apple Pay,Delivered,3.0,4.0,False
42038537,555322,2025-07-03,Home & Kitchen,Non-Stick Pan,1,117.16,0.0,117.16,0.0,Standard,0.0,117.16,Debit Card,Returned,4.0,,False
17318711,270886,2024-12-19,Electronics,USB-C Hub,1,61.83,15.0,52.56,12.99,Express,3.15,68.7,Debit Card,Delivered,2.0,,False
90728568,737360,2025-01-21,Electronics,Smartwatch,1,167.36,0.0,167.36,0.0,Express,14.85,182.21,Debit Card,Delivered,2.0,,False
62396818,713497,2024-08-27,Clothing,Socks (3-pack),1,68.05,15.0,57.84,5.99,Standard,4.77,68.6,Credit Card,Delivered,6.0,3.0,False
75813574,896180,2024-04-20,Electronics,Wireless Earbuds,3,363.29,0.0,1089.87,0.0,Express,96.73,1186.6,Credit Card,Delivered,1.0,,False
55201398,151519,2025-05-21,Clothing,Socks (3-pack),1,51.41,0.0,51.41,5.99,Standard,3.08,60.48,Credit Card,Delivered,5.0,,False
81407535,329091,2024-06-12,Home & Kitchen,Cutlery Set,1,91.5,15.0,77.77,0.0,Standard,3.11,80.88,PayPal,Delivered,7.0,3.0,False
24892161,660209,2025-03-03,Books,Poetry Collection,2,39.42,0.0,78.84,0.0,Standard,6.5,85.34,Credit Card,Delivered,7.0,2.0,False
17515903,101688,2024-01-08,Toys,Plush Toy,1,24.05,0.0,24.05,12.99,Express,0.96,38.0,Credit Card,Delivered,2.0,,False
95312911,926311,2025-05-04,Beauty,Makeup Brush Set,2,53.01,10.0,95.42,0.0,Standard,5.96,101.38,Debit Card,Delivered,5.0,4.0,True
33620567,660209,2024-06-17,Beauty,Hair Dryer,3,74.84,0.0,224.52,0.0,Express,18.52,243.04,Debit Card,Delivered,4.0,3.0,False
99761332,562945,2024-03-25,Clothing,Women's Jeans,3,40.26,0.0,120.78,0.0,Standard,7.25,128.03,Debit Card,Delivered,6.0,4.0,False
29374491,376515,2024-11-15,Beauty,Body Lotion,1,60.52,5.0,57.49,5.99,Standard,3.45,66.93,PayPal,Delivered,5.0,4.0,False
12581948,562945,2025-10-13,Clothing,Winter Jacket,1,59.18,0.0,59.18,5.99,Standard,3.55,68.72,Credit Card,Shipped,,,False
92750604,150447,2024-11-12,Clothing,Hoodie,2,44.08,,70.53,5.99,Standard,3.95,80.47,PayPal,Returned,5.0,,False
46008858,505710,2024-12-21,Electronics,USB-C Hub,1,43.9,0.0,43.9,5.99,Standard,2.63,52.52,Debit Card,Delivered,5.0,3.0,False
47952220,304408,2024-12-08,Toys,Doll House,1,30.03,,30.03,5.99,Standard,2.48,38.5,Credit Card,Shipped,,,False
83791109,702347,2025-11-25,Grocery,Granola Bars (12-pack),4,23.46,5.0,89.15,0.0,Standard,2.59,91.74,PayPal,Delivered,6.0,4.0,False
73283957,108184,2024-12-19,Toys,Remote Control Car,1,26.86,0.0,26.86,5.99,Standard,1.07,33.92,Gift Card,Delivered,6.0,4.0,False
81674924,150447,2025-07-08,Beauty,Perfume,1,120.88,20.0,96.7,0.0,Standard,5.42,102.12,Debit Card,Delivered,7.0,,False
89854431,997877,2024-06-23,Home & Kitchen,Coffee Maker,1,96.45,0.0,96.45,0.0,Express,6.27,102.72,Apple Pay,Cancelled,,,False
86436409,544683,2024-12-09,Electronics,Wireless Earbuds,2,332.86,25.0,499.29,0.0,Standard,41.19,540.48,Debit Card,Delivered,6.0,,False
60934469,153940,2024-05-05,Clothing,Winter Jacket,3,81.05,0.0,243.15,0.0,Standard,11.55,254.7,Credit Card,Shipped,,,False
98557443,151519,2025-08-29,Electronics,Gaming Mouse,2,160.47,0.0,320.94,0.0,Express,19.26,340.2,Credit Card,Delivered,2.0,,False
66225986,713497,2025-01-04,Home & Kitchen,Storage Bins,1,237.61,0.0,237.61,0.0,Standard,19.6,257.21,Credit Card,Delivered,5.0,4.0,False
26348499,371877,2025-11-24,Sports & Outdoors,Hiking Backpack,4,185.83,5.0,706.15,0.0,Standard,62.67,768.82,Debit Card,Delivered,5.0,4.0,False
56291807,360610,2024-09-27,Clothing,Hoodie,5,61.86,0.0,309.3,0.0,Standard,8.97,318.27,PayPal,Delivered,3.0,,False
81705719,606263,2025-06-14,Electronics,Bluetooth Speaker,1,229.66,0.0,229.66,0.0,Standard,14.35,244.01,Credit Card,Returned,7.0,,False
86958003,681219,2024-11-19,Clothing,Wool Sweater,1,25.04,0.0,25.04,5.99,Standard,0.0,31.03,Debit Card,Delivered,5.0,4.0,False
60146230,286486,2024-11-16,Electronics,Laptop Stand,1,336.5,0.0,336.5,0.0,Standard,21.87,358.37,Credit Card,Delivered,6.0,5.0,False
55254123,599038,2024-09-26,Clothing,Summer Dress,1,58.64,0.0,58.64,5.99,Standard,3.52,68.15,Credit Card,Delivered,5.0,2.0,False
31498880,142347,2024-12-13,Sports & Outdoors,Water Bottle,4,209.46,25.0,628.38,0.0,Standard,51.84,680.22,Credit Card,Delivered,7.0,,False
95086289,385089,2025-12-14,Grocery,Green Tea (Box),2,23.08,10.0,41.54,5.99,Standard,3.43,50.96,Credit Card,Shipped,,,False
67485019,161769,2025-06-24,Books,Poetry Collection,3,36.52,0.0,109.56,0.0,Standard,6.57,116.13,Credit Card,Delivered,5.0,,False
23261969,247820,2025-03-26,Beauty,Perfume,2,138.82,0.0,277.64,0.0,Standard,13.19,290.83,Credit Card,Delivered,5.0,4.0,False
77691333,360610,2025-11-03,Electronics,Bluetooth Speaker,1,206.92,0.0,206.92,0.0,,6.0,212.92,Gift Card,Delivered,1.0,,False
63340810,665342,2024-07-25,Toys,Action Figure,1,26.68,0.0,26.68,5.99,Standard,1.27,33.94,Apple Pay,Delivered,5.0,,False
33262041,262277,2024-11-08,Sports & Outdoors,Dumbbell Set,5,160.46,10.0,722.07,0.0,Standard,46.93,769.0,Apple Pay,Shipped,,,False
93287011,435649,2025-09-29,Home & Kitchen,Table Lamp,1,113.73,5.0,108.04,0.0,Standard,6.75,114.79,Credit Card,Delivered,4.0,,False
79896942,910706,2025-04-21,Electronics,Smartphone Case,1,249.38,0.0,249.38,0.0,Next-Day,14.96,264.34,Debit Card,Delivered,1.0,,False
26832020,933473,2025-09-02,Clothing,Summer Dress,1,33.5,0.0,33.5,22.99,Next-Day,2.09,58.58,Credit Card,Delivered,1.0,3.0,False
21629311,660209,2024-03-22,Clothing,Women's Jeans,1,17.44,0.0,17.44,22.99,Next-Day,1.44,41.87,Credit Card,Shipped,,,False
94623335,961935,2024-02-22,Home & Kitchen,Non-Stick Pan,3,189.28,0.0,567.84,0.0,Standard,34.07,601.91,Debit Card,Processing,,,False
81405863,150447,2025-01-05,Toys,Plush Toy,1,63.74,,63.74,12.99,Express,3.57,80.3,PayPal,Delivered,1.0,,False
25493904,415267,2024-08-03,Books,Cookbook,3,19.0,0.0,57.0,12.99,Express,0.0,69.99,Credit Card,Delivered,1.0,,False
99644544,289311,2025-08-26,Home & Kitchen,Storage Bins,2,58.37,0.0,116.74,0.0,Standard,0.0,116.74,Credit Card,Shipped,,,True
56251128,309098,2024-08-11,Home & Kitchen,Storage Bins,2,56.75,0.0,113.5,0.0,Standard,9.36,122.86,Debit Card,Delivered,6.0,3.0,False
17444524,531846,2024-11-27,Clothing,Wool Sweater,3,49.21,0.0,147.63,0.0,Standard,9.23,156.86,Debit Card,Delivered,7.0,3.0,False
74536653,751366,2025-08-26,Beauty,Face Serum,4,69.42,25.0,208.26,0.0,Express,18.48,226.74,Credit Card,Returned,2.0,,False
85607097,777395,2025-10-21,Toys,Action Figure,5,48.66,0.0,243.3,0.0,Standard,15.81,259.11,PayPal,Shipped,,,False
90329613,363227,2025-02-20,Electronics,Smartphone Case,1,42.73,0.0,42.73,5.99,Standard,2.03,50.75,Credit Card,Delivered,6.0,,False
67705352,816376,2025-05-24,Clothing,Yoga Leggings,1,110.4,0.0,110.4,0.0,Express,3.2,113.6,Apple Pay,Delivered,1.0,3.0,False
19716984,262277,2025-04-01,Electronics,Noise Cancelling Headphones,5,170.91,,854.55,0.0,Standard,55.55,910.1,Credit Card,Delivered,4.0,,False
72622271,531607,2025-12-06,Clothing,Running Shoes,1,74.06,0.0,74.06,5.99,Standard,2.96,83.01,PayPal,Delivered,4.0,3.0,False
76449504,635222,2024-03-19,Electronics,Bluetooth Speaker,1,152.55,15.0,129.67,0.0,Standard,7.78,137.45,Credit Card,Delivered,5.0,4.0,False
41893926,665978,2024-11-24,Electronics,4K Monitor,1,119.64,10.0,107.68,0.0,Express,8.88,116.56,Credit Card,Processing,,,False
25046976,568684,2025-08-23,Sports & Outdoors,Camping Tent,2,240.31,0.0,480.62,0.0,Standard,30.04,510.66,PayPal,Delivered,6.0,4.0,False
16023961,898189,2024-03-04,Clothing,Running Shoes,2,92.21,0.0,184.42,0.0,Standard,11.53,195.95,Credit Card,Delivered,5.0,4.0,False
32186943,654375,2025-09-13,Clothing,Summer Dress,1,60.35,0.0,60.35,5.99,Standard,3.77,70.11,Credit Card,Shipped,,,False
15339738,582951,2025-10-11,Home & Kitchen,Air Fryer,1,273.15,20.0,218.52,0.0,Standard,13.11,231.63,Debit Card,Delivered,4.0,,False
92138068,642667,2024-12-01,Beauty,Makeup Brush Set,2,31.3,0.0,62.6,5.99,Standard,3.76,72.35,PayPal,Delivered,5.0,3.0,False
22563587,936730,2025-05-04,Grocery,Granola Bars (12-pack),1,46.01,0.0,46.01,5.99,Standard,2.58,54.58,Debit Card,Delivered,5.0,4.0,False
27032455,592307,2024-12-16,Toys,Art & Craft Kit,1,36.53,5.0,34.7,5.99,Standard,2.86,43.55,PayPal,Cancelled,,,True
34837635,355438,2025-05-28,Electronics,Noise Cancelling Headphones,1,143.21,0.0,143.21,0.0,Standard,8.59,151.8,Credit Card,Delivered,5.0,4.0,False
12591799,678035,2025-02-19,Grocery,Olive Oil,2,25.8,0.0,51.6,5.99,Standard,3.23,60.82,Credit Card,Delivered,7.0,,False
89996916,579703,2025-12-04,Clothing,Socks (3-pack),1,50.55,0.0,50.55,5.99,Standard,3.03,59.57,Apple Pay,Delivered,4.0,,False
40529292,409624,2025-12-27,Electronics,Bluetooth Speaker,2,224.17,0.0,448.34,0.0,Standard,26.9,475.24,Credit Card,Processing,,,False
73613632,310181,2025-04-20,Sports & Outdoors,Dumbbell Set,1,125.82,0.0,125.82,0.0,Express,7.23,133.05,Debit Card,Delivered,3.0,,False
59735770,968744,2024-11-10,Electronics,Laptop Stand,1,263.59,0.0,263.59,0.0,Standard,21.75,285.34,Debit Card,Delivered,5.0,3.0,False
80618196,531428,2025-05-05,Electronics,Smartwatch,3,65.53,0.0,196.59,0.0,Standard,12.29,208.88,PayPal,Delivered,8.0,,False
39806745,622930,2025-02-12,Toys,Art & Craft Kit,1,12.61,0.0,12.61,5.99,Standard,0.76,19.36,Debit Card,Delivered,4.0,,False
44741332,562945,2024-01-12,Clothing,Hoodie,1,86.62,0.0,86.62,0.0,Express,5.2,91.82,Credit Card,Cancelled,,,False
23270100,936730,2025-12-26,Home & Kitchen,Vacuum Cleaner,1,209.71,0.0,209.71,0.0,Express,11.74,221.45,PayPal,Shipped,,,False
76575710,915204,2024-07-03,Clothing,Denim Jacket,1,118.81,15.0,100.99,0.0,Express,8.33,109.32,Credit Card,Delivered,4.0,3.0,False
31909959,424543,2024-07-04,Home & Kitchen,Throw Pillow,1,156.86,0.0,156.86,0.0,Standard,7.45,164.31,Debit Card,Delivered,5.0,,False
80542610,710563,2024-09-10,Beauty,Shampoo & Conditioner Set,1,55.56,0.0,55.56,5.99,Standard,3.61,65.16,Gift Card,Returned,3.0,,False
13076855,839134,2024-08-20,Sports & Outdoors,Camping Tent,2,259.03,0.0,518.06,0.0,Standard,29.79,547.85,PayPal,Processing,,,False
75458519,361096,2025-12-08,Home & Kitchen,Non-Stick Pan,2,45.89,30.0,64.25,5.99,Standard,3.85,74.09,Debit Card,Delivered,6.0,4.0,False
92335147,416452,2025-12-29,Sports & Outdoors,Dumbbell Set,1,105.69,5.0,100.41,0.0,Standard,6.02,106.43,Credit Card,Cancelled,,,False
94958686,663869,2024-09-29,Toys,Art & Craft Kit,1,71.16,0.0,71.16,5.99,Standard,5.87,83.02,Debit Card,Delivered,7.0,,False
39343383,798036,2025-08-08,Clothing,Summer Dress,1,45.73,0.0,45.73,12.99,Express,2.63,61.35,PayPal,Delivered,1.0,2.0,False
59125377,570417,2025-11-08,Toys,Plush Toy,2,66.15,15.0,112.46,0.0,Standard,7.03,119.49,Credit Card,Delivered,6.0,,True
40096504,910706,2025-09-02,Toys,Action Figure,1,48.18,0.0,48.18,12.99,Express,2.89,64.06,Credit Card,Delivered,2.0,3.0,False
11010340,753872,2024-07-29,Clothing,Hoodie,1,176.2,5.0,167.39,0.0,Standard,10.88,178.27,Apple Pay,Cancelled,,,False
49191650,409228,2025-12-26,Clothing,Socks (3-pack),2,31.05,0.0,62.1,5.99,Standard,2.48,70.57,PayPal,Cancelled,,,False
75888320,773663,2024-04-15,Electronics,Smartphone Case,1,177.7,30.0,124.39,0.0,,4.98,129.37,PayPal,Delivered,6.0,4.0,False
12173854,874299,2024-12-14,Books,Self-Help Book,1,10.44,5.0,9.92,5.99,Standard,0.57,16.48,Credit Card,Cancelled,,,False
30449457,690831,2024-12-04,Sports & Outdoors,Hiking Backpack,5,193.01,0.0,965.05,0.0,Express,57.9,1022.95,Credit Card,Delivered,5.0,,False
57311505,882939,2025-05-27,Toys,Building Block Set,1,32.11,0.0,32.11,12.99,Express,1.85,46.95,Credit Card,Delivered,2.0,3.0,False
13155568,360610,2025-03-16,Beauty,Shampoo & Conditioner Set,1,90.83,5.0,86.29,0.0,Standard,2.5,88.79,Credit Card,Delivered,5.0,4.0,False
44768326,262277,2024-01-27,Books,Self-Help Book,1,19.74,15.0,16.78,5.99,Standard,1.09,23.86,Credit Card,Delivered,5.0,3.0,False
74937251,991288,2024-05-06,Electronics,Laptop Stand,1,245.14,0.0,245.14,0.0,Next-Day,11.64,256.78,PayPal,Delivered,1.0,,False
25421806,385089,2025-05-02,Beauty,Lipstick,1,92.71,0.0,92.71,0.0,Standard,7.65,100.36,Credit Card,Returned,5.0,,False
12355864,359108,2025-12-14,Sports & Outdoors,Camping Tent,1,146.06,0.0,146.06,0.0,Standard,9.13,155.19,PayPal,Delivered,6.0,3.0,False
48786552,918605,2024-03-05,Books,Science Textbook,3,16.71,0.0,50.13,5.99,Standard,3.13,59.25,Credit Card,Shipped,,,False
85615907,253760,2024-06-10,Clothing,Running Shoes,2,78.22,0.0,156.44,0.0,Standard,9.78,166.22,Credit Card,Delivered,6.0,5.0,False
82469894,803050,2024-01-01,Toys,Plush Toy,4,40.91,0.0,163.64,0.0,Express,9.41,173.05,Debit Card,Delivered,3.0,4.0,False
23950755,957476,2025-08-06,Home & Kitchen,Storage Bins,1,98.11,0.0,98.11,0.0,Express,6.13,104.24,PayPal,Processing,,,False
74333658,409228,2024-08-12,Beauty,Face Serum,2,32.11,10.0,57.8,12.99,Express,2.31,73.1,Apple Pay,Delivered,2.0,5.0,True
22600223,833249,2024-08-29,Sports & Outdoors,Dumbbell Set,3,108.29,0.0,324.87,0.0,Standard,18.68,343.55,Credit Card,Delivered,6.0,3.0,False
44077798,210779,2024-07-27,Clothing,Wool Sweater,1,132.68,0.0,132.68,0.0,Standard,10.95,143.63,Debit Card,Delivered,5.0,,False
65803201,945168,2025-06-03,Electronics,4K Monitor,1,380.72,0.0,380.72,0.0,Standard,23.8,404.52,Debit Card,Delivered,6.0,3.0,False
81488509,781546,2025-10-09,Clothing,Hoodie,1,136.74,10.0,123.07,0.0,Standard,10.92,133.99,Debit Card,Delivered,4.0,4.0,False
32315530,579703,2025-06-17,Clothing,Wool Sweater,1,108.4,0.0,108.4,0.0,Standard,6.5,114.9,Debit Card,Delivered,5.0,4.0,False
23342269,549361,2024-11-17,Electronics,Smartphone Case,1,139.55,0.0,139.55,0.0,Standard,8.37,147.92,Credit Card,Delivered,5.0,,False
28722083,562945,2025-12-25,Grocery,Green Tea (Box),2,18.4,0.0,36.8,5.99,Standard,2.21,45.0,Gift Card,Delivered,6.0,,False
40783292,932663,2025-03-29,Home & Kitchen,Throw Pillow,2,89.28,0.0,178.56,0.0,Standard,10.27,188.83,Credit Card,Delivered,3.0,5.0,False
24718389,918904,2024-08-17,Sports & Outdoors,Fishing Rod,2,95.88,0.0,191.76,0.0,Standard,7.67,199.43,Credit Card,Delivered,5.0,4.0,False
26861968,504586,2024-04-01,Electronics,Bluetooth Speaker,2,135.31,0.0,270.62,0.0,Express,17.59,288.21,Credit Card,Cancelled,,,False
97734219,602443,2025-11-19,Electronics,Noise Cancelling Headphones,1,268.36,0.0,268.36,0.0,,22.14,290.5,Debit Card,Delivered,6.0,,False
66160338,726144,2024-03-07,Electronics,Smartphone Case,1,212.21,0.0,212.21,0.0,Express,12.73,224.94,Credit Card,Delivered,2.0,,False
34198456,484415,2025-04-13,Toys,Action Figure,1,49.13,5.0,46.67,5.99,Standard,3.03,55.69,Credit Card,Delivered,5.0,4.0,False
38843087,656919,2024-02-08,Electronics,Smartphone Case,1,281.05,0.0,281.05,0.0,Standard,17.57,298.62,PayPal,Delivered,6.0,3.0,False
98303452,350668,2024-06-06,Clothing,Socks (3-pack),1,133.51,0.0,133.51,0.0,Standard,8.01,141.52,Apple Pay,Delivered,5.0,5.0,False
28962485,510893,2025-11-02,Sports & Outdoors,Jump Rope,1,239.97,0.0,239.97,0.0,Express,19.8,259.77,PayPal,Delivered,3.0,,False
53372588,267355,2024-01-18,Sports & Outdoors,Resistance Bands,3,123.17,0.0,369.51,0.0,Standard,30.48,399.99,Credit Card,Delivered,5.0,4.0,False
76929308,388002,2025-12-12,Sports & Outdoors,Jump Rope,3,218.45,0.0,655.35,0.0,Next-Day,36.7,692.05,Debit Card,Cancelled,,,False
54608132,700634,2025-09-04,Home & Kitchen,Air Fryer,1,35.71,0.0,35.71,5.99,Standard,2.32,44.02,PayPal,Delivered,8.0,,False
38159936,772288,2025-07-08,Clothing,Men's T-Shirt,1,82.54,0.0,82.54,0.0,Express,4.75,87.29,Credit Card,Delivered,2.0,,True
16948434,150447,2024-12-03,Toys,Board Game,1,67.15,0.0,67.15,5.99,Standard,3.76,76.9,Credit Card,Delivered,5.0,3.0,False
38147182,579703,2024-07-31,Clothing,Men's T-Shirt,1,72.06,0.0,72.06,22.99,Next-Day,4.32,99.37,PayPal,Delivered,1.0,3.0,False
43644658,332762,2024-11-02,Electronics,Portable Charger,1,109.67,5.0,104.19,0.0,Next-Day,6.25,110.44,Credit Card,Cancelled,,,False
59747175,901983,2024-03-07,Sports & Outdoors,Bicycle Helmet,5,154.57,0.0,772.85,0.0,Standard,48.3,821.15,Credit Card,Delivered,5.0,3.0,False
59609978,262277,2025-11-18,Electronics,4K Monitor,2,252.82,10.0,455.08,0.0,Standard,29.58,484.66,Credit Card,Delivered,6.0,5.0,False
87713706,779182,2025-02-07,Grocery,Vitamin Supplements,1,13.17,0.0,13.17,12.99,Express,0.63,26.79,Credit Card,Delivered,3.0,3.0,False
76510535,457298,2024-11-16,Electronics,Portable Charger,1,318.48,0.0,318.48,0.0,Standard,19.11,337.59,Debit Card,Delivered,6.0,4.0,False
59243509,223771,2024-12-24,Electronics,Wireless Earbuds,2,141.94,0.0,283.88,0.0,Standard,17.74,301.62,Credit Card,Delivered,6.0,4.0,False
81177433,167072,2025-11-04,Toys,Art & Craft Kit,1,29.3,0.0,29.3,5.99,Standard,2.6,37.89,Credit Card,Delivered,4.0,,False
80483097,848469,2025-11-01,Home & Kitchen,Storage Bins,1,308.45,25.0,231.34,0.0,Standard,20.53,251.87,Credit Card,Delivered,5.0,,False
89565631,991288,2024-03-28,Beauty,Face Serum,2,109.9,0.0,219.8,0.0,Standard,10.44,230.24,PayPal,Delivered,6.0,4.0,False
82165511,968744,2024-11-01,Electronics,Laptop Stand,1,137.69,20.0,110.15,0.0,Standard,9.09,119.24,Debit Card,Delivered,7.0,,False
83229345,178518,2025-12-02,Grocery,Pasta & Sauce Bundle,1,18.86,0.0,18.86,5.99,Standard,1.08,25.93,Credit Card,Delivered,7.0,,False
63831353,262277,2024-08-21,Grocery,Protein Powder,3,26.25,20.0,63.0,5.99,Standard,4.09,73.08,PayPal,Delivered,6.0,,False
58452081,327694,2024-12-19,Books,Mystery Thriller,3,30.63,5.0,87.3,0.0,Standard,4.15,91.45,Credit Card,Delivered,6.0,4.0,False
93468308,776024,2024-03-22,Books,Biography,2,20.19,0.0,40.38,5.99,Standard,3.33,49.7,Credit Card,Delivered,8.0,4.0,False
23830714,900550,2025-11-03,Clothing,Summer Dress,1,137.21,0.0,137.21,0.0,Standard,8.58,145.79,Gift Card,Delivered,7.0,,False
40708991,942532,2025-03-20,Beauty,Shampoo & Conditioner Set,1,82.55,0.0,82.55,0.0,Standard,5.16,87.71,Credit Card,Delivered,2.0,4.0,False
48953900,717805,2025-11-15,Toys,Building Block Set,3,57.75,5.0,164.59,0.0,Standard,9.22,173.81,Credit Card,Delivered,7.0,,False
61839202,847602,2025-06-23,Toys,Action Figure,1,28.24,0.0,28.24,5.99,Standard,0.0,34.23,Apple Pay,Returned,6.0,,False
55483952,693875,2024-07-14,Grocery,Pasta & Sauce Bundle,3,10.77,0.0,32.31,5.99,Standard,2.67,40.97,PayPal,Delivered,4.0,3.0,False
80482171,942532,2024-11-05,Grocery,Vitamin Supplements,1,40.86,30.0,28.6,5.99,Standard,1.79,36.38,Gift Card,Delivered,3.0,3.0,False
87850214,627699,2024-05-28,Home & Kitchen,Table Lamp,2,83.77,0.0,167.54,0.0,Standard,9.38,176.92,PayPal,Delivered,6.0,3.0,False
60597366,301091,2025-12-06,Sports & Outdoors,Golf Balls (12-pack),1,259.54,0.0,259.54,0.0,Express,0.0,259.54,Debit Card,Delivered,2.0,4.0,True
73581775,767655,2025-01-26,Grocery,Protein Powder,1,26.92,0.0,26.92,5.99,Standard,1.68,34.59,Apple Pay,Delivered,6.0,4.0,False
56139716,986803,2024-04-20,Clothing,Yoga Leggings,1,21.19,0.0,21.19,12.99,Express,1.88,36.06,Debit Card,Delivered,1.0,5.0,True
72160530,481010,2024-12-11,Electronics,Portable Charger,2,154.9,10.0,278.82,0.0,Standard,24.75,303.57,Apple Pay,Processing,,,False
82943561,653662,2025-07-10,Electronics,Smartphone Case,3,139.75,0.0,419.25,0.0,Standard,25.15,444.4,Gift Card,Processing,,,False
40221843,756144,2024-05-04,Home & Kitchen,Non-Stick Pan,1,54.32,0.0,54.32,5.99,Standard,3.04,63.35,Apple Pay,Returned,4.0,,False
81994642,262277,2024-12-13,Beauty,Makeup Brush Set,1,39.78,10.0,35.8,5.99,Standard,2.33,44.12,PayPal,Delivered,6.0,2.0,False
69316846,798441,2024-04-24,Home & Kitchen,Non-Stick Pan,1,159.82,0.0,159.82,0.0,Standard,4.63,164.45,Apple Pay,Delivered,6.0,4.0,False
30447720,936730,2025-12-13,Books,Mystery Thriller,1,26.46,0.0,26.46,12.99,Express,1.48,40.93,Debit Card,Delivered,3.0,,False
38069686,576412,2024-01-07,Home & Kitchen,Cutlery Set,2,156.08,0.0,312.16,0.0,Standard,18.73,330.89,Credit Card,Delivered,6.0,,False
28823942,369304,2024-11-30,Clothing,Yoga Leggings,1,93.85,5.0,89.16,0.0,Standard,7.36,96.52,Debit Card,Delivered,4.0,4.0,False
50104024,152017,2024-10-28,Toys,Board Game,5,78.15,0.0,390.75,0.0,Standard,25.4,416.15,Credit Card,Delivered,5.0,,False
19906256,620065,2024-11-12,Clothing,Yoga Leggings,1,42.28,0.0,42.28,5.99,Standard,2.54,50.81,Debit Card,Delivered,4.0,,False
20851902,582951,2025-12-11,Clothing,Running Shoes,3,104.54,0.0,313.62,0.0,Next-Day,18.82,332.44,Debit Card,Delivered,2.0,3.0,False
78154645,449192,2024-06-29,Clothing,Summer Dress,3,67.35,0.0,202.05,0.0,Standard,17.93,219.98,Debit Card,Shipped,,,False
79576220,994006,2025-06-13,Electronics,Bluetooth Speaker,1,184.14,0.0,184.14,0.0,Standard,0.0,184.14,Credit Card,Delivered,6.0,3.0,False
19332733,278362,2024-12-21,Electronics,Laptop Stand,2,177.97,5.0,338.14,0.0,Standard,20.29,358.43,Credit Card,Delivered,4.0,4.0,False
78309551,857288,2025-11-03,Toys,Art & Craft Kit,1,37.38,0.0,37.38,22.99,Next-Day,2.24,62.61,Credit Card,Shipped,,,False
96804724,901983,2025-05-28,Clothing,Running Shoes,1,29.67,0.0,29.67,5.99,Standard,1.85,37.51,Credit Card,Delivered,6.0,,False
77894894,665342,2025-05-08,Electronics,Smartphone Case,3,180.6,0.0,541.8,0.0,Standard,25.74,567.54,Credit Card,Delivered,6.0,5.0,False
46709886,150447,2025-06-21,Beauty,Shampoo & Conditioner Set,4,10.41,0.0,41.64,5.99,Standard,2.33,49.96,Debit Card,Delivered,7.0,3.0,False
38473009,424543,2024-02-12,Electronics,Wireless Earbuds,1,274.36,0.0,274.36,0.0,Standard,13.03,287.39,PayPal,Delivered,7.0,,False
75863892,176588,2025-12-11,Clothing,Wool Sweater,1,74.64,5.0,70.91,5.99,Standard,2.06,78.96,Credit Card,Processing,,,False
63258579,848510,2024-02-28,Electronics,Smartwatch,1,189.91,0.0,189.91,0.0,Express,7.6,197.51,PayPal,Delivered,3.0,,False
44312854,697476,2025-06-25,Beauty,Body Lotion,1,30.29,0.0,30.29,5.99,Standard,1.82,38.1,Debit Card,Delivered,6.0,,False
53166917,979391,2025-11-30,Books,Mystery Thriller,1,13.24,25.0,9.93,5.99,Standard,0.88,16.8,Credit Card,Returned,7.0,,False
79898253,620065,2025-06-05,Home & Kitchen,Bed Sheets Set,1,160.21,10.0,144.19,0.0,Standard,8.65,152.84,PayPal,Delivered,7.0,,False
15259847,523106,2025-02-25,Sports & Outdoors,Camping Tent,1,316.59,0.0,316.59,0.0,Standard,19.79,336.38,Credit Card,Delivered,6.0,,False
37800603,965973,2025-12-13,Electronics,USB-C Hub,1,128.32,0.0,128.32,0.0,Standard,11.39,139.71,PayPal,Cancelled,,,False
21834712,409624,2025-12-23,Clothing,Socks (3-pack),1,63.54,0.0,63.54,5.99,Standard,3.81,73.34,Debit Card,Shipped,,,False
39615776,440795,2025-11-02,Sports & Outdoors,Resistance Bands,2,33.02,0.0,66.04,5.99,Standard,4.13,76.16,Debit Card,Delivered,4.0,,False
35345595,779182,2024-05-26,Electronics,4K Monitor,1,83.23,15.0,70.75,5.99,Standard,3.36,80.1,Debit Card,Delivered,6.0,,False
34939328,244629,2024-12-13,Electronics,Smartphone Case,1,126.82,0.0,126.82,0.0,Standard,7.1,133.92,Credit Card,Processing,,,False
64851299,409624,2025-06-22,Electronics,Gaming Mouse,3,140.39,0.0,421.17,0.0,Standard,25.27,446.44,PayPal,Delivered,5.0,,False
79535878,439402,2024-08-23,Books,Poetry Collection,4,22.47,0.0,89.88,0.0,Standard,5.39,95.27,PayPal,Delivered,5.0,2.0,False
42117793,250854,2024-08-17,Beauty,Hair Dryer,2,41.04,0.0,82.08,0.0,Standard,5.13,87.21,PayPal,Delivered,6.0,,False
38584679,728511,2024-02-20,Clothing,Wool Sweater,3,80.1,0.0,240.3,0.0,Standard,9.61,249.91,Gift Card,Delivered,8.0,,False
88610531,457298,2024-01-30,Books,Poetry Collection,2,13.5,0.0,27.0,5.99,Standard,1.62,34.61,Credit Card,Delivered,5.0,,False
74156862,459569,2025-12-07,Toys,Building Block Set,2,51.62,10.0,92.92,0.0,Standard,8.25,101.17,Gift Card,Cancelled,,,False
75018095,647640,2025-12-19,Clothing,Women's Jeans,1,171.2,5.0,162.64,0.0,Standard,10.16,172.8,Credit Card,Delivered,5.0,,False
81331108,187821,2024-03-18,Sports & Outdoors,Hiking Backpack,4,292.45,0.0,1169.8,0.0,Standard,73.11,1242.91,Credit Card,Processing,,,False
80177636,698248,2024-04-15,Home & Kitchen,Storage Bins,3,198.54,0.0,595.62,0.0,Standard,37.23,632.85,Debit Card,Delivered,4.0,,False
14824876,262277,2025-01-25,Electronics,Gaming Mouse,1,351.47,0.0,351.47,0.0,Express,22.85,374.32,Apple Pay,Delivered,4.0,3.0,False
41158910,627699,2025-11-12,Electronics,4K Monitor,1,239.08,0.0,239.08,0.0,Standard,13.39,252.47,Debit Card,Cancelled,,,False
55252656,304849,2025-11-21,Toys,Puzzle (1000pc),2,61.2,5.0,116.28,0.0,Next-Day,10.32,126.6,Debit Card,Delivered,2.0,,False
83999206,209934,2025-11-24,Clothing,Socks (3-pack),2,57.48,0.0,114.96,0.0,Standard,6.61,121.57,Credit Card,Delivered,4.0,4.0,False
91705075,977008,2025-03-10,Electronics,USB-C Hub,2,57.27,0.0,114.54,0.0,Express,7.16,121.7,Credit Card,Delivered,4.0,,False
39435982,454854,2024-05-05,Electronics,Wireless Earbuds,1,313.99,0.0,313.99,0.0,Standard,25.9,339.89,Debit Card,Delivered,5.0,3.0,False
27533143,443269,2024-06-11,Beauty,Moisturizer,1,48.92,0.0,48.92,5.99,Standard,4.04,58.95,Debit Card,Delivered,7.0,4.0,False
89479065,436994,2024-09-14,Clothing,Wool Sweater,2,96.36,0.0,192.72,0.0,Next-Day,5.59,198.31,Credit Card,Delivered,1.0,5.0,False
63250144,225295,2025-11-17,Clothing,Summer Dress,1,59.24,0.0,59.24,5.99,Standard,3.55,68.78,Debit Card,Delivered,6.0,3.0,False
51627827,812713,2025-05-07,Clothing,Socks (3-pack),1,48.72,0.0,48.72,5.99,Standard,1.95,56.66,Gift Card,Delivered,6.0,2.0,False
31079102,751366,2024-06-03,Clothing,Summer Dress,1,27.72,0.0,27.72,5.99,Standard,2.46,36.17,Credit Card,Delivered,5.0,2.0,False
82184016,210779,2024-06-13,Electronics,Laptop Stand,3,190.36,0.0,571.08,0.0,Express,47.11,618.19,Debit Card,Returned,3.0,,False
74107153,669175,2024-08-05,Sports & Outdoors,Fishing Rod,5,209.63,0.0,1048.15,0.0,Standard,49.79,1097.94,Gift Card,Delivered,7.0,4.0,False
54592133,602443,2024-06-08,Home & Kitchen,Air Fryer,3,161.13,0.0,483.39,0.0,Express,39.88,523.27,Credit Card,Delivered,3.0,3.0,False
74828783,718191,2024-02-05,Books,Cookbook,2,33.23,10.0,59.81,5.99,Standard,4.93,70.73,Debit Card,Delivered,5.0,4.0,False
48243544,579703,2024-12-03,Clothing,Denim Jacket,1,77.44,0.0,77.44,0.0,Standard,4.65,82.09,PayPal,Cancelled,,,False
34547308,589266,2025-08-21,Clothing,Winter Jacket,1,82.72,0.0,82.72,0.0,Standard,7.34,90.06,Credit Card,Delivered,5.0,,False
60655603,933473,2025-10-22,Electronics,Laptop Stand,1,117.34,0.0,117.34,0.0,Standard,7.33,124.67,Apple Pay,Returned,7.0,,False
38534083,848469,2024-06-09,Clothing,Yoga Leggings,2,67.61,5.0,128.46,0.0,Standard,11.4,139.86,Debit Card,Returned,6.0,,False
19715118,188261,2024-12-14,Sports & Outdoors,Hiking Backpack,1,250.63,30.0,175.44,0.0,Express,9.82,185.26,Credit Card,Processing,,,False
67910777,955115,2024-06-01,Sports & Outdoors,Resistance Bands,1,115.22,0.0,115.22,0.0,Standard,9.51,124.73,Credit Card,Returned,4.0,,False
75931198,479622,2025-11-19,Beauty,Moisturizer,3,101.74,0.0,305.22,0.0,Standard,17.09,322.31,Credit Card,Cancelled,,,False
76871139,755714,2024-05-21,Books,Mystery Thriller,1,18.95,0.0,18.95,5.99,,1.68,26.62,Credit Card,Delivered,5.0,3.0,False
39881867,736679,2024-12-27,Electronics,Wireless Earbuds,4,354.93,5.0,1348.73,0.0,Express,53.95,1402.68,Debit Card,Delivered,3.0,4.0,False
44440439,542389,2025-08-19,Books,Children's Picture Book,2,23.68,15.0,40.26,5.99,Standard,3.32,49.57,PayPal,Returned,6.0,,False
34625996,756916,2024-01-20,Clothing,Yoga Leggings,1,87.08,0.0,87.08,0.0,Standard,5.22,92.3,Debit Card,Delivered,6.0,3.0,False
62292380,544582,2025-03-07,Clothing,Hoodie,1,137.4,0.0,137.4,0.0,Standard,11.34,148.74,Credit Card,Delivered,5.0,,False
10661161,211347,2025-04-15,Home & Kitchen,Blender,1,159.26,0.0,159.26,0.0,Express,9.95,169.21,Credit Card,Shipped,,,False
88657226,862525,2025-12-22,Sports & Outdoors,Dumbbell Set,1,101.48,0.0,101.48,0.0,Standard,6.09,107.57,Debit Card,Delivered,5.0,3.0,False
27784038,957642,2024-11-19,Electronics,Smartwatch,1,137.65,5.0,130.77,0.0,Standard,8.17,138.94,Debit Card,Returned,7.0,,True
18976368,753438,2024-12-22,Electronics,Noise Cancelling Headphones,1,71.33,0.0,71.33,5.99,Standard,2.07,79.39,Credit Card,Delivered,5.0,1.0,False
99695996,233544,2024-12-21,Beauty,Hair Dryer,1,19.32,0.0,19.32,5.99,Standard,1.71,27.02,Debit Card,Delivered,5.0,4.0,False
40796609,262277,2025-12-07,Home & Kitchen,Storage Bins,1,58.66,0.0,58.66,12.99,Express,3.81,75.46,Debit Card,Cancelled,,,False
62887625,804664,2025-06-18,Home & Kitchen,Blender,1,143.56,0.0,143.56,0.0,Next-Day,12.74,156.3,Gift Card,Delivered,1.0,4.0,False
48111066,638021,2025-10-10,Beauty,Body Lotion,1,38.1,0.0,38.1,5.99,Standard,3.14,47.23,Credit Card,Delivered,6.0,,False
46642957,262641,2025-09-26,Clothing,Socks (3-pack),1,62.6,0.0,62.6,5.99,Standard,3.76,72.35,Debit Card,Delivered,4.0,,False
26228679,371877,2025-09-10,Electronics,Bluetooth Speaker,2,218.97,0.0,437.94,0.0,Express,38.87,476.81,Debit Card,Delivered,4.0,4.0,False
51959997,950421,2025-03-04,Beauty,Lipstick,2,32.92,5.0,62.55,12.99,Express,3.91,79.45,Credit Card,Delivered,2.0,4.0,False
83012064,773663,2025-12-13,Clothing,Women's Jeans,5,28.68,25.0,107.55,0.0,Next-Day,4.3,111.85,Apple Pay,Delivered,1.0,,False
81767073,113123,2024-03-23,Books,Mystery Thriller,2,17.76,0.0,35.52,12.99,Express,2.04,50.55,Credit Card,Delivered,4.0,,False
68872614,512461,2024-03-26,Sports & Outdoors,Resistance Bands,1,116.39,0.0,116.39,0.0,Standard,9.6,125.99,Debit Card,Delivered,5.0,4.0,False
99252973,760624,2025-06-12,Beauty,Makeup Brush Set,1,25.5,0.0,25.5,5.99,Standard,1.21,32.7,Credit Card,Returned,7.0,,False
92700428,149433,2025-03-27,Home & Kitchen,Storage Bins,2,182.78,0.0,365.56,0.0,Standard,10.6,376.16,Credit Card,Processing,,,False
65488764,279656,2025-12-13,Toys,Plush Toy,1,17.37,0.0,17.37,12.99,Express,1.09,31.45,Apple Pay,Delivered,2.0,5.0,False
70217800,521111,2025-10-08,Electronics,Smartphone Case,1,193.84,0.0,193.84,0.0,Express,11.63,205.47,PayPal,Delivered,4.0,3.0,False
99631586,842595,2025-12-25,Electronics,4K Monitor,1,170.73,10.0,153.66,0.0,Standard,9.6,163.26,Credit Card,Delivered,7.0,3.0,False
71335545,697476,2024-04-10,Clothing,Socks (3-pack),1,54.41,0.0,54.41,12.99,Express,3.26,70.66,Debit Card,Delivered,2.0,5.0,False
33816053,779182,2025-11-09,Clothing,Hoodie,1,52.61,0.0,52.61,5.99,Standard,2.5,61.1,PayPal,Shipped,,,False
74651608,825397,2025-12-03,Clothing,Denim Jacket,1,79.55,0.0,79.55,0.0,Standard,4.97,84.52,Debit Card,Returned,6.0,,False
12462655,584769,2024-01-30,Books,Fiction Novel,1,30.74,10.0,27.67,12.99,Express,1.73,42.39,Credit Card,Delivered,4.0,,False
17314649,968744,2025-05-22,Home & Kitchen,Air Fryer,5,118.34,0.0,591.7,0.0,Express,48.82,640.52,PayPal,Delivered,5.0,5.0,False
16244477,877973,2024-11-06,Home & Kitchen,Air Fryer,2,82.83,20.0,132.53,0.0,Standard,10.93,143.46,PayPal,Shipped,,,False
70775076,894429,2024-11-05,Books,Self-Help Book,1,27.54,10.0,24.79,5.99,Standard,2.05,32.83,Debit Card,Delivered,6.0,,True
59834840,760624,2025-07-17,Beauty,Makeup Brush Set,1,71.64,0.0,71.64,5.99,Standard,3.4,81.03,PayPal,Delivered,6.0,3.0,False
58737790,244629,2025-06-01,Electronics,Gaming Mouse,3,179.96,0.0,539.88,0.0,Standard,30.23,570.11,Apple Pay,Returned,7.0,,False
90646898,910789,2024-06-17,Electronics,Noise Cancelling Headphones,1,140.85,0.0,140.85,0.0,Next-Day,9.16,150.01,Credit Card,Shipped,,,False
34146843,199805,2025-07-18,Toys,Art & Craft Kit,3,29.66,0.0,88.98,0.0,Standard,5.12,94.1,Debit Card,Delivered,7.0,,False
65225648,867788,2025-07-08,Clothing,Winter Jacket,4,93.79,0.0,375.16,0.0,Standard,10.88,386.04,PayPal,Delivered,4.0,4.0,False
59967046,690831,2024-08-05,Clothing,Socks (3-pack),1,44.92,0.0,44.92,5.99,Standard,2.7,53.61,PayPal,Delivered,5.0,,False
23496451,556417,2024-12-10,Beauty,Nail Polish Set,1,99.45,0.0,99.45,0.0,Express,8.2,107.65,Debit Card,Delivered,3.0,4.0,False
79042659,263426,2025-11-09,Books,Self-Help Book,2,29.7,0.0,59.4,5.99,Standard,3.86,69.25,Debit Card,Delivered,5.0,,False
22099656,910706,2024-04-25,Beauty,Makeup Brush Set,3,31.24,0.0,93.72,0.0,Express,5.62,99.34,Gift Card,Delivered,2.0,4.0,True
22924364,620065,2024-01-23,Electronics,Portable Charger,1,229.45,0.0,229.45,0.0,Standard,13.77,243.22,Debit Card,Delivered,4.0,,False
20335460,993866,2025-06-20,Beauty,Makeup Brush Set,1,103.94,,103.94,0.0,Standard,6.24,110.18,Credit Card,Delivered,6.0,3.0,False
73784783,617763,2025-02-07,Toys,Action Figure,1,53.26,0.0,53.26,5.99,Standard,2.98,62.23,Credit Card,Delivered,5.0,,False
30540878,968744,2025-12-10,Books,Mystery Thriller,4,39.98,0.0,159.92,0.0,Express,13.19,173.11,Credit Card,Processing,,,False
66238000,983557,2025-08-01,Toys,Remote Control Car,2,37.39,20.0,59.82,5.99,Standard,3.59,69.4,Credit Card,Delivered,5.0,4.0,False
41792988,114618,2024-08-10,Clothing,Socks (3-pack),1,66.49,0.0,66.49,5.99,Standard,3.99,76.47,PayPal,Delivered,5.0,,False
45322028,968744,2025-11-03,Beauty,Makeup Brush Set,2,59.72,0.0,119.44,0.0,Standard,9.85,129.29,Credit Card,Delivered,5.0,4.0,False
68769000,262277,2024-10-15,Clothing,Hoodie,1,79.38,0.0,79.38,0.0,Standard,5.16,84.54,Credit Card,Returned,7.0,,False
12837045,958338,2024-09-24,Toys,Art & Craft Kit,3,44.34,0.0,133.02,0.0,Standard,8.31,141.33,PayPal,Delivered,4.0,4.0,True
79798563,562945,2024-08-03,Clothing,Socks (3-pack),5,83.12,0.0,415.6,0.0,Express,24.94,440.54,Credit Card,Delivered,2.0,2.0,False
87713701,562945,2024-08-25,Electronics,Laptop Stand,3,191.15,15.0,487.43,0.0,Next-Day,29.25,516.68,Credit Card,Delivered,1.0,,False
75842671,715861,2024-07-12,Beauty,Hair Dryer,1,55.4,0.0,55.4,12.99,Express,3.1,71.49,Credit Card,Delivered,2.0,1.0,False
66741384,506511,2024-10-30,Electronics,Wireless Earbuds,1,289.85,0.0,289.85,0.0,Standard,23.91,313.76,PayPal,Delivered,5.0,5.0,False
42830753,784246,2025-12-25,Beauty,Makeup Brush Set,2,84.11,0.0,168.22,0.0,Standard,9.67,177.89,Credit Card,Delivered,7.0,,False
98278724,355438,2024-11-04,Electronics,USB-C Hub,2,186.77,0.0,373.54,0.0,Next-Day,22.41,395.95,PayPal,Delivered,1.0,3.0,False
94009545,222246,2025-05-23,Beauty,Shampoo & Conditioner Set,4,93.72,0.0,374.88,0.0,Standard,22.49,397.37,PayPal,Delivered,8.0,,False
61684879,113123,2024-10-18,Grocery,Vitamin Supplements,1,8.15,0.0,8.15,5.99,Standard,0.47,14.61,Credit Card,Delivered,8.0,4.0,False
49865677,715861,2024-12-03,Electronics,Portable Charger,1,84.91,0.0,84.91,0.0,Standard,4.75,89.66,Debit Card,Delivered,6.0,4.0,False
27693333,539820,2025-04-24,Clothing,Wool Sweater,1,44.77,0.0,44.77,12.99,Express,2.8,60.56,Debit Card,Delivered,2.0,3.0,False
91158387,933473,2025-06-23,Books,Fiction Novel,2,32.7,0.0,65.4,12.99,Express,4.09,82.48,Debit Card,Delivered,3.0,,False
75767000,633917,2024-09-04,Grocery,Pasta & Sauce Bundle,1,24.23,0.0,24.23,12.99,Express,2.0,39.22,PayPal,Delivered,2.0,3.0,False
84356813,498067,2024-06-28,Clothing,Wool Sweater,1,84.42,15.0,71.76,5.99,Standard,4.49,82.24,PayPal,Returned,7.0,,False
58545660,589266,2024-12-19,Beauty,Body Lotion,2,42.08,20.0,67.33,5.99,Standard,5.98,79.3,PayPal,Returned,6.0,,False
74977863,262277,2024-08-10,Home & Kitchen,Throw Pillow,1,191.18,0.0,191.18,0.0,Express,12.43,203.61,Debit Card,Delivered,4.0,2.0,False
33257082,217105,2024-12-30,Beauty,Perfume,1,32.66,0.0,32.66,5.99,Standard,1.88,40.53,Debit Card,Delivered,6.0,,False
23610110,654523,2024-08-05,Electronics,Wireless Earbuds,5,297.38,0.0,1486.9,0.0,Standard,89.21,1576.11,Debit Card,Delivered,5.0,,False
98440083,409624,2025-12-31,Electronics,Portable Charger,2,247.71,0.0,495.42,0.0,Standard,29.73,525.15,Debit Card,Shipped,,,False
76083339,862392,2024-12-06,Sports & Outdoors,Golf Balls (12-pack),1,87.23,5.0,82.87,0.0,Next-Day,4.97,87.84,PayPal,Returned,2.0,,False
75739857,301091,2025-08-09,Beauty,Lipstick,1,30.54,10.0,27.49,12.99,Express,0.0,40.48,PayPal,Delivered,4.0,4.0,False
38019428,910706,2024-04-19,Clothing,Hoodie,1,47.55,0.0,47.55,5.99,Standard,2.85,56.39,Debit Card,Delivered,6.0,4.0,False
72151713,262277,2025-11-09,Electronics,Portable Charger,3,142.88,0.0,428.64,0.0,Express,27.86,456.5,Credit Card,Delivered,3.0,4.0,False
57405240,197599,2025-08-03,Home & Kitchen,Vacuum Cleaner,3,296.29,15.0,755.54,0.0,Standard,49.11,804.65,Credit Card,Delivered,3.0,,False
69884497,660209,2025-05-27,Electronics,Smartphone Case,1,138.58,5.0,131.65,0.0,Standard,10.86,142.51,PayPal,Delivered,6.0,4.0,False
40033554,512461,2025-10-28,Clothing,Running Shoes,1,67.37,0.0,67.37,22.99,Next-Day,5.56,95.92,Debit Card,Delivered,1.0,2.0,False
10843568,312414,2025-11-30,Beauty,Moisturizer,1,58.17,0.0,58.17,5.99,Standard,5.16,69.32,PayPal,Delivered,4.0,,False
31023132,350668,2025-10-20,Clothing,Socks (3-pack),3,54.77,0.0,164.31,0.0,Standard,9.86,174.17,Debit Card,Processing,,,False
83342436,700634,2025-10-17,Toys,Board Game,2,50.94,5.0,96.79,0.0,Standard,6.29,103.08,PayPal,Delivered,5.0,4.0,False
92821928,244629,2025-09-04,Toys,Puzzle (1000pc),4,24.58,0.0,98.32,0.0,Standard,5.51,103.83,Credit Card,Cancelled,,,False
22992718,695822,2024-02-04,Clothing,Men's T-Shirt,3,114.12,0.0,342.36,0.0,Express,20.54,362.9,Credit Card,Shipped,,,False
17138909,253940,2025-11-07,Electronics,Gaming Mouse,2,219.07,0.0,438.14,0.0,Standard,24.54,462.68,Credit Card,Delivered,5.0,4.0,False
19750917,445958,2024-07-02,Home & Kitchen,Non-Stick Pan,1,45.38,0.0,45.38,5.99,Standard,2.84,54.21,PayPal,Delivered,6.0,,False
56569393,150555,2025-12-08,Beauty,Sunscreen SPF50,1,118.17,5.0,112.26,0.0,Standard,6.45,118.71,Credit Card,Returned,7.0,,False
69861987,445958,2025-09-08,Clothing,Winter Jacket,1,109.67,5.0,104.19,0.0,Standard,6.51,110.7,Credit Card,Delivered,5.0,5.0,False
66248844,641870,2024-08-25,Electronics,Smartwatch,1,254.86,0.0,254.86,0.0,Standard,15.93,270.79,Credit Card,Cancelled,,,False
14721789,717635,2024-06-28,Electronics,4K Monitor,2,55.61,0.0,111.22,0.0,Express,6.67,117.89,Credit Card,Delivered,4.0,4.0,False
48986995,731612,2025-01-07,Clothing,Denim Jacket,1,44.8,0.0,44.8,12.99,Express,2.13,59.92,PayPal,Delivered,2.0,2.0,False
67194230,161769,2025-11-20,Books,Poetry Collection,1,27.24,0.0,27.24,5.99,Standard,1.63,34.86,Gift Card,Shipped,,,False
22524652,251833,2024-12-29,Home & Kitchen,Air Fryer,1,245.86,20.0,196.69,0.0,Standard,12.29,208.98,Credit Card,Delivered,7.0,,False
33407778,434982,2024-08-31,Home & Kitchen,Cutlery Set,3,189.95,0.0,569.85,0.0,Standard,47.01,616.86,Credit Card,Delivered,4.0,4.0,False
76189149,768390,2025-08-10,Toys,Puzzle (1000pc),2,31.27,15.0,53.16,5.99,Standard,2.98,62.13,Debit Card,Delivered,4.0,2.0,False
68317774,492774,2024-12-08,Home & Kitchen,Storage Bins,1,201.34,0.0,201.34,0.0,Standard,17.87,219.21,Debit Card,Delivered,4.0,,True
93833581,936730,2024-03-10,Electronics,USB-C Hub,2,342.73,15.0,582.64,0.0,Standard,32.63,615.27,Credit Card,Shipped,,,False
63528704,262277,2024-06-28,Home & Kitchen,Table Lamp,1,202.86,0.0,202.86,0.0,Standard,13.19,216.05,Credit Card,Delivered,4.0,,False
72019324,151519,2025-12-22,Beauty,Nail Polish Set,4,31.35,0.0,125.4,0.0,Express,7.52,132.92,PayPal,Shipped,,,False
64987985,884309,2025-12-20,Clothing,Denim Jacket,1,98.71,0.0,98.71,0.0,Standard,4.69,103.4,Credit Card,Delivered,4.0,4.0,False
24337220,152304,2025-11-24,Clothing,Yoga Leggings,2,49.08,20.0,78.53,0.0,Standard,4.91,83.44,Credit Card,Delivered,6.0,,True
93878403,310181,2025-12-09,Home & Kitchen,Cutlery Set,1,197.74,0.0,197.74,0.0,Next-Day,11.37,209.11,Debit Card,Delivered,1.0,,False
26907549,779182,2024-08-28,Beauty,Hair Dryer,2,47.35,10.0,85.23,0.0,Standard,4.05,89.28,Debit Card,Returned,6.0,,False
51685412,567801,2024-07-07,Clothing,Hoodie,1,110.14,20.0,88.11,0.0,Express,7.27,95.38,Credit Card,Shipped,,,False
59322803,416452,2024-01-16,Electronics,USB-C Hub,1,98.47,0.0,98.47,0.0,Standard,5.91,104.38,Credit Card,Delivered,6.0,3.0,False
89016992,215883,2024-02-13,Clothing,Hoodie,1,68.75,0.0,68.75,5.99,Standard,6.1,80.84,PayPal,Delivered,5.0,,False
56835043,804664,2025-12-13,Sports & Outdoors,Resistance Bands,2,123.79,0.0,247.58,0.0,Standard,21.97,269.55,Credit Card,Returned,8.0,,False
11287842,354993,2024-09-30,Books,Biography,5,26.76,0.0,133.8,0.0,Express,8.03,141.83,PayPal,Cancelled,,,False
70661974,225295,2024-12-05,Electronics,Portable Charger,1,152.75,0.0,152.75,0.0,Standard,9.16,161.91,Gift Card,Delivered,5.0,,False
75419854,549361,2025-01-02,Electronics,Gaming Mouse,1,217.5,0.0,217.5,0.0,Next-Day,13.05,230.55,Credit Card,Delivered,1.0,,False
49398956,743901,2025-05-21,Sports & Outdoors,Water Bottle,1,65.84,,65.84,5.99,Standard,4.12,75.95,Debit Card,Processing,,,False
78475184,991288,2024-08-12,Electronics,4K Monitor,5,192.85,0.0,964.25,0.0,Standard,45.8,1010.05,Apple Pay,Processing,,,False
35023334,921402,2024-01-29,Sports & Outdoors,Bicycle Helmet,2,194.58,0.0,389.16,0.0,Next-Day,15.57,404.73,Credit Card,Delivered,1.0,,False
64450873,674253,2024-10-20,Electronics,Noise Cancelling Headphones,1,190.89,0.0,190.89,0.0,Standard,10.69,201.58,Debit Card,Shipped,,,False
56965089,999714,2024-12-11,Home & Kitchen,Blender,1,202.61,0.0,202.61,0.0,Express,5.88,208.49,Debit Card,Delivered,2.0,,False
92963306,525940,2024-12-02,Beauty,Perfume,1,78.09,0.0,78.09,0.0,Express,4.37,82.46,Credit Card,Delivered,3.0,2.0,False
38718424,206781,2024-02-24,Electronics,Laptop Stand,1,212.57,0.0,212.57,0.0,Standard,11.9,224.47,Gift Card,Delivered,4.0,,False
25367998,235881,2024-03-28,Electronics,Laptop Stand,1,76.48,0.0,76.48,0.0,Express,4.78,81.26,Credit Card,Delivered,4.0,,False
31025831,579703,2024-08-21,Grocery,Protein Powder,1,58.74,0.0,58.74,5.99,Standard,3.52,68.25,Debit Card,Cancelled,,,False
69793489,267090,2025-06-15,Sports & Outdoors,Golf Balls (12-pack),2,190.95,0.0,381.9,0.0,Express,24.82,406.72,Apple Pay,Delivered,3.0,5.0,False
72748010,235881,2025-02-28,Electronics,USB-C Hub,2,214.8,0.0,429.6,0.0,Express,26.85,456.45,PayPal,Delivered,1.0,4.0,False
26175553,120841,2025-09-07,Toys,Art & Craft Kit,1,34.12,5.0,32.41,22.99,Next-Day,2.03,57.43,Debit Card,Shipped,,,False
17857748,563052,2024-06-13,Home & Kitchen,Non-Stick Pan,1,149.76,0.0,149.76,0.0,Express,8.39,158.15,Credit Card,Delivered,3.0,,False
20826632,957642,2025-11-07,Beauty,Nail Polish Set,1,121.9,15.0,103.62,0.0,Express,6.48,110.1,Debit Card,Delivered,3.0,4.0,False
56303181,772806,2025-04-11,Electronics,Laptop Stand,1,128.55,0.0,128.55,0.0,Next-Day,3.73,132.28,Credit Card,Delivered,1.0,4.0,False
85947915,187821,2024-11-09,Electronics,Laptop Stand,1,389.24,0.0,389.24,0.0,Standard,24.33,413.57,PayPal,Shipped,,,False
54283271,261815,2024-02-02,Clothing,Women's Jeans,1,121.07,0.0,121.07,0.0,Standard,7.57,128.64,PayPal,Delivered,9.0,3.0,False
53366665,430066,2025-01-17,Beauty,Body Lotion,1,40.39,0.0,40.39,5.99,Standard,2.32,48.7,Debit Card,Delivered,7.0,3.0,False
47608176,991288,2024-08-25,Books,Mystery Thriller,1,22.9,0.0,22.9,12.99,Express,1.09,36.98,Debit Card,Cancelled,,,False
13957462,490754,2024-09-11,Electronics,Smartwatch,2,281.27,0.0,562.54,0.0,Standard,31.5,594.04,PayPal,Delivered,6.0,,False
74816152,837141,2025-11-22,Toys,Plush Toy,1,40.95,5.0,38.9,12.99,Express,0.0,51.89,Credit Card,Delivered,2.0,2.0,False
19532084,602443,2024-04-18,Beauty,Lipstick,1,101.37,0.0,101.37,0.0,Standard,8.36,109.73,Credit Card,Delivered,7.0,,False
13842148,859253,2024-10-06,Electronics,Laptop Stand,3,218.26,0.0,654.78,0.0,Express,40.92,695.7,Credit Card,Cancelled,,,False
86758608,262277,2025-10-08,Electronics,Wireless Earbuds,1,147.8,0.0,147.8,0.0,Standard,9.61,157.41,Gift Card,Delivered,6.0,,False
53315780,717635,2025-03-29,Clothing,Wool Sweater,1,25.25,0.0,25.25,5.99,Standard,1.51,32.75,PayPal,Delivered,7.0,4.0,False
86247823,492493,2025-03-29,Toys,Board Game,1,10.62,15.0,9.03,12.99,Express,0.56,22.58,PayPal,Delivered,4.0,,False
87003911,921877,2024-02-15,Clothing,Yoga Leggings,1,31.66,0.0,31.66,12.99,Express,1.77,46.42,Credit Card,Delivered,1.0,3.0,False
99419311,991288,2025-06-20,Clothing,Summer Dress,3,103.76,0.0,311.28,0.0,Standard,14.79,326.07,Credit Card,Delivered,6.0,4.0,False
31462066,273042,2025-11-10,Electronics,Laptop Stand,2,79.49,0.0,158.98,0.0,Express,8.9,167.88,Debit Card,Delivered,2.0,1.0,False
76487085,991109,2025-12-10,Home & Kitchen,Table Lamp,1,129.91,0.0,129.91,0.0,Standard,8.44,138.35,Debit Card,Delivered,6.0,5.0,True
52552857,562945,2025-06-15,Clothing,Running Shoes,3,104.26,0.0,312.78,0.0,Next-Day,18.77,331.55,Debit Card,Delivered,1.0,,False
12864018,491813,2025-11-11,Toys,Puzzle (1000pc),1,39.14,0.0,39.14,5.99,Standard,3.23,48.36,Debit Card,Delivered,4.0,,False
38992943,145270,2024-10-22,Clothing,Hoodie,1,84.75,0.0,84.75,0.0,Standard,5.3,90.05,Credit Card,Delivered,7.0,5.0,False
50086681,320999,2025-09-28,Electronics,Laptop Stand,2,31.57,0.0,63.14,22.99,Next-Day,3.79,89.92,Apple Pay,Returned,1.0,,False
55207475,282580,2024-10-19,Home & Kitchen,Storage Bins,1,134.66,0.0,134.66,0.0,Standard,8.42,143.08,Apple Pay,Returned,6.0,,False
91378331,515674,2025-07-03,Home & Kitchen,Blender,1,96.43,0.0,96.43,0.0,Next-Day,6.03,102.46,PayPal,Delivered,1.0,2.0,False
64839533,357070,2025-11-03,Electronics,Smartphone Case,3,97.19,5.0,276.99,0.0,Standard,24.58,301.57,Credit Card,Delivered,6.0,4.0,False
44949771,957297,2024-12-15,Clothing,Women's Jeans,1,106.73,0.0,106.73,0.0,Standard,6.4,113.13,PayPal,Delivered,6.0,5.0,False
95484880,815544,2025-03-09,Clothing,Socks (3-pack),1,39.85,,39.85,5.99,Standard,2.59,48.43,Debit Card,Delivered,4.0,4.0,False
53911202,958338,2024-02-21,Clothing,Socks (3-pack),2,44.7,0.0,89.4,0.0,Standard,5.59,94.99,Credit Card,Returned,5.0,,False
31138159,304849,2024-05-17,Beauty,Perfume,2,106.66,0.0,213.32,0.0,Standard,18.93,232.25,Debit Card,Shipped,,,False
59216238,150447,2025-08-03,Electronics,4K Monitor,1,66.85,0.0,66.85,5.99,Standard,3.74,76.58,Debit Card,Delivered,6.0,3.0,False
48042975,515691,2025-09-24,Clothing,Men's T-Shirt,3,47.42,0.0,142.26,0.0,Standard,8.54,150.8,PayPal,Delivered,5.0,4.0,False
99723052,525664,2025-12-14,Home & Kitchen,Storage Bins,2,199.34,0.0,398.68,0.0,Standard,15.95,414.63,Credit Card,Delivered,5.0,,False
10986164,914509,2024-10-20,Grocery,Protein Powder,1,27.75,0.0,27.75,5.99,Standard,1.73,35.47,Debit Card,Cancelled,,,False
26031070,638021,2025-04-05,Clothing,Running Shoes,3,49.91,0.0,149.73,0.0,Standard,12.35,162.08,Debit Card,Delivered,5.0,4.0,False
44671290,957476,2025-03-15,Beauty,Moisturizer,4,39.67,25.0,119.01,0.0,Standard,7.44,126.45,Credit Card,Delivered,5.0,,False
72749895,150447,2025-09-27,Electronics,Bluetooth Speaker,1,137.46,0.0,137.46,0.0,Standard,7.7,145.16,Credit Card,Delivered,6.0,,False
37509371,804664,2025-11-25,Books,Mystery Thriller,1,13.45,0.0,13.45,5.99,Standard,1.19,20.63,PayPal,Delivered,6.0,4.0,False
40876458,423125,2024-12-17,Grocery,Granola Bars (12-pack),1,20.73,0.0,20.73,5.99,Standard,1.71,28.43,Credit Card,Delivered,7.0,3.0,False
41993862,716300,2025-11-06,Home & Kitchen,Table Lamp,3,157.92,20.0,379.01,0.0,Standard,21.79,400.8,Credit Card,Delivered,5.0,4.0,False
80873560,789354,2025-08-16,Home & Kitchen,Coffee Maker,1,273.03,0.0,273.03,0.0,Express,12.97,286.0,Credit Card,Delivered,2.0,,False
50527289,150447,2025-04-03,Home & Kitchen,Cutlery Set,1,58.93,15.0,50.09,5.99,Standard,2.81,58.89,Debit Card,Delivered,8.0,5.0,False
61880555,862525,2024-11-06,Beauty,Moisturizer,1,64.97,0.0,64.97,5.99,Standard,3.9,74.86,PayPal,Delivered,4.0,4.0,False
22775656,780023,2025-11-30,Home & Kitchen,Storage Bins,1,168.2,5.0,159.79,0.0,Standard,9.59,169.38,Debit Card,Delivered,7.0,,False
70710016,251434,2025-07-09,Sports & Outdoors,Camping Tent,1,151.66,0.0,151.66,0.0,Standard,12.51,164.17,Credit Card,Cancelled,,,False
69014376,921884,2024-07-13,Clothing,Denim Jacket,1,98.09,5.0,93.19,0.0,Standard,5.59,98.78,Credit Card,Delivered,6.0,,False
63752525,251434,2025-11-01,Electronics,Gaming Mouse,2,226.62,0.0,453.24,0.0,Express,37.39,490.63,Credit Card,Delivered,2.0,,False
88365703,606263,2025-09-01,Electronics,Gaming Mouse,4,318.16,0.0,1272.64,0.0,Standard,79.54,1352.18,Credit Card,Delivered,4.0,,False
92176092,262277,2025-12-02,Sports & Outdoors,Water Bottle,2,62.38,0.0,124.76,0.0,Standard,8.11,132.87,Debit Card,Delivered,6.0,,False
95952202,250854,2024-12-03,Beauty,Face Serum,3,26.0,0.0,78.0,0.0,Standard,4.88,82.88,Credit Card,Delivered,6.0,5.0,False
54710175,110406,2024-02-26,Beauty,Makeup Brush Set,3,74.82,,213.24,0.0,Express,18.93,232.17,Debit Card,Shipped,,,False
10000279,371877,2024-11-13,Sports & Outdoors,Bicycle Helmet,1,63.53,0.0,63.53,22.99,Next-Day,5.64,92.16,Credit Card,Delivered,1.0,3.0,False
23102360,618056,2024-04-26,Clothing,Men's T-Shirt,1,136.72,0.0,136.72,0.0,Standard,8.2,144.92,Credit Card,Cancelled,,,False
77770237,176521,2024-02-08,Electronics,Bluetooth Speaker,4,141.19,,508.28,0.0,Express,33.04,541.32,Credit Card,Delivered,1.0,,True
50947214,556417,2024-09-30,Sports & Outdoors,Jump Rope,1,253.38,0.0,253.38,0.0,Standard,20.9,274.28,Debit Card,Cancelled,,,True
13850521,805775,2024-09-30,Grocery,Protein Powder,1,21.52,20.0,17.22,5.99,Standard,0.69,23.9,Debit Card,Delivered,5.0,4.0,True
42580167,867788,2025-05-29,Electronics,Noise Cancelling Headphones,1,187.1,0.0,187.1,0.0,Express,5.43,192.53,PayPal,Delivered,3.0,4.0,False
35087493,305669,2024-07-30,Home & Kitchen,Air Fryer,3,75.48,0.0,226.44,0.0,Standard,18.68,245.12,PayPal,Delivered,6.0,,False
50138335,562945,2024-08-28,Toys,Action Figure,1,44.61,0.0,44.61,12.99,Express,2.68,60.28,Credit Card,Processing,,,False
61586854,635222,2025-09-30,Books,Mystery Thriller,5,14.89,0.0,74.45,5.99,Standard,4.47,84.91,Credit Card,Delivered,6.0,4.0,False
10379011,492493,2024-05-27,Beauty,Lipstick,2,75.1,0.0,150.2,0.0,Standard,9.39,159.59,Credit Card,Delivered,6.0,,False
31386171,866450,2025-12-14,Clothing,Men's T-Shirt,1,95.91,0.0,95.91,0.0,Express,5.99,101.9,Credit Card,Delivered,2.0,5.0,False
10233404,199805,2025-11-30,Books,Mystery Thriller,2,21.52,0.0,43.04,5.99,Standard,2.47,51.5,Credit Card,Delivered,7.0,,False
16466270,728511,2025-08-09,Home & Kitchen,Table Lamp,1,69.49,0.0,69.49,5.99,Standard,2.78,78.26,Credit Card,Delivered,5.0,,False
11638660,141729,2024-09-26,Books,Self-Help Book,1,16.93,0.0,16.93,5.99,Standard,0.68,23.6,PayPal,Delivered,5.0,3.0,False
22595554,332189,2024-08-08,Electronics,Laptop Stand,1,156.06,0.0,156.06,0.0,,12.87,168.93,Debit Card,Delivered,5.0,4.0,False
54127901,678035,2024-09-30,Home & Kitchen,Air Fryer,1,156.22,0.0,156.22,0.0,Standard,9.76,165.98,Debit Card,Delivered,6.0,3.0,False
83532297,958338,2024-05-09,Sports & Outdoors,Yoga Mat,1,242.11,0.0,242.11,0.0,Standard,15.13,257.24,Credit Card,Delivered,5.0,,False
43292334,515088,2024-11-03,Sports & Outdoors,Bicycle Helmet,1,58.71,0.0,58.71,5.99,Standard,3.67,68.37,Credit Card,Delivered,7.0,,False
71319492,724848,2025-12-30,Clothing,Socks (3-pack),3,87.06,0.0,261.18,0.0,Standard,21.55,282.73,Credit Card,Cancelled,,,True
94644288,445958,2025-11-01,Home & Kitchen,Throw Pillow,1,216.56,0.0,216.56,0.0,Standard,13.54,230.1,Debit Card,Returned,4.0,,False
98947193,642667,2024-06-20,Clothing,Women's Jeans,1,110.88,0.0,110.88,0.0,Standard,6.65,117.53,Credit Card,Delivered,6.0,,False
98996690,181268,2024-12-04,Clothing,Yoga Leggings,1,100.12,0.0,100.12,0.0,Standard,6.26,106.38,Gift Card,Returned,6.0,,False
65171811,307101,2025-12-22,Beauty,Face Serum,2,54.81,0.0,109.62,0.0,Standard,7.13,116.75,PayPal,Processing,,,False
28595932,660209,2025-04-21,Beauty,Hair Dryer,1,61.51,0.0,61.51,5.99,Standard,5.07,72.57,PayPal,Delivered,7.0,2.0,False
19530208,525940,2025-03-19,Beauty,Nail Polish Set,1,29.94,0.0,29.94,5.99,Standard,1.68,37.61,Apple Pay,Delivered,4.0,4.0,False
66998574,950096,2025-12-01,Toys,Art & Craft Kit,1,29.37,15.0,24.96,5.99,Standard,2.06,33.01,PayPal,Delivered,7.0,,False
99707415,262277,2024-02-13,Beauty,Lipstick,2,30.09,0.0,60.18,5.99,Standard,3.91,70.08,Credit Card,Delivered,8.0,3.0,False
98424453,183571,2025-08-01,Home & Kitchen,Storage Bins,3,176.09,25.0,396.2,0.0,Standard,23.77,419.97,PayPal,Delivered,6.0,3.0,False
58109945,517213,2025-12-23,Sports & Outdoors,Golf Balls (12-pack),4,127.62,10.0,459.43,0.0,Express,18.38,477.81,Debit Card,Delivered,5.0,4.0,False
63203195,539820,2025-12-19,Sports & Outdoors,Bicycle Helmet,1,147.27,0.0,147.27,0.0,Standard,9.2,156.47,Gift Card,Delivered,4.0,2.0,False
40060036,153957,2024-08-21,Clothing,Running Shoes,1,84.5,5.0,80.27,0.0,Standard,4.82,85.09,Gift Card,Delivered,5.0,5.0,False
94848539,657736,2025-03-14,Electronics,Bluetooth Speaker,3,404.31,0.0,1212.93,0.0,Standard,72.78,1285.71,PayPal,Delivered,6.0,4.0,False
93735337,206043,2025-11-22,Toys,Plush Toy,1,39.51,0.0,39.51,5.99,Standard,2.47,47.97,Debit Card,Delivered,5.0,,False
15020159,991288,2024-12-15,Clothing,Winter Jacket,1,137.12,0.0,137.12,0.0,Standard,6.51,143.63,Debit Card,Delivered,8.0,4.0,False
21426719,329274,2024-02-28,Toys,Art & Craft Kit,1,23.3,10.0,20.97,5.99,Standard,1.36,28.32,Apple Pay,Delivered,5.0,,False
12415611,780023,2025-12-21,Home & Kitchen,Blender,3,34.3,0.0,102.9,0.0,Standard,6.17,109.07,Credit Card,Returned,8.0,,False
51312753,145270,2024-04-07,Electronics,Smartphone Case,3,321.24,10.0,867.35,0.0,Standard,54.21,921.56,PayPal,Shipped,,,False
64324724,901983,2024-10-01,Sports & Outdoors,Yoga Mat,1,155.51,,155.51,0.0,Express,9.72,165.23,Apple Pay,Delivered,2.0,2.0,False
12622704,274094,2024-01-27,Books,Science Textbook,3,16.3,0.0,48.9,5.99,Standard,4.03,58.92,Debit Card,Processing,,,False
26102395,150447,2024-02-13,Clothing,Wool Sweater,5,28.58,0.0,142.9,0.0,Express,8.0,150.9,Gift Card,Delivered,2.0,3.0,False
60524188,262277,2024-12-23,Sports & Outdoors,Jump Rope,3,116.64,0.0,349.92,0.0,Express,22.74,372.66,Debit Card,Delivered,4.0,,False
97825211,155691,2025-11-24,Beauty,Perfume,1,61.18,0.0,61.18,5.99,Standard,5.05,72.22,PayPal,Delivered,4.0,4.0,False
27160290,562945,2025-06-12,Grocery,Olive Oil,4,28.72,0.0,114.88,0.0,Express,6.89,121.77,Apple Pay,Delivered,3.0,,False
48123078,755168,2024-06-29,Beauty,Body Lotion,2,96.24,0.0,192.48,0.0,Standard,12.03,204.51,Credit Card,Delivered,7.0,4.0,False
71646250,968810,2025-06-01,Grocery,Vitamin Supplements,2,27.02,0.0,54.04,5.99,Standard,3.11,63.14,Credit Card,Delivered,5.0,3.0,False
93147244,142537,2024-12-09,Electronics,Smartwatch,1,261.69,0.0,261.69,0.0,Standard,7.59,269.28,Apple Pay,Delivered,5.0,,False
59974236,778621,2025-09-08,Beauty,Nail Polish Set,3,134.61,0.0,403.83,0.0,Next-Day,25.24,429.07,Debit Card,Cancelled,,,False
78767733,812521,2025-07-14,Home & Kitchen,Non-Stick Pan,3,199.2,5.0,567.72,0.0,Standard,35.48,603.2,Credit Card,Delivered,6.0,4.0,False
96688751,251833,2025-11-04,Electronics,Bluetooth Speaker,2,87.5,0.0,175.0,0.0,Standard,10.94,185.94,PayPal,Delivered,7.0,3.0,False
31185367,151519,2025-08-02,Grocery,Vitamin Supplements,2,20.5,10.0,36.9,22.99,Next-Day,2.21,62.1,Debit Card,Delivered,1.0,,True
32126201,737360,2025-03-22,Toys,Board Game,1,45.4,0.0,45.4,5.99,Standard,4.03,55.42,PayPal,Delivered,6.0,,False
74034927,199805,2025-08-27,Toys,Action Figure,1,39.8,0.0,39.8,22.99,Next-Day,2.29,65.08,Credit Card,Delivered,1.0,5.0,False
28969501,827483,2025-01-16,Home & Kitchen,Cutlery Set,1,137.78,0.0,137.78,0.0,Standard,8.27,146.05,Credit Card,Delivered,5.0,4.0,False
49567889,373772,2025-07-07,Electronics,Gaming Mouse,2,374.7,0.0,749.4,0.0,Standard,44.96,794.36,Credit Card,Cancelled,,,False
62302608,532741,2025-07-22,Books,Science Textbook,1,27.9,0.0,27.9,12.99,Express,0.81,41.7,Apple Pay,Delivered,2.0,,False
18425797,262277,2025-08-31,Electronics,4K Monitor,2,247.0,0.0,494.0,0.0,Next-Day,32.11,526.11,Credit Card,Delivered,1.0,,False
66221187,329274,2025-08-02,Electronics,Wireless Earbuds,1,149.31,0.0,149.31,0.0,Express,9.71,159.02,Debit Card,Delivered,2.0,3.0,False
86578183,571051,2025-10-04,Clothing,Wool Sweater,1,80.53,0.0,80.53,0.0,Standard,4.83,85.36,Debit Card,Delivered,7.0,3.0,False
98755720,833249,2025-11-20,Clothing,Denim Jacket,4,143.15,0.0,572.6,0.0,Express,32.92,605.52,Credit Card,Delivered,2.0,2.0,False
25631435,131665,2024-11-17,Electronics,4K Monitor,1,176.87,0.0,176.87,0.0,Standard,11.05,187.92,Credit Card,Shipped,,,False
11555145,439402,2025-04-27,Beauty,Hair Dryer,1,61.45,0.0,61.45,5.99,Standard,3.69,71.13,Debit Card,Delivered,6.0,,False
99600615,901118,2025-10-19,Home & Kitchen,Blender,4,114.24,0.0,456.96,0.0,Standard,25.59,482.55,Debit Card,Delivered,4.0,4.0,False
28030001,181268,2025-08-05,Sports & Outdoors,Resistance Bands,2,86.87,0.0,173.74,0.0,Standard,10.86,184.6,PayPal,Delivered,8.0,,True
63792551,958338,2024-12-28,Home & Kitchen,Blender,2,115.14,0.0,230.28,0.0,Standard,14.39,244.67,Apple Pay,Returned,5.0,,False
83163237,489089,2025-11-17,Toys,Building Block Set,1,51.35,25.0,38.51,5.99,Standard,1.54,46.04,Debit Card,Delivered,6.0,4.0,False
67568661,579703,2024-02-24,Books,Biography,1,14.57,0.0,14.57,22.99,Next-Day,0.87,38.43,Credit Card,Delivered,1.0,,False
51666590,958338,2025-06-11,Electronics,USB-C Hub,1,104.46,15.0,88.79,0.0,Standard,5.55,94.34,Credit Card,Delivered,6.0,3.0,False
54099606,206328,2025-09-10,Toys,Puzzle (1000pc),2,21.88,0.0,43.76,5.99,Standard,2.52,52.27,PayPal,Delivered,6.0,3.0,False
36122152,181525,2025-10-10,Electronics,Wireless Earbuds,1,148.55,0.0,148.55,0.0,Express,8.91,157.46,Credit Card,Delivered,3.0,,False
54033661,846102,2024-03-06,Grocery,Snack Variety Pack,2,39.76,5.0,75.54,0.0,Standard,4.34,79.88,Debit Card,Delivered,6.0,4.0,False
49643860,968744,2024-04-11,Sports & Outdoors,Golf Balls (12-pack),1,127.1,0.0,127.1,0.0,Standard,10.49,137.59,Credit Card,Delivered,7.0,4.0,False
20191170,633917,2024-06-19,Electronics,Laptop Stand,2,99.83,15.0,169.71,0.0,Next-Day,14.0,183.71,PayPal,Delivered,1.0,4.0,False
14268506,982329,2025-09-26,Sports & Outdoors,Camping Tent,3,157.11,10.0,424.2,0.0,Standard,35.0,459.2,Debit Card,Delivered,7.0,5.0,False
90583853,647640,2025-04-01,Clothing,Denim Jacket,3,134.26,0.0,402.78,0.0,Standard,25.17,427.95,Gift Card,Delivered,8.0,,False
45926825,222246,2024-12-20,Electronics,Noise Cancelling Headphones,1,277.57,0.0,277.57,0.0,Standard,16.65,294.22,Credit Card,Delivered,7.0,3.0,False
11453311,332057,2024-08-17,Clothing,Wool Sweater,1,155.96,0.0,155.96,0.0,Standard,9.36,165.32,Credit Card,Delivered,7.0,,False
46195018,360610,2024-03-19,Clothing,Women's Jeans,1,108.38,0.0,108.38,0.0,Standard,3.14,111.52,Credit Card,Delivered,7.0,,False
82303651,874829,2025-11-10,Sports & Outdoors,Bicycle Helmet,1,363.84,5.0,345.65,0.0,Standard,28.52,374.17,Debit Card,Processing,,,False
44311845,435649,2025-04-21,Sports & Outdoors,Resistance Bands,5,51.8,0.0,259.0,0.0,Standard,16.19,275.19,Debit Card,Delivered,4.0,,False
86462007,957476,2025-12-25,Electronics,Portable Charger,1,286.44,0.0,286.44,0.0,Express,17.9,304.34,Credit Card,Delivered,2.0,3.0,False
20985296,933473,2024-04-09,Sports & Outdoors,Water Bottle,1,103.56,0.0,103.56,0.0,Express,6.47,110.03,PayPal,Delivered,2.0,4.0,False
28380462,176521,2025-04-01,Electronics,4K Monitor,2,310.36,0.0,620.72,0.0,Standard,40.35,661.07,PayPal,Shipped,,,False
37888446,262277,2025-01-06,Sports & Outdoors,Camping Tent,1,236.18,0.0,236.18,0.0,Standard,15.35,251.53,Gift Card,Cancelled,,,False
12033620,466940,2025-12-11,Home & Kitchen,Table Lamp,1,238.75,10.0,214.88,0.0,Express,10.21,225.09,Debit Card,Delivered,2.0,,False
59796423,924197,2025-10-13,Grocery,Olive Oil,1,29.06,0.0,29.06,12.99,Express,0.84,42.89,Debit Card,Delivered,2.0,4.0,False
78377884,176521,2024-11-12,Electronics,Gaming Mouse,3,255.62,10.0,690.17,0.0,Express,44.86,735.03,PayPal,Delivered,2.0,4.0,False
75610818,479646,2024-02-13,Home & Kitchen,Throw Pillow,2,53.53,0.0,107.06,0.0,Standard,8.83,115.89,Credit Card,Delivered,4.0,,False
64318349,176521,2025-04-01,Home & Kitchen,Non-Stick Pan,3,122.82,0.0,368.46,0.0,Standard,23.95,392.41,PayPal,Delivered,7.0,4.0,False
48990800,557185,2025-09-11,Books,Mystery Thriller,2,31.34,0.0,62.68,12.99,Express,3.76,79.43,Credit Card,Delivered,3.0,,False
70870076,998168,2024-10-10,Home & Kitchen,Storage Bins,1,168.82,10.0,151.94,0.0,Express,9.5,161.44,Credit Card,Delivered,1.0,5.0,False
15875009,355438,2024-12-30,Books,Poetry Collection,1,13.48,0.0,13.48,5.99,Standard,0.81,20.28,PayPal,Delivered,5.0,,False
86614202,642667,2024-03-30,Clothing,Hoodie,1,66.9,0.0,66.9,12.99,Express,4.01,83.9,Credit Card,Delivered,5.0,4.0,False
87561144,957476,2024-08-15,Clothing,Running Shoes,5,65.73,15.0,279.35,0.0,Standard,17.46,296.81,Credit Card,Delivered,6.0,5.0,False
80449373,717805,2024-08-16,Clothing,Running Shoes,1,60.8,0.0,60.8,5.99,Standard,3.4,70.19,Credit Card,Delivered,6.0,4.0,False
64870353,635222,2025-03-05,Sports & Outdoors,Jump Rope,4,201.07,0.0,804.28,0.0,Standard,48.26,852.54,PayPal,Processing,,,False
42574153,309098,2024-09-10,Clothing,Women's Jeans,4,77.98,0.0,311.92,0.0,Express,25.73,337.65,Credit Card,Delivered,2.0,4.0,False
78542576,752195,2025-12-21,Clothing,Hoodie,2,54.86,15.0,93.26,0.0,,8.28,101.54,Apple Pay,Delivered,3.0,5.0,False
29871517,393507,2024-11-25,Beauty,Hair Dryer,3,34.96,0.0,104.88,0.0,Standard,6.29,111.17,Credit Card,Delivered,6.0,4.0,False
51483194,542007,2024-12-07,Beauty,Nail Polish Set,1,57.38,10.0,51.64,5.99,Standard,3.1,60.73,Debit Card,Delivered,5.0,,False
95747704,206781,2024-11-18,Beauty,Makeup Brush Set,2,88.09,0.0,176.18,0.0,Standard,9.87,186.05,Credit Card,Delivered,7.0,3.0,False
74962228,871000,2024-11-05,Clothing,Women's Jeans,2,40.67,0.0,81.34,0.0,Standard,5.08,86.42,Credit Card,Delivered,7.0,3.0,False
25894167,457298,2024-07-21,Sports & Outdoors,Jump Rope,4,333.13,15.0,1132.64,0.0,Standard,67.96,1200.6,Credit Card,Delivered,6.0,4.0,False
45102309,768390,2024-03-16,Electronics,Bluetooth Speaker,1,108.84,10.0,97.96,0.0,Standard,5.49,103.45,Credit Card,Delivered,5.0,3.0,False
25529178,936730,2024-07-16,Electronics,Wireless Earbuds,1,67.24,0.0,67.24,22.99,Next-Day,3.77,94.0,Credit Card,Delivered,1.0,4.0,False
42501394,867788,2025-11-06,Home & Kitchen,Storage Bins,1,163.46,0.0,163.46,0.0,Standard,4.74,168.2,Credit Card,Delivered,5.0,,False
55875798,244629,2025-06-01,Grocery,Protein Powder,1,44.04,0.0,44.04,22.99,Next-Day,2.47,69.5,Apple Pay,Cancelled,,,True
91419282,432284,2024-12-29,Electronics,Portable Charger,1,83.12,0.0,83.12,0.0,Next-Day,2.41,85.53,Debit Card,Returned,1.0,,False
12946252,251434,2024-11-16,Sports & Outdoors,Fishing Rod,1,162.12,0.0,162.12,0.0,Standard,13.37,175.49,Credit Card,Returned,5.0,,False
43366637,609870,2024-07-06,Toys,Action Figure,3,20.55,0.0,61.65,5.99,Standard,3.85,71.49,Credit Card,Processing,,,False
45137808,431096,2025-11-02,Grocery,Olive Oil,1,9.41,0.0,9.41,5.99,Standard,0.54,15.94,PayPal,Delivered,6.0,5.0,False
60363007,884309,2024-08-21,Toys,Plush Toy,3,53.25,15.0,135.79,0.0,Standard,6.45,142.24,Debit Card,Shipped,,,False
24891700,968810,2024-10-08,Sports & Outdoors,Fishing Rod,1,105.51,0.0,105.51,0.0,Standard,6.07,111.58,Credit Card,Delivered,8.0,,False
25603173,509048,2025-08-10,Beauty,Hair Dryer,1,78.05,0.0,78.05,0.0,Standard,6.44,84.49,Credit Card,Delivered,5.0,,False
98188145,563052,2025-01-05,Clothing,Women's Jeans,2,53.58,0.0,107.16,0.0,Standard,6.0,113.16,Credit Card,Delivered,5.0,4.0,False
88211233,232124,2025-08-15,Sports & Outdoors,Water Bottle,1,237.62,10.0,213.86,0.0,Express,13.37,227.23,Credit Card,Delivered,3.0,,True
51804698,492493,2025-01-02,Beauty,Body Lotion,3,62.19,0.0,186.57,0.0,Standard,11.66,198.23,Debit Card,Delivered,4.0,4.0,False
87370615,150447,2024-12-01,Clothing,Summer Dress,1,104.79,0.0,104.79,0.0,Standard,5.87,110.66,Apple Pay,Returned,5.0,,False
91619661,891092,2024-01-24,Grocery,Snack Variety Pack,3,44.69,10.0,120.66,0.0,Standard,4.83,125.49,Apple Pay,Delivered,5.0,5.0,False
74199991,959122,2024-01-22,Clothing,Hoodie,1,68.69,0.0,68.69,5.99,Standard,2.75,77.43,PayPal,Delivered,5.0,3.0,False
34607708,752195,2025-04-29,Beauty,Hair Dryer,4,117.09,0.0,468.36,0.0,Standard,41.57,509.93,PayPal,Delivered,8.0,,False
21464929,587021,2025-12-22,Electronics,Wireless Earbuds,1,284.81,10.0,256.33,0.0,Express,15.38,271.71,Credit Card,Delivered,3.0,4.0,True
20897665,781209,2025-01-21,Beauty,Hair Dryer,4,46.08,15.0,156.67,0.0,Standard,7.44,164.11,Credit Card,Delivered,5.0,,False
60701956,238541,2024-12-28,Sports & Outdoors,Camping Tent,1,113.78,0.0,113.78,0.0,Next-Day,10.1,123.88,Apple Pay,Delivered,1.0,,False
62364722,525017,2025-01-13,Clothing,Hoodie,1,87.98,0.0,87.98,0.0,Standard,7.26,95.24,Debit Card,Delivered,6.0,,False
41566268,199805,2025-06-05,Electronics,Smartwatch,3,153.49,0.0,460.47,0.0,Express,26.48,486.95,Debit Card,Delivered,2.0,,False
10298749,768390,2025-05-02,Sports & Outdoors,Golf Balls (12-pack),1,35.73,5.0,33.94,5.99,Standard,1.9,41.83,Credit Card,Cancelled,,,False
90012556,492904,2025-12-10,Clothing,Socks (3-pack),4,56.97,0.0,227.88,0.0,Express,14.24,242.12,PayPal,Delivered,5.0,,False
17124282,435649,2025-12-26,Clothing,Men's T-Shirt,1,115.24,5.0,109.48,0.0,Standard,6.84,116.32,PayPal,Shipped,,,False
31619375,991288,2025-05-27,Electronics,Noise Cancelling Headphones,2,256.3,0.0,512.6,0.0,Express,24.35,536.95,Credit Card,Delivered,1.0,5.0,False
19971054,638021,2025-03-14,Electronics,Gaming Mouse,3,191.36,0.0,574.08,0.0,Express,47.36,621.44,PayPal,Delivered,4.0,3.0,False
47040336,976203,2024-09-08,Home & Kitchen,Blender,2,40.51,0.0,81.02,0.0,Standard,4.86,85.88,Credit Card,Cancelled,,,False
99627370,464362,2025-08-19,Clothing,Men's T-Shirt,1,58.05,0.0,58.05,12.99,Express,3.48,74.52,Credit Card,Delivered,4.0,,False
65354770,204417,2024-04-25,Electronics,Smartwatch,1,169.48,0.0,169.48,0.0,Standard,11.02,180.5,PayPal,Delivered,5.0,2.0,False
89889186,681619,2025-11-05,Electronics,Laptop Stand,3,332.6,0.0,997.8,0.0,Standard,88.55,1086.35,Credit Card,Shipped,,,False
68082551,567801,2025-11-25,Grocery,Organic Coffee Beans,1,29.06,0.0,29.06,5.99,Standard,2.4,37.45,Credit Card,Delivered,6.0,,False
35565754,394360,2025-11-26,Clothing,Running Shoes,3,17.76,0.0,53.28,5.99,Standard,4.4,63.67,Apple Pay,Delivered,4.0,,False
90997256,279656,2024-12-15,Sports & Outdoors,Jump Rope,1,135.88,10.0,122.29,0.0,Express,7.64,129.93,PayPal,Delivered,4.0,3.0,False
77278858,845092,2025-01-15,Clothing,Women's Jeans,2,119.96,15.0,203.93,0.0,Standard,16.82,220.75,Credit Card,Delivered,5.0,4.0,False
98783090,839134,2025-06-01,Electronics,Wireless Earbuds,1,315.59,5.0,299.81,0.0,Express,17.24,317.05,Credit Card,Delivered,3.0,,True
17325325,646841,2025-11-16,Toys,Doll House,1,47.32,0.0,47.32,5.99,Standard,2.72,56.03,Debit Card,Delivered,5.0,4.0,False
20533467,991288,2024-09-20,Clothing,Yoga Leggings,2,94.37,5.0,179.3,0.0,Standard,8.52,187.82,Credit Card,Delivered,5.0,,True
83314681,313802,2024-03-09,Home & Kitchen,Coffee Maker,3,55.76,0.0,167.28,0.0,Standard,0.0,167.28,Debit Card,Delivered,4.0,,False
58873606,455782,2025-03-09,Beauty,Nail Polish Set,1,86.57,0.0,86.57,0.0,Standard,5.41,91.98,Credit Card,Delivered,8.0,,False
24319886,219406,2024-11-16,Home & Kitchen,Air Fryer,1,133.12,10.0,119.81,0.0,Standard,3.47,123.28,PayPal,Delivered,5.0,,False
84131846,142347,2024-03-10,Home & Kitchen,Coffee Maker,1,101.48,25.0,76.11,0.0,Standard,6.28,82.39,Credit Card,Delivered,5.0,,False
13291663,599235,2025-08-11,Clothing,Summer Dress,1,71.3,0.0,71.3,5.99,Standard,4.28,81.57,Credit Card,Delivered,6.0,4.0,False
40616345,642667,2024-02-29,Clothing,Men's T-Shirt,2,84.79,0.0,169.58,0.0,Standard,10.17,179.75,Credit Card,Delivered,6.0,,False
91232835,540073,2025-11-03,Sports & Outdoors,Bicycle Helmet,1,154.04,0.0,154.04,0.0,Express,6.16,160.2,PayPal,Delivered,1.0,,False
49565552,606263,2024-10-04,Clothing,Denim Jacket,2,91.21,5.0,173.3,0.0,Standard,10.83,184.13,Credit Card,Delivered,6.0,,False
94635336,150447,2024-09-14,Clothing,Winter Jacket,1,57.25,0.0,57.25,12.99,Express,3.21,73.45,Credit Card,Processing,,,False
25793951,914509,2024-05-15,Toys,Action Figure,1,22.34,0.0,22.34,12.99,Express,1.4,36.73,Credit Card,Delivered,3.0,,False
65424902,423125,2025-01-25,Grocery,Vitamin Supplements,2,45.85,15.0,77.95,0.0,Standard,6.43,84.38,Credit Card,Delivered,6.0,,False
28413459,678035,2025-12-08,Electronics,USB-C Hub,1,374.33,0.0,374.33,0.0,Standard,23.4,397.73,Gift Card,Delivered,5.0,,False
88297303,975413,2025-06-24,Electronics,Smartwatch,1,99.22,0.0,99.22,0.0,Standard,8.81,108.03,Debit Card,Delivered,6.0,,False
27141925,839134,2024-01-06,Clothing,Summer Dress,3,115.35,0.0,346.05,0.0,Standard,19.9,365.95,Credit Card,Delivered,5.0,4.0,False
12572037,683060,2024-02-29,Sports & Outdoors,Hiking Backpack,1,61.29,15.0,52.1,5.99,Standard,4.62,62.71,Debit Card,Returned,3.0,,False
52573295,724848,2025-08-13,Sports & Outdoors,Hiking Backpack,2,44.28,0.0,88.56,0.0,Standard,7.31,95.87,Credit Card,Delivered,5.0,,False
10504702,394867,2025-04-15,Electronics,Bluetooth Speaker,1,270.87,0.0,270.87,0.0,Standard,12.87,283.74,PayPal,Delivered,8.0,3.0,False
53686763,150447,2025-12-22,Clothing,Hoodie,2,131.44,0.0,262.88,0.0,Express,14.72,277.6,PayPal,Delivered,2.0,3.0,False
74237778,244629,2025-08-13,Home & Kitchen,Cutlery Set,2,175.43,15.0,298.23,0.0,,16.7,314.93,PayPal,Delivered,5.0,3.0,False
21447708,737353,2024-10-24,Electronics,USB-C Hub,1,331.35,0.0,331.35,0.0,Express,13.25,344.6,Apple Pay,Delivered,3.0,,True
87286516,187821,2025-11-10,Clothing,Women's Jeans,2,31.08,0.0,62.16,5.99,Standard,3.88,72.03,Debit Card,Returned,5.0,,False
68615431,309143,2025-04-16,Grocery,Olive Oil,1,18.3,0.0,18.3,5.99,Standard,0.73,25.02,Credit Card,Delivered,7.0,3.0,False
36559374,833249,2025-10-29,Sports & Outdoors,Fishing Rod,3,334.54,0.0,1003.62,0.0,Next-Day,57.71,1061.33,PayPal,Delivered,1.0,3.0,False
26488139,884309,2024-09-29,Clothing,Denim Jacket,1,138.81,0.0,138.81,0.0,Standard,6.59,145.4,Credit Card,Delivered,7.0,3.0,False
25113049,839134,2025-11-13,Beauty,Nail Polish Set,1,60.08,0.0,60.08,5.99,Standard,3.45,69.52,Apple Pay,Returned,6.0,,False
32719466,234581,2025-01-27,Clothing,Winter Jacket,1,44.44,0.0,44.44,5.99,Standard,2.67,53.1,PayPal,Shipped,,,False
58367294,301091,2024-07-16,Toys,Puzzle (1000pc),1,44.87,15.0,38.14,5.99,Standard,0.0,44.13,Credit Card,Delivered,3.0,4.0,False
41584347,525664,2024-12-22,Sports & Outdoors,Yoga Mat,1,302.32,0.0,302.32,0.0,Standard,12.09,314.41,Credit Card,Delivered,3.0,3.0,False
83231246,562945,2024-08-03,Clothing,Men's T-Shirt,1,101.94,0.0,101.94,0.0,Standard,6.12,108.06,PayPal,Shipped,,,False
26824127,627699,2025-11-04,Books,Biography,1,21.38,10.0,19.24,5.99,Standard,1.08,26.31,Gift Card,Delivered,6.0,,False
89322267,914509,2024-11-02,Electronics,Gaming Mouse,5,140.07,25.0,525.26,0.0,Standard,32.83,558.09,PayPal,Delivered,8.0,5.0,False
43263188,815544,2024-12-08,Beauty,Nail Polish Set,3,35.7,0.0,107.1,0.0,Standard,6.96,114.06,Debit Card,Returned,8.0,,False
70569725,542389,2024-08-17,Clothing,Denim Jacket,3,48.23,0.0,144.69,0.0,Standard,11.94,156.63,Credit Card,Delivered,6.0,4.0,False
43957612,150447,2024-07-13,Beauty,Nail Polish Set,4,71.68,0.0,286.72,0.0,Standard,16.06,302.78,Debit Card,Delivered,7.0,,False
11381848,779402,2024-09-06,Sports & Outdoors,Hiking Backpack,1,71.68,0.0,71.68,22.99,Next-Day,4.48,99.15,Credit Card,Delivered,1.0,2.0,False
11189624,223771,2024-12-17,Electronics,4K Monitor,3,146.84,10.0,396.47,0.0,Standard,24.78,421.25,Apple Pay,Delivered,7.0,,False
46358719,251262,2024-12-04,Electronics,4K Monitor,5,235.95,0.0,1179.75,0.0,Express,66.07,1245.82,Credit Card,Delivered,5.0,2.0,False
73376854,733490,2024-06-25,Home & Kitchen,Table Lamp,2,212.08,20.0,339.33,0.0,Express,30.12,369.45,PayPal,Delivered,2.0,,False
93248315,752931,2024-06-27,Clothing,Yoga Leggings,1,142.78,0.0,142.78,0.0,Standard,12.67,155.45,PayPal,Delivered,7.0,5.0,False
17664414,688573,2025-08-05,Toys,Action Figure,2,23.21,0.0,46.42,5.99,Standard,2.79,55.2,PayPal,Delivered,4.0,,True
40011490,276268,2025-08-29,Sports & Outdoors,Bicycle Helmet,1,90.52,0.0,90.52,0.0,Next-Day,7.47,97.99,Apple Pay,Delivered,1.0,,False
32506392,885361,2025-06-05,Electronics,4K Monitor,1,223.57,0.0,223.57,0.0,Standard,13.41,236.98,Debit Card,Delivered,5.0,,False
20037520,728511,2025-07-06,Home & Kitchen,Coffee Maker,1,149.99,0.0,149.99,0.0,Express,6.0,155.99,Debit Card,Delivered,3.0,4.0,False
60160502,620065,2024-11-21,Clothing,Men's T-Shirt,2,61.32,0.0,122.64,0.0,Standard,7.36,130.0,Credit Card,Delivered,4.0,,False
49416371,246651,2025-12-26,Sports & Outdoors,Hiking Backpack,1,315.89,0.0,315.89,0.0,Standard,26.06,341.95,Credit Card,Delivered,5.0,,False
25848469,986587,2025-11-12,Books,Fiction Novel,1,9.11,0.0,9.11,5.99,Standard,0.75,15.85,Debit Card,Delivered,4.0,4.0,False
75924625,812521,2025-11-15,Clothing,Running Shoes,1,80.49,5.0,76.47,0.0,Standard,4.78,81.25,Apple Pay,Shipped,,,False
45938796,945168,2025-12-11,Grocery,Protein Powder,1,15.54,5.0,14.76,12.99,Express,0.92,28.67,PayPal,Delivered,2.0,3.0,False
94316758,917055,2024-12-19,Books,Cookbook,2,34.14,30.0,47.8,5.99,Standard,2.27,56.06,Apple Pay,Delivered,5.0,5.0,False
31624235,449192,2025-10-14,Home & Kitchen,Coffee Maker,4,21.93,0.0,87.72,0.0,Express,7.79,95.51,Debit Card,Delivered,2.0,,False
13223467,803050,2024-03-21,Electronics,Portable Charger,1,233.94,0.0,233.94,0.0,Standard,13.45,247.39,Credit Card,Delivered,6.0,,False
82665228,141729,2024-12-19,Electronics,Wireless Earbuds,1,143.47,0.0,143.47,0.0,Standard,5.74,149.21,Gift Card,Returned,6.0,,False
15003425,815544,2025-10-08,Toys,Art & Craft Kit,3,30.89,0.0,92.67,0.0,Standard,6.02,98.69,Debit Card,Cancelled,,,True
41121270,597505,2025-04-19,Beauty,Body Lotion,1,58.87,10.0,52.98,22.99,Next-Day,2.12,78.09,Apple Pay,Processing,,,False
79033872,803050,2025-12-16,Home & Kitchen,Air Fryer,2,202.78,10.0,365.0,0.0,Standard,20.99,385.99,Apple Pay,Delivered,5.0,4.0,False
54219417,936730,2025-06-02,Beauty,Perfume,2,17.89,10.0,32.2,12.99,Express,1.8,46.99,PayPal,Delivered,2.0,,False
10948394,222246,2024-08-21,Home & Kitchen,Air Fryer,1,84.27,0.0,84.27,0.0,Standard,5.06,89.33,Apple Pay,Processing,,,False
80858079,311484,2025-06-27,Clothing,Denim Jacket,1,71.19,0.0,71.19,5.99,Standard,4.45,81.63,Gift Card,Delivered,4.0,,False
65921334,140937,2025-08-22,Electronics,Gaming Mouse,4,131.32,0.0,525.28,0.0,Standard,31.52,556.8,Credit Card,Returned,7.0,,False
18887406,525017,2024-04-16,Sports & Outdoors,Water Bottle,5,187.2,0.0,936.0,0.0,Standard,77.22,1013.22,PayPal,Delivered,8.0,2.0,False
35997275,359108,2024-05-06,Beauty,Nail Polish Set,1,96.07,0.0,96.07,0.0,Standard,6.0,102.07,Debit Card,Delivered,7.0,5.0,False
16583027,633917,2024-11-03,Beauty,Perfume,1,108.12,0.0,108.12,0.0,Standard,8.92,117.04,Credit Card,Delivered,4.0,3.0,False
43645940,910706,2025-12-16,Electronics,Wireless Earbuds,2,301.67,0.0,603.34,0.0,Standard,36.2,639.54,Credit Card,Delivered,5.0,,False
99487775,579703,2024-10-30,Clothing,Winter Jacket,3,52.56,0.0,157.68,0.0,Standard,9.46,167.14,Credit Card,Delivered,4.0,,False
49720610,901983,2025-05-30,Books,Biography,3,12.31,20.0,29.54,5.99,Standard,1.85,37.38,PayPal,Delivered,5.0,,False
96183968,924197,2025-11-29,Electronics,4K Monitor,1,49.55,0.0,49.55,12.99,Express,1.44,63.98,Debit Card,Delivered,4.0,,False
31567936,719707,2024-07-20,Beauty,Body Lotion,2,11.87,0.0,23.74,5.99,Standard,1.54,31.27,Apple Pay,Delivered,7.0,,False
19923342,751366,2025-12-11,Home & Kitchen,Non-Stick Pan,1,236.34,0.0,236.34,0.0,Express,20.98,257.32,Apple Pay,Delivered,1.0,3.0,False
53046494,276268,2024-03-31,Home & Kitchen,Throw Pillow,1,108.3,10.0,97.47,0.0,Standard,8.04,105.51,PayPal,Returned,6.0,,False
73293334,602443,2024-03-08,Electronics,Portable Charger,1,79.59,0.0,79.59,0.0,Standard,6.57,86.16,Credit Card,Delivered,4.0,4.0,False
16702819,626883,2024-08-01,Electronics,USB-C Hub,5,219.45,5.0,1042.39,0.0,Standard,58.37,1100.76,Debit Card,Delivered,5.0,,False
35692339,313071,2025-03-29,Home & Kitchen,Bed Sheets Set,3,71.88,0.0,215.64,0.0,Standard,12.08,227.72,Credit Card,Delivered,7.0,,False
90041380,894429,2024-08-16,Clothing,Wool Sweater,1,103.44,0.0,103.44,0.0,Standard,8.53,111.97,Debit Card,Delivered,5.0,,False
55780863,759700,2024-08-21,Electronics,Smartphone Case,1,256.04,0.0,256.04,0.0,Standard,7.43,263.47,Credit Card,Delivered,6.0,,False
87496883,957476,2024-09-25,Electronics,Noise Cancelling Headphones,1,280.37,0.0,280.37,0.0,Standard,17.52,297.89,Debit Card,Shipped,,,False
53996730,781546,2025-08-23,Clothing,Running Shoes,1,37.04,0.0,37.04,5.99,Standard,3.29,46.32,Gift Card,Delivered,7.0,,False
36259837,961935,2025-04-14,Sports & Outdoors,Hiking Backpack,1,77.79,0.0,77.79,0.0,Standard,4.67,82.46,Credit Card,Delivered,5.0,,False
45952101,620638,2025-05-30,Clothing,Wool Sweater,1,103.43,15.0,87.92,0.0,Standard,5.28,93.2,Credit Card,Delivered,6.0,1.0,False
74699842,253940,2024-12-22,Books,Biography,2,14.93,20.0,23.89,5.99,Standard,1.34,31.22,Debit Card,Delivered,6.0,,False
28819518,812521,2025-11-23,Electronics,Wireless Earbuds,1,220.49,0.0,220.49,0.0,Express,13.78,234.27,Credit Card,Delivered,1.0,,True
89123657,654605,2024-08-02,Clothing,Hoodie,5,140.88,0.0,704.4,0.0,Express,44.02,748.42,PayPal,Delivered,2.0,3.0,False
13484915,673087,2025-04-15,Grocery,Olive Oil,4,30.82,0.0,123.28,0.0,Express,7.71,130.99,PayPal,Cancelled,,,False
56261832,654375,2024-03-31,Beauty,Sunscreen SPF50,2,34.38,0.0,68.76,22.99,Next-Day,4.3,96.05,Credit Card,Delivered,1.0,,False
61593005,274094,2025-03-28,Home & Kitchen,Storage Bins,4,107.73,0.0,430.92,0.0,Standard,35.55,466.47,Credit Card,Delivered,6.0,,False
85004097,363197,2025-02-05,Home & Kitchen,Table Lamp,5,251.81,,1259.05,0.0,Standard,50.36,1309.41,Apple Pay,Delivered,6.0,,False
38206760,307101,2024-12-09,Home & Kitchen,Air Fryer,3,117.32,5.0,334.36,0.0,Standard,21.73,356.09,Credit Card,Delivered,8.0,,False
46922517,210779,2025-12-28,Beauty,Makeup Brush Set,3,34.08,0.0,102.24,0.0,Standard,8.43,110.67,Credit Card,Processing,,,False
36138966,721397,2025-09-17,Clothing,Denim Jacket,5,54.18,20.0,216.72,0.0,,12.46,229.18,Apple Pay,Delivered,4.0,4.0,False
40543087,100667,2025-03-07,Toys,Plush Toy,1,29.88,0.0,29.88,5.99,Standard,2.47,38.34,Credit Card,Delivered,5.0,,False
91001497,206781,2025-11-12,Electronics,Smartwatch,1,195.28,5.0,185.52,0.0,Express,10.39,195.91,Debit Card,Delivered,1.0,3.0,False
39063203,355438,2024-12-19,Toys,Doll House,1,65.93,0.0,65.93,22.99,Next-Day,3.96,92.88,Credit Card,Returned,1.0,,False
76343030,957476,2025-01-23,Electronics,Smartphone Case,2,338.23,0.0,676.46,0.0,Express,42.28,718.74,Debit Card,Delivered,3.0,4.0,False
92398222,225284,2025-05-28,Sports & Outdoors,Bicycle Helmet,3,138.35,0.0,415.05,0.0,Express,24.9,439.95,Credit Card,Delivered,2.0,3.0,False
58893274,540073,2024-10-27,Home & Kitchen,Vacuum Cleaner,4,162.28,5.0,616.66,0.0,Standard,24.67,641.33,Debit Card,Processing,,,False
49035089,431096,2024-03-08,Electronics,Smartphone Case,3,64.07,0.0,192.21,0.0,Standard,11.05,203.26,Credit Card,Delivered,7.0,4.0,False
46883679,250854,2024-08-20,Electronics,Noise Cancelling Headphones,1,232.98,0.0,232.98,0.0,Standard,14.56,247.54,Credit Card,Delivered,6.0,,False
79641525,206781,2024-05-20,Sports & Outdoors,Golf Balls (12-pack),3,236.9,15.0,604.1,0.0,Express,33.83,637.93,Apple Pay,Delivered,1.0,,False
13197945,921402,2025-03-09,Electronics,4K Monitor,1,165.0,15.0,140.25,0.0,Next-Day,5.61,145.86,Apple Pay,Delivered,1.0,3.0,False
20402079,197599,2025-06-20,Electronics,4K Monitor,1,412.02,0.0,412.02,0.0,Express,26.78,438.8,Credit Card,Delivered,1.0,,False
62211068,150447,2025-10-28,Sports & Outdoors,Bicycle Helmet,1,322.41,15.0,274.05,0.0,Express,15.35,289.4,PayPal,Delivered,2.0,4.0,False
36865030,499339,2025-11-06,Books,Self-Help Book,1,42.76,5.0,40.62,5.99,Standard,2.54,49.15,Credit Card,Delivered,7.0,,False
79928912,194184,2025-05-16,Electronics,Gaming Mouse,3,159.92,10.0,431.78,0.0,Standard,25.91,457.69,Debit Card,Delivered,7.0,5.0,False
52762135,110406,2025-04-26,Clothing,Men's T-Shirt,3,92.85,0.0,278.55,0.0,Express,24.72,303.27,Credit Card,Delivered,1.0,,False
20327252,793675,2025-04-11,Grocery,Vitamin Supplements,1,19.19,0.0,19.19,5.99,Standard,1.7,26.88,Debit Card,Delivered,5.0,3.0,False
88609723,262277,2025-12-03,Clothing,Denim Jacket,3,56.96,0.0,170.88,0.0,Standard,11.11,181.99,Debit Card,Delivered,6.0,3.0,False
41961089,217702,2024-09-10,Toys,Action Figure,1,23.0,20.0,18.4,5.99,Standard,1.15,25.54,Credit Card,Shipped,,,False
35368869,525017,2024-02-07,Sports & Outdoors,Hiking Backpack,1,78.24,,70.42,5.99,Standard,5.81,82.22,Debit Card,Returned,8.0,,False
79276963,726144,2024-12-12,Beauty,Perfume,1,122.84,0.0,122.84,0.0,Express,7.37,130.21,PayPal,Cancelled,,,False
56048605,305669,2024-04-12,Clothing,Wool Sweater,2,31.92,0.0,63.84,5.99,Standard,5.27,75.1,Gift Card,Delivered,7.0,4.0,False
50774238,479622,2024-08-30,Clothing,Running Shoes,1,111.24,0.0,111.24,0.0,Standard,6.23,117.47,Credit Card,Delivered,7.0,3.0,False
41272618,741294,2024-08-14,Electronics,USB-C Hub,1,236.04,0.0,236.04,0.0,Standard,19.47,255.51,PayPal,Delivered,4.0,4.0,False
97939117,150555,2025-08-30,Sports & Outdoors,Dumbbell Set,5,123.6,0.0,618.0,0.0,Standard,35.54,653.54,PayPal,Delivered,6.0,,False
86867180,757216,2024-04-05,Electronics,Gaming Mouse,1,122.98,10.0,110.68,0.0,Standard,4.43,115.11,PayPal,Delivered,7.0,2.0,False
27592800,236446,2025-02-02,Toys,Plush Toy,1,21.3,0.0,21.3,5.99,Standard,1.28,28.57,Debit Card,Shipped,,,False
13912194,562945,2024-09-16,Sports & Outdoors,Dumbbell Set,2,275.81,0.0,551.62,0.0,Standard,33.1,584.72,Debit Card,Delivered,5.0,3.0,False
88743101,968744,2025-02-10,Electronics,Noise Cancelling Headphones,1,191.42,0.0,191.42,0.0,Standard,15.79,207.21,Debit Card,Delivered,5.0,,False
31876735,660209,2025-08-13,Grocery,Protein Powder,2,31.56,0.0,63.12,5.99,Standard,5.21,74.32,PayPal,Delivered,6.0,4.0,False
80416031,101688,2025-11-29,Electronics,Wireless Earbuds,3,185.52,25.0,417.42,0.0,Standard,16.7,434.12,Credit Card,Delivered,5.0,,False
91666715,532741,2025-08-17,Sports & Outdoors,Bicycle Helmet,1,125.16,0.0,125.16,0.0,Standard,3.63,128.79,Apple Pay,Delivered,8.0,,False
26866901,261815,2025-09-30,Clothing,Denim Jacket,1,107.09,15.0,91.03,0.0,Standard,5.69,96.72,Apple Pay,Delivered,7.0,,False
36613363,552830,2024-01-25,Beauty,Body Lotion,1,107.95,0.0,107.95,0.0,Standard,9.58,117.53,Debit Card,Delivered,7.0,3.0,False
85505101,115886,2024-12-25,Home & Kitchen,Throw Pillow,1,120.56,0.0,120.56,0.0,Standard,9.95,130.51,Credit Card,Delivered,7.0,5.0,False
35611893,471843,2025-11-28,Sports & Outdoors,Yoga Mat,1,140.87,0.0,140.87,0.0,Standard,5.63,146.5,Apple Pay,Processing,,,False
36097143,185777,2024-09-09,Sports & Outdoors,Dumbbell Set,2,70.55,15.0,119.93,0.0,Standard,7.2,127.13,PayPal,Delivered,3.0,2.0,False
57000166,434764,2024-03-03,Toys,Puzzle (1000pc),1,38.83,0.0,38.83,12.99,Express,3.45,55.27,PayPal,Delivered,2.0,5.0,False
14027869,360610,2024-06-26,Books,Children's Picture Book,2,26.66,0.0,53.32,5.99,Standard,1.55,60.86,Debit Card,Shipped,,,False
67644964,534988,2025-09-21,Electronics,Gaming Mouse,3,347.29,0.0,1041.87,0.0,Standard,62.51,1104.38,Gift Card,Delivered,4.0,,False
48578541,183720,2024-11-15,Electronics,4K Monitor,1,108.36,15.0,92.11,0.0,Standard,5.16,97.27,PayPal,Processing,,,False
13147530,117415,2024-09-25,Home & Kitchen,Non-Stick Pan,5,59.16,5.0,281.01,0.0,Standard,17.56,298.57,Credit Card,Returned,3.0,,False
27217696,262277,2025-09-23,Beauty,Face Serum,1,100.0,0.0,100.0,0.0,Express,6.5,106.5,Credit Card,Delivered,2.0,1.0,False
48091734,918605,2025-12-12,Toys,Building Block Set,2,39.82,0.0,79.64,0.0,Next-Day,4.98,84.62,PayPal,Shipped,,,False
82674081,912391,2025-12-12,Clothing,Running Shoes,3,67.43,0.0,202.29,0.0,Standard,12.64,214.93,Credit Card,Shipped,,,False
16080934,793675,2025-11-12,Toys,Puzzle (1000pc),3,23.18,5.0,66.06,5.99,Standard,5.86,77.91,PayPal,Delivered,6.0,,False
37972742,802037,2025-11-06,Grocery,Snack Variety Pack,1,6.15,0.0,6.15,22.99,Next-Day,0.29,29.43,PayPal,Cancelled,,,False
88202563,639715,2025-04-10,Home & Kitchen,Table Lamp,1,198.26,5.0,188.35,0.0,Standard,7.53,195.88,PayPal,Processing,,,False
45040026,839134,2024-05-13,Home & Kitchen,Bed Sheets Set,3,55.62,0.0,166.86,0.0,Standard,9.59,176.45,Credit Card,Delivered,5.0,5.0,False
92967800,968744,2025-10-17,Home & Kitchen,Throw Pillow,1,216.96,0.0,216.96,0.0,Standard,17.9,234.86,Credit Card,Delivered,6.0,4.0,False
25497236,815076,2024-11-28,Clothing,Running Shoes,2,85.33,0.0,170.66,0.0,Standard,10.67,181.33,Credit Card,Delivered,5.0,3.0,False
50454229,700634,2025-04-22,Home & Kitchen,Vacuum Cleaner,1,82.53,0.0,82.53,0.0,Standard,5.36,87.89,Debit Card,Delivered,4.0,,False
71457792,360610,2025-09-19,Home & Kitchen,Bed Sheets Set,3,21.41,0.0,64.23,5.99,Standard,1.86,72.08,PayPal,Shipped,,,False
31077702,110773,2025-11-28,Clothing,Hoodie,1,66.85,10.0,60.16,5.99,Standard,5.34,71.49,Credit Card,Delivered,5.0,5.0,False
36291384,262277,2025-10-27,Home & Kitchen,Non-Stick Pan,1,99.5,10.0,89.55,0.0,Express,5.82,95.37,Credit Card,Delivered,4.0,,False
75073113,262277,2025-06-28,Beauty,Face Serum,3,40.18,0.0,120.54,0.0,Standard,7.84,128.38,PayPal,Delivered,6.0,3.0,False
10643379,862231,2025-08-03,Sports & Outdoors,Hiking Backpack,2,143.66,20.0,229.86,0.0,Express,18.96,248.82,Credit Card,Delivered,3.0,,False
66748450,250854,2025-11-17,Clothing,Summer Dress,2,56.98,10.0,102.56,0.0,Standard,6.41,108.97,Credit Card,Delivered,5.0,,False
59717828,948424,2025-05-03,Sports & Outdoors,Fishing Rod,3,178.13,5.0,507.67,0.0,Standard,45.06,552.73,PayPal,Delivered,4.0,3.0,False
44606924,278950,2025-08-16,Sports & Outdoors,Resistance Bands,1,65.26,0.0,65.26,5.99,Standard,3.1,74.35,Credit Card,Delivered,7.0,,False
37283929,807261,2024-08-12,Home & Kitchen,Blender,2,154.61,10.0,278.3,0.0,Next-Day,16.7,295.0,PayPal,Delivered,1.0,,False
63978488,187323,2025-06-04,Grocery,Green Tea (Box),1,25.07,10.0,22.56,12.99,Express,1.41,36.96,PayPal,Delivered,1.0,,False
99731611,867788,2025-05-04,Electronics,USB-C Hub,3,312.98,0.0,938.94,0.0,Express,27.23,966.17,Credit Card,Cancelled,,,False
18871590,262277,2025-12-03,Home & Kitchen,Storage Bins,1,70.69,0.0,70.69,5.99,Standard,4.59,81.27,Credit Card,Delivered,5.0,,False
67050486,437427,2024-11-21,Toys,Art & Craft Kit,1,37.01,5.0,35.16,5.99,Standard,2.9,44.05,Debit Card,Delivered,8.0,,False
18170643,860481,2025-10-25,Beauty,Hair Dryer,1,37.02,0.0,37.02,22.99,Next-Day,2.41,62.42,PayPal,Delivered,1.0,,False
29527535,549361,2025-03-17,Electronics,Bluetooth Speaker,3,110.7,0.0,332.1,0.0,Standard,19.93,352.03,Credit Card,Delivered,7.0,2.0,False
16087205,630171,2025-07-15,Toys,Art & Craft Kit,3,25.98,10.0,70.15,5.99,Standard,4.21,80.35,Credit Card,Delivered,7.0,,False
73928005,950421,2024-11-22,Sports & Outdoors,Resistance Bands,1,177.36,15.0,150.76,0.0,Standard,9.42,160.18,Debit Card,Returned,4.0,,False
95500969,862231,2024-03-17,Clothing,Running Shoes,3,16.82,0.0,50.46,5.99,Standard,4.16,60.61,Apple Pay,Delivered,7.0,,False
49016368,302426,2024-07-11,Toys,Plush Toy,1,49.62,0.0,49.62,5.99,Standard,4.09,59.7,Credit Card,Shipped,,,False
88692157,531846,2024-04-24,Books,Science Textbook,1,18.55,0.0,18.55,5.99,Standard,1.16,25.7,Apple Pay,Cancelled,,,False
82011419,772288,2024-02-24,Electronics,Smartwatch,2,203.14,0.0,406.28,0.0,Standard,23.36,429.64,PayPal,Delivered,5.0,,False
93169755,435649,2024-01-10,Clothing,Men's T-Shirt,1,116.63,0.0,116.63,0.0,Next-Day,7.29,123.92,Debit Card,Processing,,,False
72793999,499339,2024-05-25,Clothing,Socks (3-pack),1,54.47,0.0,54.47,5.99,Standard,3.4,63.86,Credit Card,Delivered,5.0,,False
44639399,484415,2024-12-05,Electronics,4K Monitor,1,139.87,0.0,139.87,0.0,Standard,9.09,148.96,Credit Card,Delivered,4.0,3.0,True
18881243,654375,2024-11-28,Electronics,Smartphone Case,1,259.7,10.0,233.73,0.0,Express,14.61,248.34,Debit Card,Delivered,3.0,3.0,False
26548923,777395,2024-02-22,Clothing,Men's T-Shirt,2,59.65,15.0,101.41,0.0,Standard,6.59,108.0,Credit Card,Shipped,,,False
29340896,343764,2025-09-30,Electronics,Laptop Stand,1,307.62,0.0,307.62,0.0,Standard,20.0,327.62,Credit Card,Delivered,5.0,4.0,False
52436529,791592,2024-12-17,Electronics,Noise Cancelling Headphones,5,260.58,0.0,1302.9,0.0,Standard,74.92,1377.82,Debit Card,Cancelled,,,False
44591640,575340,2025-09-21,Clothing,Socks (3-pack),1,157.23,5.0,149.37,0.0,Standard,8.96,158.33,Credit Card,Processing,,,False
32127430,547239,2025-06-07,Home & Kitchen,Throw Pillow,4,26.02,0.0,104.08,0.0,Standard,6.24,110.32,Credit Card,Delivered,6.0,,False
95486966,896180,2024-10-17,Clothing,Denim Jacket,1,109.89,0.0,109.89,0.0,Standard,9.75,119.64,Credit Card,Shipped,,,False
54738455,349075,2024-04-29,Books,Biography,1,26.08,10.0,23.47,5.99,Standard,1.47,30.93,Credit Card,Delivered,5.0,3.0,False
59372213,304794,2025-11-09,Clothing,Winter Jacket,1,160.59,5.0,152.56,0.0,Standard,6.1,158.66,Credit Card,Delivered,6.0,5.0,False
48505254,815544,2024-09-10,Toys,Puzzle (1000pc),2,35.65,0.0,71.3,12.99,Express,4.63,88.92,Debit Card,Delivered,2.0,2.0,False
83756973,673087,2024-10-11,Home & Kitchen,Non-Stick Pan,2,216.65,0.0,433.3,0.0,Standard,27.08,460.38,Apple Pay,Delivered,6.0,,False
71736113,478894,2025-02-06,Clothing,Running Shoes,2,127.64,0.0,255.28,0.0,Express,7.4,262.68,Debit Card,Delivered,2.0,,False
92329172,525940,2025-02-04,Grocery,Vitamin Supplements,1,12.21,5.0,11.6,5.99,Standard,0.65,18.24,PayPal,Delivered,7.0,,False
42011836,138509,2025-05-03,Home & Kitchen,Throw Pillow,5,82.99,0.0,414.95,0.0,Standard,34.23,449.18,Credit Card,Delivered,4.0,,False
96047639,479646,2025-04-07,Toys,Puzzle (1000pc),1,30.17,0.0,30.17,12.99,Express,2.49,45.65,Apple Pay,Cancelled,,,False
28716431,843873,2025-12-10,Beauty,Hair Dryer,1,30.4,0.0,30.4,12.99,Express,1.44,44.83,Credit Card,Delivered,4.0,,False
57608154,496323,2025-12-05,Clothing,Hoodie,3,87.78,5.0,250.17,0.0,Express,15.64,265.81,Debit Card,Delivered,3.0,,False
42012738,562945,2024-05-13,Sports & Outdoors,Resistance Bands,1,68.51,,58.23,5.99,Standard,3.49,67.71,Credit Card,Delivered,6.0,,False
63770547,138509,2024-11-26,Toys,Remote Control Car,1,35.67,5.0,33.89,12.99,Express,2.8,49.68,Debit Card,Delivered,1.0,3.0,False
37238431,697476,2025-09-24,Electronics,Gaming Mouse,5,319.47,0.0,1597.35,0.0,Express,95.84,1693.19,Debit Card,Returned,3.0,,False
71035844,647640,2024-02-21,Clothing,Summer Dress,1,73.12,20.0,58.5,12.99,Express,3.66,75.15,Debit Card,Delivered,1.0,4.0,False
64487093,199805,2024-10-29,Sports & Outdoors,Golf Balls (12-pack),1,166.3,0.0,166.3,0.0,Express,9.56,175.86,Apple Pay,Delivered,1.0,2.0,True
17673112,574033,2025-12-25,Home & Kitchen,Cutlery Set,1,119.12,0.0,119.12,0.0,Next-Day,7.45,126.57,Debit Card,Delivered,2.0,4.0,False
33069784,105585,2025-12-13,Books,Science Textbook,3,27.57,5.0,78.57,0.0,Standard,4.91,83.48,Apple Pay,Delivered,5.0,3.0,False
80213610,563979,2024-12-14,Home & Kitchen,Cutlery Set,4,72.89,10.0,262.4,0.0,Express,21.65,284.05,Debit Card,Delivered,2.0,4.0,False
73508649,250854,2024-03-19,Beauty,Lipstick,2,39.3,15.0,66.81,5.99,Standard,4.18,76.98,PayPal,Delivered,5.0,4.0,False
85572205,682861,2024-06-13,Sports & Outdoors,Fishing Rod,2,138.04,0.0,276.08,0.0,Standard,17.25,293.33,PayPal,Shipped,,,False
27433740,150447,2024-12-21,Beauty,Hair Dryer,2,59.91,0.0,119.82,0.0,Standard,6.71,126.53,Credit Card,Delivered,6.0,4.0,False
22518401,908554,2024-09-19,Home & Kitchen,Cutlery Set,2,139.5,0.0,279.0,0.0,Standard,11.16,290.16,Debit Card,Delivered,6.0,4.0,False
90671021,759700,2025-02-08,Toys,Building Block Set,5,49.41,0.0,247.05,0.0,Express,7.16,254.21,Apple Pay,Delivered,3.0,4.0,False
59177179,771452,2025-03-07,Electronics,Noise Cancelling Headphones,5,339.46,0.0,1697.3,0.0,Standard,101.84,1799.14,Credit Card,Delivered,4.0,,False
60268441,977008,2025-12-31,Grocery,Organic Coffee Beans,1,29.0,0.0,29.0,5.99,Standard,1.81,36.8,Credit Card,Shipped,,,False
89819047,125280,2025-11-18,Beauty,Shampoo & Conditioner Set,1,98.49,0.0,98.49,0.0,Standard,5.66,104.15,Gift Card,Delivered,7.0,3.0,False
98974020,948424,2024-09-13,Clothing,Men's T-Shirt,1,123.29,0.0,123.29,0.0,Standard,10.94,134.23,Credit Card,Shipped,,,False
42885336,360610,2024-07-09,Clothing,Men's T-Shirt,2,106.89,0.0,213.78,0.0,Standard,6.2,219.98,PayPal,Delivered,5.0,,False
67110888,142537,2025-04-27,Electronics,Smartwatch,4,317.28,0.0,1269.12,0.0,Standard,36.8,1305.92,PayPal,Delivered,5.0,4.0,False
55573047,698248,2025-02-26,Home & Kitchen,Cutlery Set,1,143.64,0.0,143.64,0.0,Standard,8.98,152.62,Credit Card,Cancelled,,,False
27119226,471843,2025-10-25,Electronics,4K Monitor,1,103.83,0.0,103.83,0.0,Express,4.15,107.98,PayPal,Shipped,,,False
78927699,510757,2025-08-09,Home & Kitchen,Coffee Maker,1,77.37,0.0,77.37,0.0,Standard,6.87,84.24,Credit Card,Delivered,8.0,5.0,False
17280987,455782,2024-04-12,Toys,Action Figure,2,45.34,0.0,90.68,0.0,Standard,5.67,96.35,Credit Card,Delivered,6.0,4.0,False
70060122,642667,2024-11-09,Electronics,Wireless Earbuds,1,113.47,10.0,102.12,0.0,Express,6.13,108.25,Gift Card,Delivered,2.0,,False
77371002,991288,2025-02-04,Home & Kitchen,Bed Sheets Set,1,130.0,0.0,130.0,0.0,Express,6.17,136.17,Credit Card,Delivered,4.0,,False
34803473,362339,2025-11-28,Clothing,Hoodie,3,57.05,0.0,171.15,0.0,Next-Day,10.27,181.42,Credit Card,Delivered,1.0,3.0,True
32812864,608483,2024-12-27,Sports & Outdoors,Golf Balls (12-pack),1,133.94,0.0,133.94,0.0,Express,11.89,145.83,Credit Card,Delivered,3.0,2.0,False
66404060,244629,2024-09-27,Grocery,Granola Bars (12-pack),3,13.7,0.0,41.1,5.99,Standard,2.3,49.39,Credit Card,Delivered,7.0,3.0,False
36545548,562945,2025-02-24,Clothing,Men's T-Shirt,1,71.94,0.0,71.94,5.99,Standard,4.32,82.25,PayPal,Delivered,6.0,4.0,False
15833274,910789,2024-08-13,Electronics,Portable Charger,3,74.6,5.0,212.61,0.0,Next-Day,13.82,226.43,Debit Card,Delivered,2.0,,False
26487881,812521,2024-03-19,Electronics,Portable Charger,1,31.8,0.0,31.8,5.99,Standard,1.99,39.78,PayPal,Delivered,6.0,3.0,False
79031640,528226,2025-10-20,Electronics,Gaming Mouse,1,160.35,15.0,136.3,0.0,Next-Day,8.52,144.82,Apple Pay,Delivered,4.0,3.0,False
62373398,206043,2025-11-12,Books,Poetry Collection,1,27.97,,23.77,5.99,Standard,1.49,31.25,PayPal,Processing,,,False
94951960,427009,2024-06-30,Beauty,Moisturizer,1,53.09,0.0,53.09,5.99,Standard,2.12,61.2,PayPal,Processing,,,False
60169873,919601,2024-06-28,Clothing,Men's T-Shirt,1,138.08,0.0,138.08,0.0,Express,12.25,150.33,PayPal,Delivered,5.0,3.0,False
92682907,156059,2025-05-02,Electronics,Noise Cancelling Headphones,1,299.04,0.0,299.04,0.0,Standard,0.0,299.04,PayPal,Delivered,2.0,,False
74927919,351676,2025-10-13,Grocery,Vitamin Supplements,1,17.36,,13.02,12.99,Express,0.85,26.86,Credit Card,Delivered,4.0,3.0,False
71995888,779182,2025-03-07,Grocery,Organic Coffee Beans,1,17.56,0.0,17.56,12.99,Express,0.83,31.38,Credit Card,Delivered,1.0,4.0,False
82779551,197599,2025-04-16,Home & Kitchen,Air Fryer,2,148.47,0.0,296.94,0.0,Standard,19.3,316.24,Credit Card,Delivered,5.0,,True
86865828,833249,2024-01-25,Clothing,Hoodie,2,120.2,5.0,228.38,0.0,Standard,13.13,241.51,Credit Card,Shipped,,,False
14196089,236621,2024-12-18,Home & Kitchen,Blender,2,141.88,0.0,283.76,0.0,Standard,17.03,300.79,Credit Card,Delivered,6.0,4.0,False
49766695,614646,2025-08-14,Sports & Outdoors,Fishing Rod,5,156.5,0.0,782.5,0.0,Standard,48.91,831.41,Apple Pay,Shipped,,,False
25930885,126546,2024-12-28,Electronics,Laptop Stand,1,194.65,10.0,175.19,0.0,Standard,15.55,190.74,Credit Card,Delivered,6.0,,False
71057742,248116,2025-10-09,Clothing,Men's T-Shirt,1,136.15,5.0,129.34,0.0,Standard,8.41,137.75,Debit Card,Delivered,6.0,4.0,False
34770385,393507,2025-03-16,Home & Kitchen,Storage Bins,1,62.02,0.0,62.02,12.99,Express,3.72,78.73,Credit Card,Delivered,5.0,4.0,False
48424758,766443,2025-09-29,Clothing,Denim Jacket,2,96.78,0.0,193.56,0.0,Express,15.97,209.53,Debit Card,Delivered,3.0,2.0,False
54122194,948424,2024-09-30,Electronics,Smartphone Case,4,260.65,0.0,1042.6,0.0,Standard,92.53,1135.13,Credit Card,Delivered,7.0,,True
60674613,778853,2024-06-10,Books,Cookbook,1,20.02,5.0,19.02,5.99,Standard,1.07,26.08,PayPal,Returned,6.0,,False
69352172,737012,2024-04-23,Home & Kitchen,Coffee Maker,4,121.48,0.0,485.92,0.0,Express,31.58,517.5,Credit Card,Delivered,1.0,3.0,False
61046763,351676,2025-10-21,Clothing,Hoodie,1,148.16,0.0,148.16,0.0,Standard,9.63,157.79,Credit Card,Shipped,,,False
23083896,471843,2025-03-08,Books,Self-Help Book,3,22.89,0.0,68.67,5.99,Standard,2.75,77.41,Credit Card,Processing,,,False
42557571,736402,2025-06-06,Electronics,4K Monitor,3,169.96,10.0,458.89,0.0,Express,28.68,487.57,Credit Card,Delivered,3.0,,False
20257999,394360,2024-09-25,Electronics,4K Monitor,1,195.32,0.0,195.32,0.0,Express,16.11,211.43,Debit Card,Delivered,2.0,,True
35268227,562945,2025-11-07,Electronics,Portable Charger,1,92.85,0.0,92.85,0.0,Standard,5.57,98.42,Apple Pay,Delivered,6.0,3.0,False
70415199,625033,2025-02-13,Clothing,Hoodie,1,37.56,0.0,37.56,5.99,Standard,3.33,46.88,Credit Card,Shipped,,,False
10642761,464362,2025-02-18,Home & Kitchen,Blender,1,138.5,0.0,138.5,0.0,Standard,8.31,146.81,Credit Card,Delivered,7.0,3.0,False
59063740,920879,2025-10-05,Electronics,USB-C Hub,2,219.11,0.0,438.22,0.0,Standard,27.39,465.61,Gift Card,Delivered,5.0,4.0,False
99253221,640867,2024-12-11,Electronics,Laptop Stand,2,293.01,0.0,586.02,0.0,Standard,52.01,638.03,Credit Card,Delivered,6.0,,False
47507940,360610,2025-08-12,Home & Kitchen,Vacuum Cleaner,3,48.35,0.0,145.05,0.0,Standard,4.21,149.26,Credit Card,Delivered,5.0,2.0,False
41118553,401192,2025-11-24,Electronics,Bluetooth Speaker,1,77.01,0.0,77.01,0.0,Standard,4.81,81.82,Credit Card,Delivered,7.0,3.0,False
99804228,967104,2024-09-09,Home & Kitchen,Non-Stick Pan,5,84.63,0.0,423.15,0.0,Express,26.45,449.6,Apple Pay,Delivered,2.0,,False
45220035,645647,2024-12-14,Clothing,Denim Jacket,1,98.56,0.0,98.56,0.0,Standard,8.75,107.31,Debit Card,Returned,5.0,,False
88178049,782906,2024-11-23,Books,Poetry Collection,2,32.7,15.0,55.59,5.99,Standard,3.11,64.69,Credit Card,Delivered,6.0,4.0,False
27587655,286486,2024-07-16,Toys,Puzzle (1000pc),1,39.5,10.0,35.55,5.99,Standard,2.31,43.85,Credit Card,Delivered,6.0,5.0,False
49367937,914509,2025-10-27,Electronics,4K Monitor,4,163.13,0.0,652.52,0.0,Express,40.78,693.3,Credit Card,Delivered,4.0,,False
73730107,425661,2025-04-03,Electronics,Laptop Stand,1,290.78,5.0,276.24,0.0,Standard,8.01,284.25,Credit Card,Returned,5.0,,False
57629611,812521,2024-09-11,Home & Kitchen,Coffee Maker,2,58.59,0.0,117.18,0.0,Standard,7.32,124.5,Credit Card,Delivered,4.0,,False
70835852,301622,2024-11-01,Sports & Outdoors,Yoga Mat,2,114.03,20.0,182.45,0.0,Standard,10.95,193.4,PayPal,Delivered,5.0,,False
43416716,490754,2025-09-20,Clothing,Women's Jeans,2,97.89,0.0,195.78,0.0,Standard,10.96,206.74,Credit Card,Delivered,5.0,,True
28220452,553606,2025-05-27,Clothing,Denim Jacket,3,56.83,15.0,144.92,0.0,Express,5.8,150.72,Gift Card,Delivered,5.0,5.0,False
11836672,372352,2025-11-16,Clothing,Denim Jacket,1,93.36,0.0,93.36,0.0,Express,5.83,99.19,Debit Card,Shipped,,,False
58124407,733216,2025-10-21,Beauty,Sunscreen SPF50,1,89.78,10.0,80.8,0.0,Standard,5.05,85.85,PayPal,Delivered,5.0,,False
77126794,492493,2024-09-23,Beauty,Nail Polish Set,2,71.9,0.0,143.8,0.0,Standard,8.99,152.79,Credit Card,Delivered,6.0,4.0,False
45944122,721397,2024-04-15,Electronics,Gaming Mouse,1,65.85,0.0,65.85,5.99,Standard,3.79,75.63,Debit Card,Delivered,6.0,,False
70761615,199805,2024-12-19,Toys,Building Block Set,3,38.77,15.0,98.86,0.0,Standard,5.68,104.54,PayPal,Delivered,6.0,4.0,False
88286534,210779,2024-08-23,Beauty,Moisturizer,3,100.9,0.0,302.7,0.0,Standard,24.97,327.67,Credit Card,Delivered,5.0,,False
78570037,579703,2024-06-08,Clothing,Winter Jacket,3,55.73,0.0,167.19,0.0,Standard,10.03,177.22,Debit Card,Delivered,6.0,5.0,False
16501432,360610,2024-07-09,Books,Cookbook,1,23.51,0.0,23.51,12.99,Express,0.68,37.18,Credit Card,Delivered,2.0,,False
94672193,325640,2025-12-16,Home & Kitchen,Table Lamp,1,123.36,20.0,98.69,0.0,Standard,8.14,106.83,Credit Card,Delivered,4.0,5.0,False
25662282,538136,2025-11-10,Electronics,Smartwatch,2,302.51,0.0,605.02,0.0,Express,34.79,639.81,Credit Card,Delivered,1.0,4.0,False
24921948,489089,2025-07-19,Beauty,Makeup Brush Set,1,34.72,5.0,32.98,5.99,Standard,1.32,40.29,Credit Card,Delivered,8.0,5.0,False
36423647,567751,2024-12-20,Grocery,Snack Variety Pack,1,27.12,10.0,24.41,5.99,Standard,1.37,31.77,PayPal,Returned,5.0,,False
41217955,562945,2025-10-19,Sports & Outdoors,Fishing Rod,4,283.76,0.0,1135.04,0.0,Express,68.1,1203.14,Gift Card,Delivered,1.0,,False
54621320,102475,2024-11-04,Home & Kitchen,Air Fryer,1,93.24,0.0,93.24,0.0,Standard,5.83,99.07,Gift Card,Delivered,6.0,4.0,True
41398736,936730,2024-02-24,Clothing,Running Shoes,1,47.54,0.0,47.54,12.99,Express,2.66,63.19,Apple Pay,Delivered,1.0,,False
74768609,415267,2024-03-13,Clothing,Running Shoes,1,42.4,15.0,36.04,12.99,Express,0.0,49.03,Credit Card,Processing,,,False
90582549,206781,2024-05-12,Home & Kitchen,Throw Pillow,1,73.44,0.0,73.44,5.99,Standard,4.11,83.54,Credit Card,Shipped,,,False
55278513,225295,2025-12-20,Home & Kitchen,Table Lamp,1,89.41,0.0,89.41,0.0,Next-Day,5.36,94.77,PayPal,Delivered,1.0,3.0,False
87266143,307101,2024-03-16,Clothing,Wool Sweater,2,54.2,10.0,97.56,0.0,Standard,6.34,103.9,Credit Card,Delivered,6.0,3.0,False
38182717,848469,2024-09-11,Clothing,Men's T-Shirt,1,52.8,0.0,52.8,5.99,Standard,4.69,63.48,Credit Card,Delivered,4.0,,False
25879022,936730,2024-11-29,Beauty,Shampoo & Conditioner Set,5,80.8,0.0,404.0,0.0,Standard,22.62,426.62,Credit Card,Cancelled,,,False
35037466,633917,2024-12-14,Books,Biography,3,42.64,30.0,89.54,0.0,Standard,7.39,96.93,Apple Pay,Processing,,,False
62762517,579703,2025-10-16,Beauty,Nail Polish Set,1,118.01,0.0,118.01,0.0,Next-Day,7.08,125.09,Apple Pay,Delivered,1.0,,True
44437648,136888,2024-08-14,Home & Kitchen,Throw Pillow,1,59.1,15.0,50.23,22.99,Next-Day,2.89,76.11,Credit Card,Delivered,1.0,3.0,False
58457795,779182,2025-02-16,Sports & Outdoors,Yoga Mat,2,332.48,0.0,664.96,0.0,Standard,31.59,696.55,PayPal,Delivered,7.0,,False
18316171,862525,2024-02-28,Electronics,Smartphone Case,1,199.37,0.0,199.37,0.0,Standard,11.96,211.33,Credit Card,Delivered,6.0,,False
33554524,332762,2025-03-07,Home & Kitchen,Non-Stick Pan,1,119.27,10.0,107.34,0.0,Next-Day,6.44,113.78,Credit Card,Cancelled,,,False
28257631,657736,2024-01-10,Beauty,Moisturizer,1,46.57,0.0,46.57,22.99,Next-Day,2.79,72.35,Credit Card,Delivered,2.0,,False
84029818,968744,2025-03-27,Home & Kitchen,Bed Sheets Set,4,115.51,0.0,462.04,0.0,Standard,38.12,500.16,Credit Card,Delivered,6.0,3.0,False
23627655,638021,2025-10-29,Electronics,Portable Charger,1,141.59,10.0,127.43,0.0,Express,10.51,137.94,Credit Card,Cancelled,,,False
46951565,654605,2025-08-15,Home & Kitchen,Cutlery Set,4,136.9,10.0,492.84,0.0,Express,30.8,523.64,Apple Pay,Delivered,3.0,,True
41210137,733490,2025-09-14,Home & Kitchen,Vacuum Cleaner,1,51.24,0.0,51.24,22.99,Next-Day,4.55,78.78,Credit Card,Delivered,1.0,4.0,False
28384670,991109,2025-11-02,Clothing,Women's Jeans,3,140.05,0.0,420.15,0.0,Standard,27.31,447.46,Credit Card,Delivered,6.0,,False
62055493,867788,2025-08-15,Home & Kitchen,Blender,3,127.82,0.0,383.46,0.0,Express,11.12,394.58,Debit Card,Delivered,4.0,4.0,False
33641172,188261,2025-11-04,Books,Self-Help Book,1,30.84,0.0,30.84,5.99,Standard,1.73,38.56,Credit Card,Delivered,6.0,,False
92572901,981087,2024-12-17,Beauty,Body Lotion,4,31.2,,124.8,0.0,Standard,4.99,129.79,PayPal,Delivered,5.0,,True
39656011,184650,2024-12-26,Toys,Puzzle (1000pc),1,27.95,10.0,25.16,5.99,Standard,1.51,32.66,PayPal,Delivered,6.0,4.0,False
47565566,362339,2024-01-21,Toys,Doll House,1,88.24,0.0,88.24,0.0,Express,5.29,93.53,Apple Pay,Delivered,1.0,2.0,False
17160846,743901,2024-10-09,Clothing,Hoodie,2,81.96,0.0,163.92,0.0,Standard,10.24,174.16,Credit Card,Processing,,,False
36319506,741294,2024-10-13,Books,Science Textbook,2,17.93,0.0,35.86,12.99,Express,2.96,51.81,Credit Card,Delivered,2.0,2.0,False
47968571,510757,2025-11-20,Electronics,Smartwatch,2,377.74,0.0,755.48,0.0,Standard,67.05,822.53,Credit Card,Returned,6.0,,False
28459805,880473,2024-07-10,Electronics,Smartphone Case,1,90.99,0.0,90.99,0.0,Standard,5.69,96.68,Debit Card,Delivered,6.0,,False
57163077,311051,2025-10-12,Grocery,Snack Variety Pack,1,34.23,0.0,34.23,5.99,Standard,2.14,42.36,Credit Card,Delivered,5.0,4.0,False
37108890,993866,2024-02-13,Home & Kitchen,Storage Bins,1,44.41,0.0,44.41,5.99,Standard,2.66,53.06,Credit Card,Shipped,,,False
22574153,993866,2024-01-03,Clothing,Yoga Leggings,3,40.83,0.0,122.49,0.0,Standard,7.35,129.84,Debit Card,Delivered,3.0,4.0,False
60667140,510757,2025-11-04,Grocery,Organic Coffee Beans,2,24.29,0.0,48.58,12.99,Express,4.31,65.88,PayPal,Delivered,1.0,3.0,False
90209096,286486,2024-04-06,Electronics,Bluetooth Speaker,1,185.42,0.0,185.42,0.0,Standard,12.05,197.47,Credit Card,Delivered,6.0,5.0,False
62576703,492493,2024-09-29,Beauty,Sunscreen SPF50,1,111.14,0.0,111.14,0.0,Express,6.95,118.09,Credit Card,Delivered,2.0,,False
28047153,101688,2024-11-22,Clothing,Running Shoes,2,58.41,20.0,93.46,0.0,Standard,3.74,97.2,Credit Card,Delivered,6.0,4.0,False
24121894,388002,2025-06-02,Clothing,Women's Jeans,1,69.67,0.0,69.67,5.99,Standard,3.9,79.56,PayPal,Delivered,5.0,5.0,False
67759551,232124,2025-08-29,Beauty,Makeup Brush Set,3,57.74,5.0,164.56,0.0,Standard,10.29,174.85,Credit Card,Delivered,7.0,4.0,False
96988653,262277,2025-03-09,Electronics,Portable Charger,2,251.55,0.0,503.1,0.0,Standard,32.7,535.8,PayPal,Delivered,4.0,3.0,False
91073894,597707,2024-01-08,Home & Kitchen,Throw Pillow,1,241.65,25.0,181.24,0.0,Express,16.09,197.33,Credit Card,Returned,2.0,,False
90822550,703269,2024-11-20,Books,Mystery Thriller,1,28.68,0.0,28.68,5.99,Standard,2.55,37.22,Credit Card,Delivered,6.0,,False
51521279,968744,2025-11-16,Home & Kitchen,Non-Stick Pan,1,221.6,0.0,221.6,0.0,Standard,18.28,239.88,Apple Pay,Delivered,6.0,1.0,False
38293514,381632,2025-10-26,Electronics,Wireless Earbuds,1,53.69,0.0,53.69,5.99,Standard,3.01,62.69,Debit Card,Delivered,6.0,,False
93923770,262277,2024-09-29,Beauty,Face Serum,2,99.25,0.0,198.5,0.0,Standard,12.9,211.4,Gift Card,Shipped,,,False
83440705,620456,2025-10-13,Sports & Outdoors,Golf Balls (12-pack),1,97.28,25.0,72.96,12.99,Express,4.56,90.51,Credit Card,Delivered,3.0,,False
80450265,926311,2024-10-16,Beauty,Hair Dryer,4,78.57,0.0,314.28,0.0,Standard,19.64,333.92,Debit Card,Delivered,6.0,,False
64389714,839473,2024-01-04,Electronics,4K Monitor,2,246.13,0.0,492.26,0.0,Standard,28.3,520.56,Credit Card,Processing,,,False
78350228,968744,2025-04-11,Sports & Outdoors,Resistance Bands,2,334.63,0.0,669.26,0.0,Standard,55.21,724.47,Credit Card,Shipped,,,False
11379655,459569,2025-11-16,Electronics,Noise Cancelling Headphones,1,40.57,20.0,32.46,22.99,Next-Day,2.88,58.33,Debit Card,Delivered,1.0,3.0,False
19026275,986803,2024-12-02,Home & Kitchen,Vacuum Cleaner,1,213.13,25.0,159.85,0.0,Express,14.19,174.04,Credit Card,Delivered,2.0,3.0,False
83282824,490754,2024-09-05,Toys,Doll House,1,68.25,5.0,64.84,5.99,Standard,3.63,74.46,Debit Card,Delivered,5.0,,False
40156707,666258,2024-08-28,Beauty,Lipstick,3,111.77,0.0,335.31,0.0,Next-Day,20.96,356.27,Apple Pay,Shipped,,,False
40044623,627699,2024-02-28,Home & Kitchen,Throw Pillow,1,115.21,,103.69,0.0,Express,5.81,109.5,Credit Card,Delivered,3.0,,False
35586868,519553,2024-06-16,Clothing,Denim Jacket,1,101.0,5.0,95.95,0.0,Standard,6.24,102.19,Credit Card,Delivered,5.0,3.0,True
29391054,246201,2025-03-12,Books,Cookbook,5,12.73,0.0,63.65,5.99,Standard,5.25,74.89,Credit Card,Delivered,4.0,3.0,False
55268508,834179,2024-11-11,Electronics,Portable Charger,1,291.15,15.0,247.48,0.0,Standard,14.85,262.33,Apple Pay,Shipped,,,False
65463795,641870,2024-06-20,Books,Biography,1,16.05,0.0,16.05,12.99,Express,1.0,30.04,Apple Pay,Delivered,2.0,2.0,False
76775090,178476,2025-11-25,Electronics,4K Monitor,1,199.26,5.0,189.3,0.0,Standard,5.49,194.79,Debit Card,Delivered,4.0,3.0,False
66628099,285887,2025-12-30,Beauty,Shampoo & Conditioner Set,1,27.26,10.0,24.53,5.99,Standard,2.18,32.7,PayPal,Shipped,,,False
41513784,509048,2025-01-15,Clothing,Women's Jeans,2,75.02,0.0,150.04,0.0,Standard,12.38,162.42,Credit Card,Returned,6.0,,False
24011582,180132,2024-02-04,Beauty,Face Serum,1,135.27,5.0,128.51,0.0,Express,10.6,139.11,Credit Card,Shipped,,,False
93596119,901983,2024-03-17,Home & Kitchen,Cutlery Set,1,41.9,0.0,41.9,12.99,Express,2.62,57.51,Credit Card,Processing,,,False
65836890,233544,2025-09-07,Beauty,Sunscreen SPF50,1,73.59,0.0,73.59,5.99,Standard,6.53,86.11,Credit Card,Returned,3.0,,True
48275361,638021,2025-06-08,Sports & Outdoors,Camping Tent,1,112.96,5.0,107.31,0.0,Express,8.85,116.16,Credit Card,Delivered,3.0,4.0,False
90071329,335732,2025-12-26,Clothing,Denim Jacket,1,92.26,20.0,73.81,5.99,Standard,2.14,81.94,Gift Card,Delivered,6.0,4.0,False
54312181,376515,2025-05-07,Books,Science Textbook,3,32.27,25.0,72.61,5.99,Standard,4.36,82.96,Credit Card,Delivered,7.0,,False
67894903,415267,2025-09-29,Home & Kitchen,Non-Stick Pan,1,216.09,0.0,216.09,0.0,Standard,0.0,216.09,Credit Card,Shipped,,,False
20616561,659864,2024-11-15,Grocery,Snack Variety Pack,1,9.35,0.0,9.35,5.99,Standard,0.83,16.17,PayPal,Delivered,6.0,,False
28377671,968744,2025-03-22,Clothing,Women's Jeans,3,83.26,5.0,237.29,0.0,Standard,19.58,256.87,PayPal,Delivered,5.0,,False
84240475,693034,2024-07-23,Electronics,Wireless Earbuds,4,106.33,0.0,425.32,0.0,,25.52,450.84,Credit Card,Delivered,6.0,1.0,False
82679719,924543,2024-12-10,Electronics,Laptop Stand,1,119.46,0.0,119.46,0.0,Standard,7.17,126.63,Gift Card,Processing,,,False
41110756,478937,2025-09-11,Clothing,Summer Dress,1,129.09,,129.09,0.0,Next-Day,7.23,136.32,PayPal,Delivered,1.0,5.0,False
21952111,674253,2024-02-21,Books,Science Textbook,1,16.87,0.0,16.87,5.99,Standard,0.94,23.8,Credit Card,Shipped,,,False
97222132,251262,2025-10-16,Grocery,Green Tea (Box),3,30.37,10.0,82.0,0.0,Standard,4.59,86.59,Credit Card,Delivered,7.0,,True
64169788,812521,2025-08-20,Home & Kitchen,Coffee Maker,2,233.59,15.0,397.1,0.0,Express,24.82,421.92,Credit Card,Delivered,2.0,5.0,False
76566948,867788,2024-04-09,Clothing,Winter Jacket,3,138.12,0.0,414.36,0.0,Standard,12.02,426.38,Apple Pay,Delivered,6.0,,False
36342360,800558,2025-11-14,Toys,Board Game,2,15.88,20.0,25.41,5.99,Standard,1.59,32.99,Apple Pay,Delivered,4.0,4.0,True
95519640,562945,2025-02-19,Electronics,Smartphone Case,1,191.4,0.0,191.4,0.0,Express,11.48,202.88,Apple Pay,Delivered,3.0,,False
81996341,562945,2024-08-01,Home & Kitchen,Vacuum Cleaner,3,252.18,0.0,756.54,0.0,Standard,45.39,801.93,PayPal,Delivered,5.0,3.0,False
61296379,199805,2025-06-19,Home & Kitchen,Table Lamp,5,140.79,0.0,703.95,0.0,Standard,40.48,744.43,PayPal,Delivered,6.0,2.0,False
59757384,314363,2024-03-06,Clothing,Hoodie,1,59.86,0.0,59.86,12.99,Express,3.74,76.59,Apple Pay,Delivered,3.0,4.0,False
61230982,779182,2025-09-19,Home & Kitchen,Storage Bins,2,134.24,5.0,255.06,0.0,Standard,12.12,267.18,Gift Card,Delivered,7.0,,False
88627088,910706,2024-01-01,Home & Kitchen,Storage Bins,1,78.46,0.0,78.46,0.0,,4.71,83.17,Apple Pay,Delivered,4.0,3.0,False
73053806,567801,2024-12-18,Electronics,Smartwatch,1,67.78,0.0,67.78,12.99,Express,5.59,86.36,Debit Card,Delivered,3.0,4.0,False
37644566,848469,2025-02-08,Clothing,Women's Jeans,3,102.97,0.0,308.91,0.0,Standard,27.42,336.33,Credit Card,Returned,4.0,,False
96301095,409624,2024-10-04,Clothing,Men's T-Shirt,4,37.19,0.0,148.76,0.0,Standard,8.93,157.69,Credit Card,Cancelled,,,False
37047110,737012,2025-11-06,Sports & Outdoors,Dumbbell Set,2,195.8,10.0,352.44,0.0,Standard,22.91,375.35,Apple Pay,Delivered,4.0,4.0,False
91793284,794585,2024-02-14,Books,Science Textbook,1,23.23,20.0,18.58,5.99,Standard,1.21,25.78,Credit Card,Shipped,,,False
79806952,753872,2025-11-17,Beauty,Nail Polish Set,1,31.66,30.0,22.16,5.99,Standard,1.44,29.59,Credit Card,Processing,,,False
64167490,743901,2025-02-19,Electronics,Bluetooth Speaker,4,152.93,30.0,428.2,0.0,Express,26.76,454.96,Debit Card,Delivered,3.0,5.0,False
94155262,369304,2024-02-02,Books,Science Textbook,1,28.63,5.0,27.2,5.99,Standard,2.24,35.43,Debit Card,Returned,7.0,,False
20442419,177411,2025-07-20,Home & Kitchen,Vacuum Cleaner,1,93.8,0.0,93.8,0.0,Next-Day,6.1,99.9,Gift Card,Shipped,,,False
23729332,136888,2024-10-04,Home & Kitchen,Air Fryer,2,124.25,0.0,248.5,0.0,Standard,14.29,262.79,Credit Card,Delivered,6.0,3.0,False
33787541,733490,2025-09-22,Sports & Outdoors,Bicycle Helmet,4,152.68,0.0,610.72,0.0,Next-Day,54.2,664.92,Credit Card,Delivered,1.0,4.0,False
62516946,150447,2025-01-15,Electronics,Smartwatch,1,109.74,0.0,109.74,0.0,Standard,6.15,115.89,Credit Card,Delivered,4.0,,False
77977055,176521,2025-05-04,Home & Kitchen,Vacuum Cleaner,4,51.82,0.0,207.28,0.0,Next-Day,13.47,220.75,Credit Card,Delivered,2.0,4.0,False
83956075,335732,2025-12-31,Sports & Outdoors,Dumbbell Set,1,29.53,0.0,29.53,12.99,Express,0.86,43.38,PayPal,Shipped,,,False
45583828,371877,2025-08-29,Sports & Outdoors,Fishing Rod,2,306.03,0.0,612.06,0.0,Standard,54.32,666.38,Apple Pay,Delivered,5.0,3.0,False
38374816,771452,2024-02-05,Electronics,4K Monitor,1,288.04,30.0,201.63,0.0,,12.1,213.73,PayPal,Delivered,4.0,3.0,False
24037186,350194,2025-05-21,Beauty,Body Lotion,2,85.21,0.0,170.42,0.0,Standard,14.06,184.48,Debit Card,Shipped,,,False
24658935,288886,2025-06-30,Beauty,Nail Polish Set,2,21.57,0.0,43.14,22.99,Next-Day,2.59,68.72,Credit Card,Shipped,,,False
65164433,169983,2025-11-23,Home & Kitchen,Cutlery Set,2,142.5,0.0,285.0,0.0,Express,23.51,308.51,Debit Card,Delivered,2.0,4.0,False
29452932,222328,2024-04-21,Electronics,Smartwatch,1,145.34,0.0,145.34,0.0,Standard,8.36,153.7,Gift Card,Delivered,6.0,4.0,False
87209074,688573,2024-12-29,Home & Kitchen,Cutlery Set,1,143.31,5.0,136.14,0.0,Standard,8.17,144.31,Credit Card,Returned,7.0,,False
90936035,803050,2024-12-17,Toys,Action Figure,1,27.41,0.0,27.41,5.99,Standard,1.58,34.98,Credit Card,Shipped,,,False
94603134,985973,2025-06-24,Books,Biography,2,35.32,0.0,70.64,5.99,Standard,4.24,80.87,Credit Card,Returned,4.0,,False
78673867,597707,2024-11-15,Toys,Remote Control Car,1,32.18,0.0,32.18,22.99,Next-Day,2.86,58.03,Credit Card,Returned,1.0,,False
75021222,307937,2025-10-06,Toys,Remote Control Car,1,59.86,0.0,59.86,5.99,Standard,3.74,69.59,Credit Card,Returned,7.0,,False
14301446,992416,2025-08-28,Home & Kitchen,Table Lamp,1,126.55,0.0,126.55,0.0,Express,3.67,130.22,Gift Card,Delivered,2.0,,False
58140724,968744,2024-09-04,Electronics,Smartphone Case,2,199.19,0.0,398.38,0.0,Express,32.87,431.25,Credit Card,Delivered,3.0,,False
38825288,884309,2025-08-10,Clothing,Women's Jeans,2,31.15,0.0,62.3,5.99,Standard,2.96,71.25,Apple Pay,Delivered,7.0,3.0,False
10563032,489801,2024-12-29,Clothing,Winter Jacket,1,69.11,0.0,69.11,5.99,Standard,4.32,79.42,Credit Card,Delivered,3.0,3.0,False
83696704,320881,2025-11-13,Toys,Doll House,4,39.81,5.0,151.28,0.0,Standard,12.48,163.76,Credit Card,Delivered,5.0,,False
45851724,311484,2024-09-28,Clothing,Wool Sweater,1,37.19,0.0,37.19,22.99,Next-Day,2.32,62.5,PayPal,Delivered,1.0,3.0,False
59976029,862231,2024-07-09,Clothing,Denim Jacket,3,66.67,0.0,200.01,0.0,Express,16.5,216.51,PayPal,Delivered,3.0,4.0,False
68408824,738327,2025-12-21,Clothing,Wool Sweater,1,62.36,0.0,62.36,5.99,Standard,3.9,72.25,PayPal,Delivered,6.0,3.0,False
53851311,723573,2024-03-21,Home & Kitchen,Table Lamp,2,177.64,0.0,355.28,0.0,Standard,29.31,384.59,PayPal,Delivered,5.0,,False
69651302,593353,2024-09-18,Home & Kitchen,Coffee Maker,3,202.49,5.0,577.1,0.0,Standard,23.08,600.18,Debit Card,Delivered,6.0,,False
36601736,901983,2025-11-30,Electronics,USB-C Hub,5,71.58,5.0,340.0,0.0,Standard,21.25,361.25,PayPal,Delivered,8.0,4.0,False
92443249,991288,2025-11-10,Home & Kitchen,Blender,1,125.9,5.0,119.61,0.0,Standard,5.68,125.29,Credit Card,Processing,,,False
35138998,834273,2024-12-04,Books,Children's Picture Book,1,21.58,0.0,21.58,22.99,Next-Day,0.0,44.57,Debit Card,Delivered,1.0,,False
22055691,375437,2024-07-05,Sports & Outdoors,Golf Balls (12-pack),3,205.76,,555.55,0.0,Standard,33.33,588.88,Debit Card,Delivered,5.0,5.0,False
58353562,262277,2025-11-22,Beauty,Body Lotion,5,73.38,5.0,348.55,0.0,Standard,22.66,371.21,Credit Card,Delivered,7.0,,False
77789976,304794,2024-03-04,Electronics,Portable Charger,4,227.53,0.0,910.12,0.0,Standard,36.4,946.52,Debit Card,Delivered,5.0,2.0,False
74884379,686314,2024-11-03,Clothing,Running Shoes,1,92.45,0.0,92.45,0.0,Express,7.63,100.08,Debit Card,Delivered,5.0,2.0,False
25424415,376515,2025-04-22,Beauty,Hair Dryer,3,105.89,0.0,317.67,0.0,Standard,19.06,336.73,Credit Card,Delivered,7.0,3.0,False
48567235,538136,2024-02-01,Home & Kitchen,Coffee Maker,1,76.65,0.0,76.65,0.0,Standard,4.41,81.06,Credit Card,Cancelled,,,True
99634308,285598,2024-02-07,Sports & Outdoors,Camping Tent,2,133.38,0.0,266.76,0.0,Standard,22.01,288.77,Credit Card,Shipped,,,False
56445649,567801,2025-06-04,Electronics,Laptop Stand,3,122.29,0.0,366.87,0.0,Standard,30.27,397.14,Credit Card,Delivered,3.0,3.0,False
37308460,262277,2024-02-18,Home & Kitchen,Air Fryer,2,67.61,0.0,135.22,0.0,Standard,8.79,144.01,Credit Card,Delivered,6.0,,False
36467540,491813,2025-10-11,Clothing,Denim Jacket,1,68.79,0.0,68.79,12.99,Express,5.68,87.46,Debit Card,Delivered,2.0,4.0,False
37525579,942532,2025-10-09,Electronics,USB-C Hub,2,122.78,0.0,245.56,0.0,Standard,15.35,260.91,Credit Card,Shipped,,,False
71180336,579703,2025-05-21,Electronics,Portable Charger,4,121.36,0.0,485.44,0.0,,29.13,514.57,PayPal,Cancelled,,,False
78183134,635222,2025-10-31,Electronics,Smartwatch,1,232.77,0.0,232.77,0.0,Standard,13.97,246.74,Credit Card,Cancelled,,,False
88000893,262277,2024-12-10,Clothing,Yoga Leggings,3,50.14,0.0,150.42,0.0,Standard,9.78,160.2,Credit Card,Delivered,5.0,,False
26524700,356668,2025-09-14,Books,Poetry Collection,1,23.2,0.0,23.2,5.99,Standard,1.45,30.64,Credit Card,Delivered,6.0,5.0,False
16413804,688573,2025-12-04,Beauty,Makeup Brush Set,3,34.41,0.0,103.23,0.0,Standard,6.19,109.42,Credit Card,Shipped,,,False
75064526,782906,2025-05-13,Books,Mystery Thriller,2,18.59,0.0,37.18,5.99,Standard,2.08,45.25,Credit Card,Delivered,7.0,,False
48199377,257777,2024-11-16,Electronics,Portable Charger,3,161.21,0.0,483.63,0.0,Express,29.02,512.65,Apple Pay,Delivered,2.0,3.0,False
33957636,848469,2025-07-26,Clothing,Winter Jacket,1,66.12,20.0,52.9,12.99,Express,4.69,70.58,PayPal,Delivered,1.0,4.0,False
64850907,933473,2025-05-27,Clothing,Wool Sweater,1,40.19,0.0,40.19,5.99,Standard,2.51,48.69,Credit Card,Delivered,5.0,3.0,False
40102630,310181,2024-12-02,Home & Kitchen,Non-Stick Pan,1,103.98,0.0,103.98,0.0,,5.98,109.96,Debit Card,Delivered,7.0,3.0,True
90065858,834179,2024-04-25,Sports & Outdoors,Jump Rope,1,166.13,0.0,166.13,0.0,Standard,9.97,176.1,Credit Card,Delivered,3.0,,False
37749989,646841,2024-11-15,Clothing,Running Shoes,1,95.25,20.0,76.2,0.0,Next-Day,4.38,80.58,Credit Card,Delivered,1.0,2.0,False
55473250,455782,2024-01-10,Clothing,Summer Dress,3,73.15,0.0,219.45,0.0,Express,13.72,233.17,PayPal,Delivered,1.0,3.0,False
92512858,968744,2025-08-29,Clothing,Yoga Leggings,2,111.74,5.0,212.31,0.0,Express,17.52,229.83,Debit Card,Processing,,,False
89693677,354993,2025-06-01,Clothing,Winter Jacket,1,129.54,0.0,129.54,0.0,Standard,7.77,137.31,Credit Card,Cancelled,,,False
14684756,453806,2025-10-17,Electronics,Smartwatch,1,302.87,5.0,287.73,0.0,Standard,18.7,306.43,Credit Card,Delivered,5.0,4.0,False
81981864,269434,2025-12-24,Electronics,USB-C Hub,1,311.08,0.0,311.08,0.0,Standard,18.66,329.74,Credit Card,Delivered,5.0,,False
41014349,720230,2025-08-10,Electronics,Laptop Stand,1,118.84,0.0,118.84,0.0,Standard,7.72,126.56,Credit Card,Delivered,5.0,,False
20488139,113123,2024-07-15,Clothing,Summer Dress,1,114.56,0.0,114.56,0.0,Standard,6.59,121.15,PayPal,Returned,7.0,,False
82406650,896619,2024-10-07,Electronics,Portable Charger,1,245.91,10.0,221.32,0.0,Express,10.51,231.83,Apple Pay,Shipped,,,False
43955101,782906,2025-09-16,Clothing,Running Shoes,1,65.17,0.0,65.17,5.99,Standard,3.65,74.81,Credit Card,Delivered,5.0,,False
50631430,342503,2025-10-30,Beauty,Makeup Brush Set,1,40.92,0.0,40.92,5.99,Standard,1.94,48.85,Debit Card,Delivered,7.0,4.0,False
94986285,661037,2024-12-31,Sports & Outdoors,Hiking Backpack,1,247.37,0.0,247.37,0.0,Express,16.08,263.45,PayPal,Returned,2.0,,False
90934625,181268,2025-12-23,Clothing,Wool Sweater,1,77.94,0.0,77.94,0.0,Next-Day,4.87,82.81,Credit Card,Delivered,1.0,3.0,False
64255370,933473,2024-09-13,Electronics,Smartwatch,1,177.11,0.0,177.11,0.0,Express,11.07,188.18,PayPal,Shipped,,,True
58354587,968744,2025-08-01,Beauty,Makeup Brush Set,1,55.16,0.0,55.16,5.99,Standard,4.55,65.7,Credit Card,Delivered,7.0,5.0,False
74605954,479622,2024-10-17,Sports & Outdoors,Dumbbell Set,1,114.06,0.0,114.06,0.0,Standard,6.39,120.45,Apple Pay,Delivered,5.0,,True
11390411,342889,2024-11-10,Clothing,Socks (3-pack),1,148.05,0.0,148.05,0.0,Standard,8.51,156.56,Credit Card,Shipped,,,False
13495038,275133,2024-12-14,Home & Kitchen,Bed Sheets Set,3,211.36,0.0,634.08,0.0,Standard,39.63,673.71,Credit Card,Delivered,6.0,4.0,False
80371063,255538,2024-12-23,Home & Kitchen,Throw Pillow,1,70.09,20.0,56.07,12.99,Express,2.66,71.72,Debit Card,Delivered,1.0,,False
10415137,262277,2025-12-08,Sports & Outdoors,Fishing Rod,2,180.28,0.0,360.56,0.0,Express,23.44,384.0,PayPal,Delivered,2.0,,False
15219572,562945,2024-05-28,Electronics,Smartphone Case,1,334.26,0.0,334.26,0.0,Standard,20.06,354.32,Debit Card,Delivered,5.0,3.0,False
10234937,802037,2025-02-01,Beauty,Nail Polish Set,1,66.92,0.0,66.92,5.99,Standard,3.18,76.09,Credit Card,Delivered,7.0,,False
66186897,819608,2024-09-22,Clothing,Men's T-Shirt,1,114.66,0.0,114.66,0.0,Next-Day,5.45,120.11,Debit Card,Delivered,1.0,,False
24006872,247820,2025-08-25,Sports & Outdoors,Golf Balls (12-pack),1,139.41,0.0,139.41,0.0,Standard,6.62,146.03,Apple Pay,Delivered,6.0,,False
24532112,943393,2024-07-08,Books,Children's Picture Book,1,11.46,0.0,11.46,5.99,Standard,0.74,18.19,Apple Pay,Delivered,6.0,3.0,False
83642587,267090,2025-12-13,Electronics,Gaming Mouse,1,339.71,5.0,322.72,0.0,Express,20.98,343.7,Apple Pay,Delivered,1.0,3.0,False
25623840,629083,2025-12-21,Beauty,Face Serum,1,123.7,5.0,117.52,0.0,Standard,5.58,123.1,Credit Card,Delivered,6.0,3.0,False
43206039,957642,2025-02-14,Electronics,Bluetooth Speaker,1,143.4,5.0,136.23,0.0,Next-Day,8.51,144.74,Credit Card,Cancelled,,,False
73486719,724848,2024-12-25,Home & Kitchen,Vacuum Cleaner,1,31.92,0.0,31.92,22.99,Next-Day,2.63,57.54,PayPal,Delivered,2.0,3.0,False
91171160,150447,2025-06-06,Sports & Outdoors,Golf Balls (12-pack),3,92.78,0.0,278.34,0.0,Express,15.59,293.93,Credit Card,Delivered,4.0,4.0,False
83118566,166029,2025-09-29,Electronics,Smartphone Case,1,393.63,0.0,393.63,0.0,Standard,22.04,415.67,Credit Card,Shipped,,,False
41462027,110773,2024-12-24,Clothing,Wool Sweater,1,100.56,15.0,85.48,0.0,Standard,7.59,93.07,Credit Card,Delivered,7.0,3.0,False
83639868,496915,2024-02-10,Clothing,Running Shoes,1,77.09,10.0,69.38,5.99,Standard,3.89,79.26,PayPal,Delivered,6.0,4.0,False
69110310,150447,2025-12-18,Beauty,Face Serum,1,79.89,5.0,75.9,0.0,Express,4.25,80.15,Credit Card,Delivered,3.0,,False
34434196,945168,2024-05-10,Beauty,Lipstick,2,64.25,0.0,128.5,0.0,Express,8.03,136.53,Apple Pay,Shipped,,,False
53953504,901983,2024-12-29,Toys,Doll House,4,23.49,0.0,93.96,0.0,Standard,5.87,99.83,Credit Card,Delivered,5.0,,False
60106701,397949,2024-04-16,Sports & Outdoors,Hiking Backpack,1,56.33,0.0,56.33,5.99,Standard,3.38,65.7,Debit Card,Shipped,,,False
83944807,153940,2024-06-08,Sports & Outdoors,Dumbbell Set,2,142.66,0.0,285.32,0.0,Express,13.55,298.87,Debit Card,Delivered,7.0,3.0,False
93112298,504017,2024-10-05,Home & Kitchen,Table Lamp,1,87.92,10.0,79.13,0.0,Standard,3.76,82.89,Debit Card,Delivered,6.0,,False
13391665,206781,2025-08-19,Electronics,Portable Charger,2,86.14,0.0,172.28,0.0,Express,9.65,181.93,Gift Card,Delivered,3.0,,False
64371220,266813,2025-11-03,Beauty,Hair Dryer,1,77.58,0.0,77.58,0.0,Standard,3.69,81.27,Debit Card,Delivered,5.0,3.0,False
78841987,968744,2024-07-11,Clothing,Socks (3-pack),3,108.32,0.0,324.96,0.0,Standard,26.81,351.77,Credit Card,Delivered,5.0,3.0,False
99872141,492493,2025-03-01,Books,Mystery Thriller,4,39.18,,156.72,0.0,Express,9.79,166.51,Debit Card,Delivered,6.0,3.0,False
18520585,278362,2025-08-26,Clothing,Hoodie,1,25.58,10.0,23.02,5.99,Standard,1.38,30.39,PayPal,Delivered,6.0,,False
98567580,141729,2025-09-07,Toys,Doll House,1,38.38,0.0,38.38,5.99,Standard,1.54,45.91,Credit Card,Delivered,6.0,,False
42109669,355438,2025-08-22,Home & Kitchen,Storage Bins,1,199.22,5.0,189.26,0.0,Standard,11.36,200.62,Credit Card,Delivered,6.0,5.0,False
50862430,545952,2024-11-28,Home & Kitchen,Air Fryer,4,202.85,0.0,811.4,0.0,Standard,48.68,860.08,Credit Card,Delivered,5.0,,True
91336492,389547,2025-01-23,Beauty,Makeup Brush Set,1,44.85,0.0,44.85,5.99,Standard,2.8,53.64,Credit Card,Delivered,7.0,,False
59827181,756916,2024-03-04,Grocery,Snack Variety Pack,1,48.59,0.0,48.59,5.99,Standard,2.92,57.5,Apple Pay,Delivered,5.0,3.0,False
92306475,816060,2025-05-15,Home & Kitchen,Coffee Maker,1,187.11,0.0,187.11,0.0,Standard,11.69,198.8,Debit Card,Delivered,7.0,2.0,False
51961938,492493,2025-08-08,Beauty,Perfume,1,58.18,0.0,58.18,5.99,Standard,3.64,67.81,Debit Card,Delivered,6.0,4.0,False
23798631,372352,2024-11-25,Electronics,USB-C Hub,5,287.97,0.0,1439.85,0.0,Standard,89.99,1529.84,Apple Pay,Delivered,7.0,,False
34562929,194595,2024-11-23,Books,Self-Help Book,3,19.53,0.0,58.59,12.99,Express,3.66,75.24,Credit Card,Delivered,4.0,4.0,False
43585770,724848,2024-02-16,Electronics,Portable Charger,1,109.16,0.0,109.16,0.0,Express,9.01,118.17,PayPal,Delivered,3.0,,False
26160437,721397,2024-08-15,Toys,Building Block Set,2,27.46,10.0,49.43,5.99,Standard,2.84,58.26,Debit Card,Delivered,6.0,5.0,False
53058852,540073,2025-11-25,Electronics,Portable Charger,1,336.54,0.0,336.54,0.0,Express,13.46,350.0,Gift Card,Delivered,2.0,,False
85237188,262277,2024-02-19,Beauty,Sunscreen SPF50,1,91.44,0.0,91.44,0.0,Standard,5.94,97.38,Credit Card,Delivered,6.0,5.0,True
63494916,360610,2024-06-01,Electronics,USB-C Hub,1,381.16,5.0,362.1,0.0,Standard,10.5,372.6,Debit Card,Cancelled,,,False
18219698,528226,2025-09-13,Sports & Outdoors,Hiking Backpack,1,123.53,0.0,123.53,0.0,Standard,7.72,131.25,Credit Card,Returned,6.0,,False
35840835,736679,2025-12-17,Sports & Outdoors,Dumbbell Set,1,158.79,10.0,142.91,0.0,Express,5.72,148.63,Credit Card,Delivered,2.0,2.0,False
19500297,363227,2025-01-14,Books,Fiction Novel,1,10.98,0.0,10.98,12.99,Express,0.52,24.49,Debit Card,Delivered,2.0,,False
93983661,579703,2024-09-19,Electronics,Bluetooth Speaker,1,245.57,0.0,245.57,0.0,Express,14.73,260.3,PayPal,Delivered,3.0,5.0,False
24847253,576134,2024-03-29,Electronics,Laptop Stand,4,204.69,5.0,777.82,0.0,Standard,64.17,841.99,Apple Pay,Delivered,8.0,,False
93143510,766398,2025-11-09,Clothing,Running Shoes,3,31.94,5.0,91.03,0.0,Express,5.23,96.26,Credit Card,Delivered,3.0,5.0,False
11349850,635222,2025-12-04,Clothing,Hoodie,2,135.66,0.0,271.32,0.0,Next-Day,16.28,287.6,Credit Card,Shipped,,,False
24347219,142347,2024-12-12,Electronics,Noise Cancelling Headphones,1,211.41,0.0,211.41,0.0,Standard,17.44,228.85,Credit Card,Delivered,5.0,3.0,False
40860899,301566,2024-12-19,Clothing,Hoodie,1,64.43,0.0,64.43,5.99,Standard,4.03,74.45,Credit Card,Delivered,5.0,,False
77258861,185131,2025-02-22,Electronics,Portable Charger,1,115.18,0.0,115.18,0.0,Standard,6.45,121.63,Credit Card,Delivered,6.0,,False
91608793,169397,2024-06-15,Sports & Outdoors,Jump Rope,2,201.52,0.0,403.04,0.0,Standard,24.18,427.22,Debit Card,Delivered,8.0,,False
41845186,712216,2024-11-06,Home & Kitchen,Bed Sheets Set,2,162.74,0.0,325.48,0.0,Standard,18.72,344.2,Credit Card,Delivered,3.0,,False
29145892,562945,2025-11-18,Clothing,Summer Dress,1,102.05,0.0,102.05,0.0,Standard,6.12,108.17,Credit Card,Delivered,5.0,,False
17911598,796365,2024-03-28,Toys,Plush Toy,1,20.82,0.0,20.82,5.99,Standard,1.85,28.66,Credit Card,Delivered,3.0,,False
81438862,568666,2024-04-28,Electronics,Smartwatch,2,133.64,0.0,267.28,0.0,Standard,10.69,277.97,Credit Card,Delivered,7.0,3.0,False
92622473,102023,2025-12-12,Electronics,Gaming Mouse,1,147.19,0.0,147.19,0.0,Standard,8.83,156.02,Credit Card,Delivered,3.0,,False
21310950,150447,2024-11-14,Clothing,Socks (3-pack),1,65.19,5.0,61.93,5.99,Standard,3.47,71.39,Credit Card,Delivered,4.0,4.0,False
29727709,968744,2024-04-20,Home & Kitchen,Storage Bins,2,150.0,0.0,300.0,0.0,Standard,24.75,324.75,PayPal,Delivered,7.0,,False
86982607,635222,2024-11-02,Electronics,Smartphone Case,1,135.99,0.0,135.99,0.0,Next-Day,8.16,144.15,PayPal,Delivered,3.0,,False
36237574,793675,2025-06-20,Electronics,USB-C Hub,2,207.16,0.0,414.32,0.0,Standard,36.77,451.09,PayPal,Delivered,6.0,,False
60936749,431096,2024-12-02,Toys,Building Block Set,1,77.88,5.0,73.99,5.99,Standard,4.25,84.23,Credit Card,Cancelled,,,False
59276867,921402,2025-12-02,Clothing,Summer Dress,1,108.34,0.0,108.34,0.0,Standard,4.33,112.67,Apple Pay,Delivered,6.0,,False
82128044,966334,2025-11-20,Clothing,Women's Jeans,1,95.07,25.0,71.3,5.99,Standard,4.28,81.57,PayPal,Delivered,6.0,5.0,False
49234980,866450,2025-12-30,Beauty,Face Serum,1,116.43,0.0,116.43,0.0,Standard,7.28,123.71,PayPal,Shipped,,,False
59099039,567801,2025-01-11,Books,Mystery Thriller,1,21.83,0.0,21.83,5.99,Standard,1.8,29.62,Gift Card,Delivered,6.0,,False
44833500,309098,2024-12-19,Electronics,Bluetooth Speaker,1,138.08,0.0,138.08,0.0,Standard,11.39,149.47,Credit Card,Delivered,6.0,4.0,False
93633448,220192,2024-02-22,Electronics,Bluetooth Speaker,1,78.24,0.0,78.24,0.0,Standard,4.69,82.93,PayPal,Cancelled,,,False
47150674,968744,2024-12-04,Electronics,Smartphone Case,3,215.58,10.0,582.07,0.0,Standard,48.02,630.09,PayPal,Delivered,7.0,3.0,False
37809995,702347,2025-08-13,Electronics,USB-C Hub,1,86.04,0.0,86.04,0.0,Standard,2.5,88.54,PayPal,Delivered,7.0,3.0,False
54926849,194184,2025-12-25,Books,Biography,1,27.22,0.0,27.22,5.99,Standard,1.63,34.84,Credit Card,Delivered,5.0,,False
52896182,945168,2024-03-12,Clothing,Yoga Leggings,1,108.0,0.0,108.0,0.0,Standard,6.75,114.75,Credit Card,Delivered,5.0,3.0,False
13382927,733490,2024-04-15,Electronics,Gaming Mouse,3,100.87,0.0,302.61,0.0,Standard,26.86,329.47,Credit Card,Delivered,6.0,3.0,False
95729808,262277,2024-10-24,Home & Kitchen,Bed Sheets Set,1,75.28,0.0,75.28,0.0,Next-Day,4.89,80.17,PayPal,Delivered,1.0,,False
82245768,999465,2024-06-02,Home & Kitchen,Storage Bins,2,125.72,0.0,251.44,0.0,,15.09,266.53,Debit Card,Delivered,4.0,,False
40931174,533743,2025-08-15,Home & Kitchen,Table Lamp,3,116.3,0.0,348.9,0.0,Express,21.81,370.71,Credit Card,Returned,4.0,,False
46573667,950421,2025-08-17,Electronics,USB-C Hub,2,214.6,5.0,407.74,0.0,Express,25.48,433.22,PayPal,Shipped,,,False
25946583,933473,2024-06-05,Electronics,Gaming Mouse,2,171.04,0.0,342.08,0.0,Standard,21.38,363.46,Apple Pay,Delivered,5.0,2.0,False
64826851,736402,2025-11-18,Home & Kitchen,Coffee Maker,1,53.72,0.0,53.72,12.99,Express,3.36,70.07,Credit Card,Shipped,,,False
39026848,565165,2024-06-14,Electronics,Gaming Mouse,1,101.02,0.0,101.02,0.0,Standard,6.31,107.33,PayPal,Delivered,5.0,2.0,False
27250174,793675,2025-01-13,Books,Poetry Collection,3,21.85,0.0,65.55,5.99,Standard,5.82,77.36,Debit Card,Cancelled,,,False
74077810,262277,2025-06-27,Home & Kitchen,Non-Stick Pan,1,132.28,0.0,132.28,0.0,Standard,8.6,140.88,Credit Card,Delivered,4.0,,True
79542693,289311,2025-04-16,Electronics,Bluetooth Speaker,3,211.72,10.0,571.64,0.0,Standard,0.0,571.64,Debit Card,Delivered,5.0,4.0,False
85130219,771452,2025-08-18,Electronics,Laptop Stand,3,190.28,20.0,456.67,0.0,Standard,27.4,484.07,PayPal,Returned,7.0,,False
99839954,141729,2025-03-01,Beauty,Moisturizer,1,102.2,25.0,76.65,0.0,Standard,3.07,79.72,Credit Card,Processing,,,False
19673260,278745,2025-04-16,Home & Kitchen,Coffee Maker,1,207.04,0.0,207.04,0.0,Standard,18.37,225.41,Credit Card,Delivered,5.0,,False
64306795,684170,2024-08-20,Grocery,Organic Coffee Beans,1,25.96,10.0,23.36,5.99,Standard,1.11,30.46,Debit Card,Delivered,8.0,4.0,False
54198327,813261,2024-09-20,Clothing,Yoga Leggings,1,92.98,0.0,92.98,0.0,Standard,5.58,98.56,Debit Card,Delivered,6.0,,False
26903866,597711,2024-01-03,Electronics,Bluetooth Speaker,1,179.44,0.0,179.44,0.0,Standard,15.93,195.37,Credit Card,Shipped,,,False
44368115,834273,2025-12-24,Home & Kitchen,Cutlery Set,1,115.49,0.0,115.49,0.0,Standard,0.0,115.49,PayPal,Delivered,6.0,5.0,False
84420407,211282,2024-12-01,Electronics,4K Monitor,2,186.4,5.0,354.16,0.0,Standard,0.0,354.16,Gift Card,Delivered,5.0,,False
13143726,176521,2025-01-20,Home & Kitchen,Storage Bins,1,174.16,0.0,174.16,0.0,Standard,11.32,185.48,PayPal,Delivered,5.0,5.0,False
73371898,156059,2025-11-15,Electronics,Smartphone Case,1,114.51,5.0,108.78,0.0,Standard,0.0,108.78,PayPal,Delivered,4.0,,False
44004266,957476,2025-05-09,Home & Kitchen,Storage Bins,1,200.14,0.0,200.14,0.0,Standard,12.51,212.65,Credit Card,Delivered,3.0,5.0,False
42978498,325360,2024-12-11,Sports & Outdoors,Camping Tent,2,130.77,0.0,261.54,0.0,Standard,7.58,269.12,Gift Card,Delivered,4.0,,False
78059105,273042,2025-11-14,Home & Kitchen,Non-Stick Pan,2,95.23,,161.89,0.0,Standard,9.07,170.96,Credit Card,Delivered,5.0,5.0,False
93607404,302361,2024-02-23,Home & Kitchen,Storage Bins,1,145.49,10.0,130.94,0.0,Standard,8.18,139.12,Debit Card,Processing,,,True
21520032,523106,2024-06-13,Electronics,Smartwatch,1,345.27,0.0,345.27,0.0,Standard,21.58,366.85,Debit Card,Shipped,,,False
45835374,343764,2024-09-24,Beauty,Hair Dryer,1,60.58,25.0,45.44,5.99,Standard,2.95,54.38,PayPal,Delivered,7.0,5.0,False
36916280,995308,2025-07-23,Clothing,Running Shoes,1,50.38,0.0,50.38,5.99,Standard,3.15,59.52,Credit Card,Shipped,,,False
97522622,243838,2024-01-10,Clothing,Denim Jacket,1,62.15,0.0,62.15,22.99,Next-Day,5.13,90.27,PayPal,Shipped,,,False
63711802,779182,2025-06-19,Grocery,Olive Oil,1,25.99,0.0,25.99,5.99,Standard,1.23,33.21,Credit Card,Delivered,5.0,,False
42865407,244629,2025-11-06,Home & Kitchen,Cutlery Set,2,90.12,10.0,162.22,0.0,Express,9.08,171.3,Debit Card,Delivered,2.0,4.0,False
17260874,550379,2024-11-14,Beauty,Sunscreen SPF50,2,36.31,5.0,68.99,5.99,Standard,2.76,77.74,Apple Pay,Delivered,3.0,3.0,False
30290467,504017,2024-05-16,Beauty,Sunscreen SPF50,1,99.82,5.0,94.83,0.0,Standard,4.5,99.33,PayPal,Returned,6.0,,False
49771745,958338,2024-06-11,Electronics,Wireless Earbuds,2,72.17,15.0,122.69,0.0,Express,7.67,130.36,Credit Card,Delivered,3.0,,False
39699690,562945,2025-05-11,Electronics,Portable Charger,2,109.2,0.0,218.4,0.0,Standard,13.1,231.5,Debit Card,Delivered,4.0,,False
63606140,965973,2025-02-11,Books,Children's Picture Book,1,37.7,0.0,37.7,12.99,Express,3.35,54.04,PayPal,Delivered,2.0,,False
54661871,231918,2024-08-29,Electronics,Gaming Mouse,1,176.2,0.0,176.2,0.0,Standard,10.13,186.33,Apple Pay,Delivered,5.0,,False
60051594,622930,2025-12-10,Clothing,Socks (3-pack),1,64.49,0.0,64.49,5.99,Standard,3.87,74.35,Credit Card,Delivered,9.0,4.0,False
96508860,901118,2025-03-25,Beauty,Sunscreen SPF50,1,117.32,0.0,117.32,0.0,Standard,6.57,123.89,PayPal,Returned,5.0,,False
69826083,718191,2025-06-03,Grocery,Vitamin Supplements,1,38.79,10.0,34.91,5.99,Standard,2.88,43.78,PayPal,Delivered,6.0,,False
92296267,757216,2024-06-21,Clothing,Men's T-Shirt,3,134.0,0.0,402.0,0.0,,16.08,418.08,Debit Card,Shipped,,,False
66942737,965004,2024-03-31,Clothing,Running Shoes,2,57.4,0.0,114.8,0.0,Standard,7.17,121.97,Debit Card,Delivered,7.0,2.0,False
44853234,563052,2025-07-22,Electronics,4K Monitor,1,186.17,10.0,167.55,0.0,Standard,9.38,176.93,Credit Card,Shipped,,,False
83648757,731213,2024-12-15,Books,Biography,2,30.35,20.0,48.56,12.99,Express,2.79,64.34,Debit Card,Delivered,4.0,,False
91035415,499339,2024-10-16,Clothing,Women's Jeans,2,68.01,0.0,136.02,0.0,Standard,8.5,144.52,PayPal,Delivered,5.0,4.0,False
46652139,120841,2024-12-20,Sports & Outdoors,Jump Rope,2,320.11,0.0,640.22,0.0,Standard,40.01,680.23,Debit Card,Shipped,,,False
37261923,424543,2024-03-08,Home & Kitchen,Coffee Maker,2,68.35,0.0,136.7,0.0,Standard,6.49,143.19,Debit Card,Delivered,4.0,,False
85802522,635222,2025-04-22,Sports & Outdoors,Fishing Rod,1,146.43,0.0,146.43,0.0,Standard,8.79,155.22,Credit Card,Processing,,,True
99968071,301566,2024-01-12,Clothing,Winter Jacket,1,43.16,0.0,43.16,5.99,Standard,2.7,51.85,Credit Card,Delivered,4.0,,False
23914646,222246,2024-12-28,Home & Kitchen,Non-Stick Pan,1,200.02,0.0,200.02,0.0,Next-Day,12.0,212.02,Debit Card,Delivered,1.0,,False
40117136,950421,2024-01-31,Electronics,USB-C Hub,2,226.68,0.0,453.36,0.0,Standard,28.34,481.7,PayPal,Delivered,6.0,2.0,False
94071852,516875,2025-03-28,Beauty,Perfume,3,129.64,,311.14,0.0,Express,27.61,338.75,Credit Card,Delivered,1.0,3.0,False
70997680,594403,2025-08-18,Clothing,Summer Dress,3,56.52,0.0,169.56,0.0,Standard,13.99,183.55,PayPal,Delivered,6.0,3.0,False
89521959,509048,2025-06-17,Beauty,Shampoo & Conditioner Set,1,28.64,5.0,27.21,5.99,Standard,2.24,35.44,Gift Card,Shipped,,,False
71838270,176521,2025-11-22,Sports & Outdoors,Bicycle Helmet,1,151.75,0.0,151.75,0.0,Express,9.86,161.61,Credit Card,Cancelled,,,False
17049840,812521,2025-10-26,Sports & Outdoors,Golf Balls (12-pack),1,192.51,0.0,192.51,0.0,Standard,12.03,204.54,Credit Card,Delivered,8.0,,True
80479985,294470,2025-11-17,Clothing,Hoodie,1,85.87,0.0,85.87,0.0,Standard,5.15,91.02,PayPal,Delivered,6.0,,False
37938320,269842,2025-10-31,Electronics,USB-C Hub,1,178.83,25.0,134.12,0.0,Standard,8.05,142.17,Debit Card,Returned,3.0,,False
57661494,901118,2024-12-27,Beauty,Body Lotion,1,72.76,15.0,61.85,12.99,Express,3.46,78.3,Credit Card,Returned,1.0,,False
26309154,388002,2024-07-27,Sports & Outdoors,Hiking Backpack,2,123.01,0.0,246.02,0.0,Express,13.78,259.8,Apple Pay,Delivered,4.0,,True
57048848,506511,2024-11-14,Clothing,Socks (3-pack),1,33.18,5.0,31.52,22.99,Next-Day,2.6,57.11,Debit Card,Delivered,1.0,,False
79306077,525664,2024-09-05,Home & Kitchen,Vacuum Cleaner,1,264.45,0.0,264.45,0.0,Standard,10.58,275.03,Debit Card,Cancelled,,,False
64776834,816060,2024-05-04,Grocery,Snack Variety Pack,1,39.03,25.0,29.27,5.99,Standard,1.83,37.09,PayPal,Delivered,3.0,,False
48684419,311051,2025-08-22,Grocery,Granola Bars (12-pack),1,18.81,0.0,18.81,12.99,Express,1.18,32.98,PayPal,Delivered,2.0,4.0,True
21325402,211347,2024-02-27,Books,Science Textbook,1,22.22,0.0,22.22,5.99,Standard,1.39,29.6,Debit Card,Shipped,,,False
89989681,958338,2024-06-13,Grocery,Pasta & Sauce Bundle,1,52.3,0.0,52.3,5.99,Standard,3.27,61.56,Debit Card,Delivered,5.0,3.0,False
23004600,445958,2024-12-22,Sports & Outdoors,Jump Rope,5,107.29,5.0,509.63,0.0,Standard,31.85,541.48,Credit Card,Delivered,7.0,3.0,False
40426215,968744,2024-09-18,Clothing,Winter Jacket,1,56.75,0.0,56.75,5.99,Standard,4.68,67.42,Credit Card,Delivered,7.0,,False
89036904,917055,2025-08-17,Sports & Outdoors,Bicycle Helmet,2,55.52,0.0,111.04,0.0,Express,5.27,116.31,Credit Card,Delivered,1.0,4.0,False
30194182,266813,2024-06-04,Toys,Board Game,2,45.31,0.0,90.62,0.0,Standard,4.3,94.92,Credit Card,Delivered,4.0,,False
53185310,650695,2024-10-24,Clothing,Winter Jacket,1,114.0,0.0,114.0,0.0,Standard,7.41,121.41,Credit Card,Delivered,4.0,3.0,False
46299809,355438,2025-08-13,Beauty,Makeup Brush Set,4,91.73,0.0,366.92,0.0,Standard,22.02,388.94,Credit Card,Shipped,,,False
29025200,957476,2024-04-30,Beauty,Shampoo & Conditioner Set,5,33.48,0.0,167.4,0.0,Express,10.46,177.86,PayPal,Delivered,3.0,3.0,False
97823268,409624,2025-08-30,Electronics,4K Monitor,1,142.02,0.0,142.02,0.0,Standard,8.52,150.54,Debit Card,Delivered,6.0,2.0,True
68668217,471945,2024-03-30,Clothing,Wool Sweater,1,165.24,0.0,165.24,0.0,Standard,13.63,178.87,PayPal,Delivered,6.0,3.0,False
94566005,464362,2024-11-25,Electronics,Bluetooth Speaker,3,127.69,0.0,383.07,0.0,Standard,22.98,406.05,Debit Card,Processing,,,False
13758514,262277,2024-04-12,Electronics,Smartphone Case,3,228.78,10.0,617.71,0.0,Standard,40.15,657.86,PayPal,Delivered,6.0,,False
31982361,567801,2024-03-14,Beauty,Makeup Brush Set,3,62.88,0.0,188.64,0.0,Standard,15.56,204.2,Debit Card,Delivered,6.0,4.0,False
84059746,562945,2024-11-19,Electronics,Smartphone Case,3,41.44,0.0,124.32,0.0,Standard,7.46,131.78,PayPal,Delivered,5.0,,False
98802255,409228,2024-07-16,Home & Kitchen,Storage Bins,1,108.46,0.0,108.46,0.0,Standard,4.34,112.8,Apple Pay,Delivered,5.0,2.0,False
74620558,933473,2025-02-26,Electronics,Smartwatch,2,342.15,0.0,684.3,0.0,Standard,42.77,727.07,Credit Card,Delivered,7.0,3.0,False
59535622,421397,2024-12-14,Clothing,Denim Jacket,3,68.29,0.0,204.87,0.0,Next-Day,18.18,223.05,PayPal,Delivered,1.0,1.0,False
58084809,991288,2025-05-28,Beauty,Body Lotion,2,95.73,0.0,191.46,0.0,Standard,9.09,200.55,Debit Card,Shipped,,,False
61422245,311051,2024-10-26,Clothing,Winter Jacket,2,66.64,20.0,106.62,0.0,Standard,6.66,113.28,Credit Card,Delivered,8.0,,False
68664781,131665,2025-04-13,Sports & Outdoors,Jump Rope,1,165.96,0.0,165.96,0.0,Express,10.37,176.33,PayPal,Delivered,3.0,4.0,False
48306523,409624,2024-02-15,Beauty,Sunscreen SPF50,3,91.17,15.0,232.48,0.0,Next-Day,13.95,246.43,PayPal,Delivered,4.0,4.0,False
72584948,356668,2025-11-29,Sports & Outdoors,Hiking Backpack,3,89.92,0.0,269.76,0.0,Standard,16.86,286.62,Credit Card,Delivered,5.0,5.0,False
82422543,809235,2025-04-05,Sports & Outdoors,Camping Tent,1,134.76,10.0,121.28,0.0,Express,0.0,121.28,Credit Card,Delivered,3.0,4.0,False
89408820,779182,2024-11-04,Grocery,Pasta & Sauce Bundle,4,24.75,5.0,94.05,0.0,Express,4.47,98.52,Credit Card,Delivered,3.0,4.0,False
37623452,372352,2025-06-27,Clothing,Hoodie,5,101.96,0.0,509.8,0.0,Standard,31.86,541.66,Credit Card,Returned,4.0,,False
54197283,167072,2025-10-27,Home & Kitchen,Cutlery Set,3,200.13,0.0,600.39,0.0,Standard,53.28,653.67,Debit Card,Delivered,7.0,,False
22301763,660209,2024-02-10,Clothing,Hoodie,1,62.41,0.0,62.41,5.99,Standard,5.15,73.55,Debit Card,Delivered,5.0,,False
55760670,273308,2025-09-23,Sports & Outdoors,Camping Tent,1,81.21,0.0,81.21,0.0,Standard,4.87,86.08,Credit Card,Cancelled,,,False
52030226,267090,2025-03-09,Grocery,Pasta & Sauce Bundle,2,20.19,0.0,40.38,5.99,Standard,2.62,48.99,Apple Pay,Delivered,4.0,,False
23236550,102475,2025-11-20,Grocery,Green Tea (Box),2,13.97,,27.94,5.99,Standard,1.75,35.68,Apple Pay,Delivered,5.0,,False
33840687,525940,2025-08-16,Sports & Outdoors,Camping Tent,3,118.42,0.0,355.26,0.0,Standard,19.89,375.15,Debit Card,Delivered,5.0,2.0,False
19005925,751366,2025-12-19,Electronics,Smartphone Case,2,309.57,20.0,495.31,0.0,Express,43.96,539.27,PayPal,Delivered,3.0,,False
47812480,874829,2025-06-12,Electronics,USB-C Hub,1,126.64,0.0,126.64,0.0,Standard,10.45,137.09,Credit Card,Delivered,6.0,,False
21924948,968744,2025-01-14,Electronics,Gaming Mouse,3,22.56,15.0,57.53,12.99,Express,4.75,75.27,Apple Pay,Processing,,,False
19151170,106403,2025-04-02,Electronics,Portable Charger,1,228.52,5.0,217.09,0.0,Express,14.11,231.2,Debit Card,Delivered,3.0,4.0,False
19213295,968744,2025-03-20,Clothing,Men's T-Shirt,3,47.35,0.0,142.05,0.0,Express,11.72,153.77,Debit Card,Delivered,1.0,,False
21468102,223412,2024-03-02,Home & Kitchen,Non-Stick Pan,4,157.22,0.0,628.88,0.0,Standard,39.3,668.18,Debit Card,Delivered,6.0,4.0,False
35055939,510987,2025-11-09,Clothing,Men's T-Shirt,2,50.5,10.0,90.9,0.0,Standard,7.5,98.4,Debit Card,Delivered,7.0,,False
99664730,492493,2025-09-29,Electronics,Gaming Mouse,2,255.26,0.0,510.52,0.0,Express,31.91,542.43,Debit Card,Processing,,,False
86563581,894429,2025-08-20,Sports & Outdoors,Camping Tent,3,164.44,0.0,493.32,0.0,Express,40.7,534.02,Credit Card,Returned,3.0,,False
16104175,921402,2024-10-19,Electronics,4K Monitor,1,426.0,5.0,404.7,0.0,Express,16.19,420.89,Apple Pay,Delivered,5.0,4.0,False
96493813,409624,2025-10-16,Home & Kitchen,Vacuum Cleaner,1,164.88,0.0,164.88,0.0,Standard,9.89,174.77,Credit Card,Delivered,4.0,,False
45864585,945168,2024-11-22,Clothing,Hoodie,1,64.05,0.0,64.05,5.99,Standard,4.0,74.04,Credit Card,Delivered,6.0,,False
27396451,773663,2024-05-04,Clothing,Hoodie,1,94.45,25.0,70.84,12.99,Express,2.83,86.66,Debit Card,Delivered,2.0,,False
41490087,912391,2024-08-03,Clothing,Summer Dress,1,39.01,5.0,37.06,12.99,Express,2.32,52.37,PayPal,Delivered,3.0,4.0,False
91934435,825397,2024-08-31,Home & Kitchen,Vacuum Cleaner,5,64.26,0.0,321.3,0.0,Standard,20.08,341.38,Credit Card,Delivered,8.0,3.0,True
90188067,573010,2024-11-07,Clothing,Summer Dress,1,86.99,5.0,82.64,0.0,Standard,4.75,87.39,Credit Card,Delivered,3.0,,False
79279596,958338,2025-07-13,Electronics,Smartwatch,2,343.52,0.0,687.04,0.0,Standard,42.94,729.98,Apple Pay,Delivered,5.0,4.0,False
30102018,779182,2024-09-07,Electronics,Gaming Mouse,1,323.58,0.0,323.58,0.0,Express,15.37,338.95,Credit Card,Delivered,1.0,5.0,False
41593906,573010,2025-01-07,Clothing,Summer Dress,4,41.09,0.0,164.36,0.0,Standard,9.45,173.81,PayPal,Shipped,,,False
95002526,562945,2024-02-26,Home & Kitchen,Cutlery Set,3,170.37,0.0,511.11,0.0,,30.67,541.78,PayPal,Delivered,6.0,,False
69749889,622930,2025-02-09,Electronics,Bluetooth Speaker,2,155.86,0.0,311.72,0.0,Standard,18.7,330.42,Apple Pay,Delivered,5.0,,False
55563455,723573,2025-02-25,Beauty,Body Lotion,3,79.44,0.0,238.32,0.0,Standard,19.66,257.98,Credit Card,Delivered,4.0,,True
15703145,477408,2025-10-25,Clothing,Men's T-Shirt,1,86.09,0.0,86.09,0.0,Express,7.1,93.19,Credit Card,Cancelled,,,False
45852980,411524,2024-08-26,Electronics,4K Monitor,1,203.48,10.0,183.13,0.0,Standard,10.99,194.12,Credit Card,Delivered,5.0,4.0,False
66125982,373772,2025-07-09,Electronics,Laptop Stand,1,141.46,0.0,141.46,0.0,Standard,8.49,149.95,Apple Pay,Delivered,8.0,,False
74760202,262277,2024-10-20,Electronics,Wireless Earbuds,2,149.32,0.0,298.64,0.0,Express,19.41,318.05,Apple Pay,Delivered,2.0,5.0,False
49320440,429136,2025-11-16,Beauty,Face Serum,1,68.35,10.0,61.51,5.99,Standard,4.0,71.5,PayPal,Delivered,7.0,3.0,False
88215763,917055,2025-11-22,Clothing,Running Shoes,3,161.96,20.0,388.7,0.0,Standard,18.46,407.16,Apple Pay,Returned,4.0,,False
31520059,995308,2025-02-28,Clothing,Hoodie,3,146.09,0.0,438.27,0.0,Express,27.39,465.66,Credit Card,Delivered,5.0,,False
95594443,301566,2024-08-10,Beauty,Face Serum,1,83.51,0.0,83.51,0.0,Standard,5.22,88.73,PayPal,Shipped,,,False
43397276,504586,2025-12-07,Sports & Outdoors,Camping Tent,2,202.38,0.0,404.76,0.0,Next-Day,26.31,431.07,PayPal,Delivered,2.0,3.0,False
53079748,955115,2024-05-11,Sports & Outdoors,Golf Balls (12-pack),2,226.28,0.0,452.56,0.0,Express,37.34,489.9,Credit Card,Delivered,4.0,4.0,False
18974535,166701,2024-05-23,Clothing,Socks (3-pack),4,15.26,0.0,61.04,5.99,Standard,3.66,70.69,Apple Pay,Shipped,,,False
31667905,912391,2024-05-08,Beauty,Hair Dryer,1,28.6,0.0,28.6,5.99,Standard,1.79,36.38,Debit Card,Delivered,6.0,,False
35449013,871382,2024-04-03,Clothing,Hoodie,2,43.73,0.0,87.46,0.0,Standard,7.76,95.22,Debit Card,Processing,,,False
52810423,700634,2024-05-06,Clothing,Hoodie,1,145.55,0.0,145.55,0.0,Standard,9.46,155.01,Credit Card,Processing,,,False
54795377,311051,2025-06-11,Clothing,Women's Jeans,2,59.37,10.0,106.87,0.0,Standard,6.68,113.55,Gift Card,Delivered,7.0,4.0,False
64531845,169983,2025-07-08,Books,Cookbook,2,20.14,0.0,40.28,5.99,Standard,3.32,49.59,Apple Pay,Delivered,7.0,,False
92271176,120400,2024-11-05,Books,Biography,1,11.38,0.0,11.38,5.99,Standard,0.68,18.05,Gift Card,Delivered,5.0,4.0,False
32362571,635222,2024-10-23,Electronics,Noise Cancelling Headphones,1,197.4,0.0,197.4,0.0,Standard,11.84,209.24,Debit Card,Cancelled,,,False
69195704,374221,2024-11-09,Books,Science Textbook,2,21.41,0.0,42.82,5.99,Standard,2.78,51.59,Credit Card,Delivered,4.0,3.0,True
51283113,100667,2025-08-01,Electronics,Noise Cancelling Headphones,1,67.92,15.0,57.73,12.99,Express,4.76,75.48,Gift Card,Cancelled,,,False
96960653,837141,2024-12-18,Clothing,Men's T-Shirt,2,73.42,0.0,146.84,0.0,Standard,0.0,146.84,PayPal,Delivered,5.0,,False
28531210,358627,2024-09-06,Clothing,Summer Dress,2,127.82,10.0,230.08,0.0,Standard,14.96,245.04,Credit Card,Delivered,4.0,,False
69605735,579703,2024-08-01,Beauty,Nail Polish Set,1,87.73,0.0,87.73,0.0,Standard,5.26,92.99,PayPal,Delivered,7.0,,False
90333720,262277,2024-06-30,Home & Kitchen,Bed Sheets Set,1,109.53,0.0,109.53,0.0,Express,7.12,116.65,PayPal,Cancelled,,,True
11293888,602443,2025-11-09,Grocery,Vitamin Supplements,1,11.48,0.0,11.48,22.99,Next-Day,0.95,35.42,Credit Card,Delivered,2.0,3.0,False
70234989,487532,2025-12-20,Beauty,Shampoo & Conditioner Set,1,43.58,0.0,43.58,5.99,Standard,2.72,52.29,Apple Pay,Delivered,5.0,2.0,False
94753395,720530,2025-07-24,Toys,Puzzle (1000pc),2,21.84,0.0,43.68,12.99,Express,2.73,59.4,Gift Card,Returned,4.0,,False
32867737,152017,2024-11-27,Clothing,Wool Sweater,1,53.37,0.0,53.37,5.99,Standard,3.47,62.83,Debit Card,Delivered,8.0,,False
28916345,936730,2025-02-27,Books,Fiction Novel,2,36.61,5.0,69.56,5.99,Standard,3.9,79.45,Credit Card,Delivered,4.0,3.0,False
17367967,327694,2024-03-01,Electronics,Gaming Mouse,1,68.85,0.0,68.85,22.99,Next-Day,3.27,95.11,Credit Card,Shipped,,,False
76312703,728511,2025-09-02,Sports & Outdoors,Bicycle Helmet,3,118.0,0.0,354.0,0.0,Standard,14.16,368.16,Credit Card,Processing,,,False
68681038,719707,2025-09-12,Sports & Outdoors,Resistance Bands,3,58.99,5.0,168.12,0.0,Standard,10.93,179.05,Debit Card,Shipped,,,False
74081814,678035,2025-12-16,Grocery,Snack Variety Pack,2,28.41,0.0,56.82,5.99,Standard,3.55,66.36,Credit Card,Returned,7.0,,False
16471634,262277,2025-08-10,Sports & Outdoors,Golf Balls (12-pack),3,217.32,0.0,651.96,0.0,Express,42.38,694.34,PayPal,Processing,,,False
24586530,958338,2024-11-01,Home & Kitchen,Coffee Maker,1,102.32,0.0,102.32,0.0,Next-Day,6.39,108.71,Debit Card,Delivered,3.0,4.0,False
57166586,547839,2024-08-27,Clothing,Running Shoes,2,139.15,0.0,278.3,0.0,Next-Day,16.0,294.3,Credit Card,Delivered,1.0,4.0,False
67870777,244629,2024-03-19,Books,Children's Picture Book,2,27.42,0.0,54.84,5.99,Standard,3.07,63.9,PayPal,Delivered,6.0,5.0,False
60350951,562945,2024-09-08,Home & Kitchen,Throw Pillow,1,65.79,10.0,59.21,12.99,Express,3.55,75.75,Debit Card,Delivered,2.0,4.0,True
73248689,479622,2024-12-01,Clothing,Yoga Leggings,2,68.19,0.0,136.38,0.0,Express,7.64,144.02,Credit Card,Delivered,5.0,3.0,False
77384362,936730,2024-10-17,Toys,Doll House,1,21.86,0.0,21.86,12.99,Express,1.22,36.07,PayPal,Delivered,2.0,,False
61166069,754794,2025-06-26,Clothing,Winter Jacket,3,154.33,0.0,462.99,0.0,Standard,28.94,491.93,Credit Card,Delivered,6.0,3.0,False
84431325,262277,2025-08-07,Sports & Outdoors,Jump Rope,1,215.4,0.0,215.4,0.0,Standard,14.0,229.4,Credit Card,Delivered,3.0,4.0,False
15758964,968744,2024-11-06,Electronics,Smartphone Case,1,256.99,30.0,179.89,0.0,Standard,14.84,194.73,Apple Pay,Delivered,5.0,4.0,False
63358741,991288,2025-11-16,Books,Children's Picture Book,1,9.48,10.0,8.53,5.99,Standard,0.41,14.93,Credit Card,Delivered,7.0,,False
98641979,741294,2024-11-29,Books,Children's Picture Book,1,11.08,10.0,9.97,12.99,Express,0.82,23.78,PayPal,Delivered,3.0,5.0,False
29535255,311051,2025-02-08,Home & Kitchen,Air Fryer,2,217.17,0.0,434.34,0.0,,27.15,461.49,Credit Card,Delivered,5.0,,False
20883015,326547,2024-02-15,Beauty,Body Lotion,2,96.37,0.0,192.74,0.0,Standard,17.11,209.85,Credit Card,Returned,7.0,,False
44364274,479646,2024-10-07,Electronics,USB-C Hub,3,201.1,15.0,512.8,0.0,Express,42.31,555.11,Credit Card,Delivered,3.0,,False
92800112,643853,2024-06-08,Clothing,Hoodie,1,101.65,10.0,91.49,0.0,Express,5.26,96.75,PayPal,Processing,,,False
12314266,616728,2024-01-16,Clothing,Wool Sweater,2,82.55,5.0,156.84,0.0,Express,4.55,161.39,Credit Card,Shipped,,,False
94011015,793675,2025-12-29,Toys,Action Figure,1,49.13,5.0,46.67,12.99,Express,4.14,63.8,Debit Card,Shipped,,,False
65906176,138509,2024-12-24,Grocery,Granola Bars (12-pack),2,32.59,10.0,58.66,5.99,,4.84,69.49,Credit Card,Delivered,6.0,,False
43362450,858722,2025-05-10,Home & Kitchen,Blender,3,101.25,0.0,303.75,0.0,Next-Day,18.98,322.73,Debit Card,Delivered,1.0,,False
93105140,874829,2025-02-23,Sports & Outdoors,Bicycle Helmet,1,190.69,0.0,190.69,0.0,Standard,15.73,206.42,PayPal,Cancelled,,,False
43750451,142537,2024-08-13,Beauty,Body Lotion,1,42.1,0.0,42.1,22.99,Next-Day,1.22,66.31,Credit Card,Delivered,1.0,,False
64045340,920879,2025-05-24,Books,Biography,2,37.28,0.0,74.56,5.99,Standard,4.66,85.21,PayPal,Delivered,4.0,,False
74039926,991288,2024-08-04,Clothing,Hoodie,1,138.72,0.0,138.72,0.0,Next-Day,6.59,145.31,Debit Card,Delivered,1.0,2.0,False
53098600,950421,2024-04-20,Clothing,Women's Jeans,1,62.87,0.0,62.87,5.99,Standard,3.93,72.79,Credit Card,Delivered,6.0,,False
46894372,531554,2025-08-22,Home & Kitchen,Cutlery Set,1,132.27,0.0,132.27,0.0,Standard,7.94,140.21,Apple Pay,Returned,3.0,,False
31646575,731213,2025-12-04,Toys,Doll House,1,28.97,0.0,28.97,5.99,Standard,1.67,36.63,Debit Card,Cancelled,,,False
28951152,562945,2024-05-15,Electronics,Wireless Earbuds,2,93.93,0.0,187.86,0.0,Standard,11.27,199.13,PayPal,Processing,,,False
35987843,816376,2024-09-23,Toys,Remote Control Car,1,18.83,0.0,18.83,12.99,Express,0.55,32.37,Debit Card,Delivered,3.0,,False
77089691,101688,2024-06-03,Sports & Outdoors,Camping Tent,1,150.26,0.0,150.26,0.0,Next-Day,6.01,156.27,Credit Card,Delivered,1.0,,False
79861571,920879,2025-12-26,Books,Self-Help Book,1,22.62,0.0,22.62,5.99,Standard,1.41,30.02,Gift Card,Delivered,6.0,5.0,True
92590296,791582,2024-12-17,Grocery,Protein Powder,1,21.39,10.0,19.25,22.99,Next-Day,1.08,43.32,Debit Card,Delivered,1.0,5.0,False
42829350,492493,2024-05-23,Toys,Action Figure,2,28.18,5.0,53.54,5.99,Standard,3.35,62.88,Credit Card,Delivered,8.0,5.0,False
82178717,142347,2024-11-13,Clothing,Yoga Leggings,3,67.53,0.0,202.59,0.0,Standard,16.71,219.3,Credit Card,Delivered,6.0,,False
82237680,627699,2024-03-20,Grocery,Protein Powder,5,47.69,0.0,238.45,0.0,Standard,13.35,251.8,PayPal,Delivered,7.0,5.0,False
46944191,351676,2024-10-25,Sports & Outdoors,Hiking Backpack,1,99.36,10.0,89.42,0.0,Standard,5.81,95.23,Debit Card,Delivered,5.0,3.0,False
28987210,181525,2025-08-28,Electronics,Gaming Mouse,1,204.34,0.0,204.34,0.0,Standard,12.26,216.6,PayPal,Delivered,5.0,,False
28902444,440795,2024-08-21,Clothing,Winter Jacket,2,35.97,0.0,71.94,5.99,Standard,4.5,82.43,Credit Card,Delivered,5.0,2.0,False
24427158,620065,2024-09-18,Beauty,Body Lotion,2,74.59,0.0,149.18,0.0,Standard,8.95,158.13,Debit Card,Shipped,,,False
62184986,896180,2025-02-05,Electronics,Laptop Stand,1,147.35,20.0,117.88,0.0,Standard,10.46,128.34,Credit Card,Delivered,6.0,,False
36830025,192453,2024-12-16,Books,Mystery Thriller,1,12.62,5.0,11.99,12.99,Express,0.75,25.73,PayPal,Delivered,1.0,,False
46436817,717805,2024-12-07,Electronics,Smartwatch,4,280.47,10.0,1009.69,0.0,Standard,56.54,1066.23,Credit Card,Delivered,6.0,3.0,False
97850571,562945,2025-03-16,Toys,Art & Craft Kit,2,79.24,0.0,158.48,0.0,Standard,9.51,167.99,Debit Card,Delivered,5.0,3.0,False
94293414,968744,2024-08-26,Home & Kitchen,Coffee Maker,2,213.18,5.0,405.04,0.0,Express,33.42,438.46,Debit Card,Delivered,1.0,,False
54168892,958338,2025-11-25,Beauty,Shampoo & Conditioner Set,1,120.93,0.0,120.93,0.0,Express,7.56,128.49,PayPal,Delivered,1.0,,False
63628211,525664,2025-11-30,Grocery,Vitamin Supplements,4,21.81,0.0,87.24,0.0,Standard,3.49,90.73,PayPal,Delivered,5.0,4.0,True
63574825,553059,2024-12-20,Home & Kitchen,Storage Bins,2,62.27,10.0,112.09,0.0,Standard,3.25,115.34,Credit Card,Delivered,4.0,4.0,False
51623834,289311,2025-12-02,Home & Kitchen,Blender,1,150.9,0.0,150.9,0.0,Express,0.0,150.9,PayPal,Cancelled,,,False
42458268,620065,2025-03-24,Clothing,Yoga Leggings,2,59.95,0.0,119.9,0.0,Standard,7.19,127.09,Debit Card,Delivered,5.0,4.0,False
59328470,806515,2024-07-21,Electronics,Gaming Mouse,1,123.14,0.0,123.14,0.0,Standard,4.93,128.07,Credit Card,Delivered,5.0,,False
80745602,185777,2025-10-08,Electronics,Gaming Mouse,2,269.22,0.0,538.44,0.0,Next-Day,32.31,570.75,Apple Pay,Delivered,1.0,4.0,False
25996905,217702,2025-09-24,Clothing,Yoga Leggings,1,78.47,0.0,78.47,0.0,Standard,4.9,83.37,PayPal,Delivered,5.0,,False
34644110,515691,2025-07-19,Sports & Outdoors,Jump Rope,1,232.48,0.0,232.48,0.0,Express,13.95,246.43,Credit Card,Delivered,3.0,2.0,False
49457754,622930,2025-02-26,Toys,Building Block Set,1,55.03,0.0,55.03,5.99,Standard,3.3,64.32,Credit Card,Delivered,5.0,3.0,False
55799038,896180,2024-05-17,Clothing,Women's Jeans,2,66.2,0.0,132.4,0.0,Express,11.75,144.15,Credit Card,Cancelled,,,False
80972739,150447,2024-05-27,Home & Kitchen,Table Lamp,5,219.92,15.0,934.66,0.0,Standard,52.34,987.0,Credit Card,Delivered,6.0,,True
71613427,910932,2025-11-26,Beauty,Makeup Brush Set,2,102.47,0.0,204.94,0.0,Express,12.81,217.75,Apple Pay,Delivered,3.0,,False
39101008,678035,2025-07-25,Sports & Outdoors,Dumbbell Set,1,156.8,0.0,156.8,0.0,Standard,9.8,166.6,Debit Card,Delivered,6.0,,False
58346706,738327,2025-10-02,Home & Kitchen,Storage Bins,1,85.46,0.0,85.46,0.0,Standard,5.34,90.8,Credit Card,Cancelled,,,False
80350773,778621,2024-08-30,Sports & Outdoors,Hiking Backpack,2,61.92,0.0,123.84,0.0,Express,7.74,131.58,PayPal,Delivered,1.0,5.0,False
82157968,867788,2024-12-03,Home & Kitchen,Bed Sheets Set,1,118.65,10.0,106.79,0.0,Standard,3.1,109.89,PayPal,Delivered,4.0,4.0,False
18707478,663869,2025-08-07,Books,Mystery Thriller,4,22.21,0.0,88.84,0.0,Next-Day,7.33,96.17,PayPal,Delivered,1.0,,False
15838733,827082,2024-12-30,Toys,Puzzle (1000pc),1,36.28,,30.84,5.99,Standard,1.85,38.68,Debit Card,Processing,,,False
22104949,635222,2025-12-28,Electronics,Gaming Mouse,2,93.29,0.0,186.58,0.0,Express,11.19,197.77,Credit Card,Processing,,,False
41813315,857288,2024-03-15,Books,Biography,3,22.6,10.0,61.02,5.99,Standard,3.66,70.67,Credit Card,Delivered,6.0,3.0,False
53387934,510781,2024-05-20,Electronics,USB-C Hub,2,245.99,0.0,491.98,0.0,Standard,43.66,535.64,Debit Card,Delivered,7.0,4.0,False
39527190,492493,2024-09-13,Clothing,Wool Sweater,1,99.81,0.0,99.81,0.0,Standard,6.24,106.05,PayPal,Processing,,,False
25752089,435649,2025-09-02,Clothing,Yoga Leggings,1,87.18,20.0,69.74,5.99,Standard,4.36,80.09,PayPal,Cancelled,,,False
67143222,810825,2025-10-17,Clothing,Hoodie,1,66.75,0.0,66.75,5.99,Standard,3.84,76.58,Credit Card,Delivered,6.0,3.0,False
76126977,286919,2024-09-01,Sports & Outdoors,Jump Rope,3,76.75,0.0,230.25,0.0,Standard,9.21,239.46,Credit Card,Delivered,5.0,3.0,False
80326365,933577,2024-11-21,Electronics,Smartphone Case,1,269.15,0.0,269.15,0.0,Express,15.48,284.63,Credit Card,Delivered,2.0,3.0,False
95581099,663869,2024-09-10,Electronics,Portable Charger,1,75.56,0.0,75.56,0.0,Next-Day,6.23,81.79,PayPal,Delivered,1.0,4.0,False
53659560,394899,2025-08-27,Books,Poetry Collection,1,20.72,0.0,20.72,5.99,Standard,1.29,28.0,Debit Card,Processing,,,False
12165238,508476,2025-01-18,Clothing,Yoga Leggings,1,97.56,0.0,97.56,0.0,Standard,6.34,103.9,PayPal,Cancelled,,,False
23519991,197599,2025-11-06,Sports & Outdoors,Yoga Mat,1,245.76,,245.76,0.0,Standard,15.97,261.73,Credit Card,Delivered,6.0,3.0,False
65086552,389060,2024-05-16,Sports & Outdoors,Yoga Mat,3,170.59,0.0,511.77,0.0,Express,31.99,543.76,Debit Card,Delivered,3.0,4.0,False
71122705,979391,2025-03-18,Toys,Board Game,2,52.17,25.0,78.25,0.0,Express,6.94,85.19,Credit Card,Delivered,2.0,,False
67251194,720230,2025-02-04,Electronics,Gaming Mouse,1,173.32,0.0,173.32,0.0,Standard,11.27,184.59,Credit Card,Cancelled,,,False
18396578,233544,2024-11-25,Electronics,Wireless Earbuds,1,297.91,5.0,283.01,0.0,Standard,25.12,308.13,PayPal,Delivered,5.0,,False
34781282,115886,2024-07-24,Home & Kitchen,Coffee Maker,1,26.86,0.0,26.86,12.99,Express,2.22,42.07,Debit Card,Processing,,,False
84537174,760624,2024-03-19,Books,Self-Help Book,1,19.62,0.0,19.62,22.99,Next-Day,0.93,43.54,Apple Pay,Delivered,1.0,,False
23927050,489089,2025-04-13,Electronics,Gaming Mouse,2,313.29,15.0,532.59,0.0,Standard,21.3,553.89,PayPal,Delivered,4.0,3.0,False
29826265,565165,2025-09-15,Electronics,Gaming Mouse,5,350.07,0.0,1750.35,0.0,Standard,109.4,1859.75,Apple Pay,Delivered,8.0,,False
91415389,730705,2024-02-25,Electronics,Wireless Earbuds,1,192.86,0.0,192.86,0.0,Standard,9.16,202.02,Gift Card,Delivered,8.0,4.0,False
75940472,492774,2025-07-07,Home & Kitchen,Vacuum Cleaner,3,79.13,10.0,213.65,0.0,Express,18.96,232.61,PayPal,Delivered,3.0,,False
37280408,197599,2024-08-21,Electronics,4K Monitor,1,283.68,0.0,283.68,0.0,Standard,18.44,302.12,Debit Card,Delivered,6.0,4.0,False
34509386,221412,2024-12-10,Electronics,Smartphone Case,2,186.32,5.0,354.01,0.0,Standard,29.21,383.22,Apple Pay,Processing,,,False
68189288,859423,2025-04-25,Electronics,Laptop Stand,5,270.83,0.0,1354.15,0.0,Express,81.25,1435.4,PayPal,Delivered,4.0,,False
76731937,862231,2024-11-26,Beauty,Lipstick,1,56.19,10.0,50.57,12.99,Express,4.17,67.73,PayPal,Shipped,,,True
74540062,735147,2025-04-01,Grocery,Green Tea (Box),1,53.94,5.0,51.24,5.99,Standard,4.23,61.46,Credit Card,Cancelled,,,False
93587253,720230,2024-10-06,Sports & Outdoors,Dumbbell Set,3,131.51,0.0,394.53,0.0,Next-Day,25.64,420.17,Credit Card,Shipped,,,False
83270509,728511,2025-10-30,Home & Kitchen,Non-Stick Pan,1,108.16,0.0,108.16,0.0,Standard,4.33,112.49,Apple Pay,Delivered,6.0,,False
26491232,602443,2025-02-19,Toys,Remote Control Car,5,46.88,0.0,234.4,0.0,Express,19.34,253.74,PayPal,Delivered,2.0,,False
18460901,957297,2025-09-11,Electronics,Bluetooth Speaker,2,122.56,0.0,245.12,0.0,Standard,14.71,259.83,Credit Card,Shipped,,,False
91334117,506511,2025-03-26,Beauty,Makeup Brush Set,4,71.74,0.0,286.96,0.0,Express,23.67,310.63,Credit Card,Returned,2.0,,False
22393509,807261,2024-08-28,Electronics,Smartphone Case,3,41.5,0.0,124.5,0.0,Standard,7.47,131.97,Debit Card,Delivered,5.0,3.0,False
83848709,871000,2025-10-27,Toys,Building Block Set,2,26.89,0.0,53.78,5.99,Standard,3.36,63.13,Credit Card,Delivered,7.0,,False
32042840,812521,2025-04-30,Home & Kitchen,Vacuum Cleaner,1,102.75,0.0,102.75,0.0,Standard,6.42,109.17,PayPal,Delivered,6.0,3.0,False
39710296,360610,2025-02-21,Electronics,Laptop Stand,2,187.01,0.0,374.02,0.0,Standard,10.85,384.87,Debit Card,Delivered,4.0,,False
39760905,250854,2025-12-19,Sports & Outdoors,Water Bottle,1,70.39,0.0,70.39,12.99,Express,4.4,87.78,Credit Card,Cancelled,,,False
78325851,246201,2024-06-03,Home & Kitchen,Vacuum Cleaner,4,86.65,0.0,346.6,0.0,Standard,28.59,375.19,Credit Card,Returned,5.0,,False
18271858,244629,2024-12-30,Beauty,Shampoo & Conditioner Set,3,43.36,0.0,130.08,0.0,Standard,7.28,137.36,PayPal,Delivered,6.0,,False
90681803,998168,2025-10-13,Clothing,Women's Jeans,1,27.38,0.0,27.38,5.99,Standard,1.71,35.08,Credit Card,Delivered,6.0,,False
95265321,848469,2025-02-20,Sports & Outdoors,Yoga Mat,3,261.87,0.0,785.61,0.0,Next-Day,69.72,855.33,Credit Card,Delivered,1.0,,False
56164047,415267,2024-11-13,Clothing,Running Shoes,1,54.92,0.0,54.92,5.99,Standard,0.0,60.91,Credit Card,Delivered,5.0,,False
51337070,374452,2024-12-13,Clothing,Summer Dress,2,87.99,10.0,158.38,0.0,Express,9.5,167.88,Apple Pay,Delivered,1.0,,False
86020898,362674,2024-07-01,Clothing,Women's Jeans,1,74.67,0.0,74.67,22.99,Next-Day,4.67,102.33,Apple Pay,Delivered,1.0,5.0,False
77800808,736402,2025-05-06,Books,Self-Help Book,1,29.37,0.0,29.37,5.99,Standard,1.84,37.2,PayPal,Delivered,4.0,4.0,False
25715244,262277,2024-08-04,Clothing,Socks (3-pack),2,112.11,0.0,224.22,0.0,Standard,14.57,238.79,Credit Card,Delivered,6.0,3.0,False
39875342,445958,2024-10-16,Toys,Puzzle (1000pc),3,11.35,0.0,34.05,12.99,Express,2.13,49.17,PayPal,Delivered,1.0,5.0,False
67747431,798441,2025-05-29,Home & Kitchen,Storage Bins,2,250.38,0.0,500.76,0.0,Express,14.52,515.28,PayPal,Returned,1.0,,False
42940282,252894,2025-01-14,Home & Kitchen,Table Lamp,1,148.34,5.0,140.92,0.0,Express,0.0,140.92,Credit Card,Delivered,2.0,,False
84733071,251833,2024-05-19,Home & Kitchen,Air Fryer,1,113.84,,108.15,0.0,Standard,6.76,114.91,PayPal,Delivered,5.0,,False
65434496,453806,2024-04-01,Electronics,Wireless Earbuds,4,129.52,25.0,388.56,0.0,Standard,25.26,413.82,Apple Pay,Delivered,5.0,4.0,True
23253198,455782,2025-08-22,Home & Kitchen,Non-Stick Pan,1,250.51,0.0,250.51,0.0,Express,15.66,266.17,PayPal,Delivered,4.0,,False
30094626,255538,2025-09-10,Beauty,Shampoo & Conditioner Set,2,20.73,0.0,41.46,5.99,Standard,1.97,49.42,PayPal,Processing,,,False
39247370,567801,2025-03-28,Sports & Outdoors,Hiking Backpack,2,174.26,0.0,348.52,0.0,Standard,28.75,377.27,PayPal,Delivered,5.0,,False
23884047,544683,2025-08-13,Electronics,Smartphone Case,2,251.42,0.0,502.84,0.0,Next-Day,41.48,544.32,PayPal,Delivered,1.0,3.0,False
33252202,642047,2024-03-29,Clothing,Summer Dress,1,44.62,0.0,44.62,5.99,Standard,2.5,53.11,PayPal,Cancelled,,,False
56359490,152017,2025-10-15,Toys,Board Game,5,51.17,0.0,255.85,0.0,Standard,16.63,272.48,Credit Card,Delivered,4.0,,False
43954178,874299,2024-09-02,Electronics,4K Monitor,1,161.37,10.0,145.23,0.0,Standard,8.35,153.58,PayPal,Delivered,5.0,4.0,True
25485213,968744,2025-12-23,Electronics,Smartwatch,2,301.06,0.0,602.12,0.0,Standard,49.67,651.79,Debit Card,Delivered,6.0,,False
47367878,215714,2024-08-16,Grocery,Snack Variety Pack,3,37.12,0.0,111.36,0.0,Standard,6.24,117.6,Apple Pay,Delivered,4.0,3.0,False
37777132,975413,2024-11-09,Electronics,Bluetooth Speaker,3,326.99,5.0,931.92,0.0,Standard,82.71,1014.63,Credit Card,Delivered,6.0,,False
66921451,522606,2024-09-08,Electronics,Bluetooth Speaker,1,276.54,0.0,276.54,0.0,Standard,17.28,293.82,Debit Card,Delivered,6.0,4.0,False
13952814,579703,2025-07-28,Clothing,Yoga Leggings,1,129.29,0.0,129.29,0.0,Standard,7.76,137.05,PayPal,Delivered,6.0,4.0,False
90687310,562945,2025-09-12,Clothing,Yoga Leggings,1,93.36,0.0,93.36,0.0,Standard,5.6,98.96,Debit Card,Cancelled,,,False
92774074,896180,2024-01-25,Sports & Outdoors,Bicycle Helmet,1,40.09,15.0,34.08,12.99,Express,3.02,50.09,Gift Card,Delivered,3.0,4.0,False
99259511,629083,2024-02-19,Sports & Outdoors,Camping Tent,1,178.91,0.0,178.91,0.0,Express,8.5,187.41,Debit Card,Returned,2.0,,False
98008393,438441,2024-12-17,Electronics,Smartwatch,1,125.73,0.0,125.73,0.0,Standard,7.86,133.59,Credit Card,Shipped,,,False
41730883,560657,2024-12-16,Clothing,Winter Jacket,1,105.47,20.0,84.38,0.0,Standard,4.85,89.23,Apple Pay,Delivered,6.0,,False
88563201,528226,2024-12-01,Beauty,Lipstick,1,72.66,0.0,72.66,12.99,Express,4.54,90.19,Credit Card,Delivered,1.0,,False
74962026,247820,2024-12-31,Home & Kitchen,Coffee Maker,1,178.96,0.0,178.96,0.0,Standard,8.5,187.46,Credit Card,Delivered,6.0,,False
76885907,815544,2024-08-05,Sports & Outdoors,Fishing Rod,1,112.69,30.0,78.88,0.0,,5.13,84.01,Apple Pay,Delivered,3.0,,False
93059137,884309,2024-02-18,Clothing,Socks (3-pack),4,77.43,0.0,309.72,0.0,Standard,14.71,324.43,Credit Card,Delivered,5.0,3.0,False
99273702,351676,2025-08-02,Clothing,Men's T-Shirt,1,153.41,0.0,153.41,0.0,Standard,9.97,163.38,PayPal,Delivered,4.0,2.0,False
33948450,857288,2025-09-12,Electronics,Portable Charger,3,88.31,0.0,264.93,0.0,Standard,15.9,280.83,Credit Card,Delivered,6.0,,False
53140103,862525,2025-12-10,Clothing,Winter Jacket,1,108.04,0.0,108.04,0.0,Standard,6.48,114.52,PayPal,Shipped,,,False
69586124,372352,2024-11-12,Electronics,Gaming Mouse,1,341.99,0.0,341.99,0.0,Express,21.37,363.36,Apple Pay,Delivered,1.0,3.0,False
29176334,562945,2024-06-24,Electronics,USB-C Hub,2,111.11,0.0,222.22,0.0,Next-Day,13.33,235.55,PayPal,Delivered,1.0,3.0,False
80863686,180132,2025-02-18,Electronics,4K Monitor,1,202.15,25.0,151.61,0.0,Next-Day,12.51,164.12,Gift Card,Shipped,,,False
29574986,757216,2024-11-17,Clothing,Winter Jacket,3,35.45,5.0,101.03,0.0,Next-Day,4.04,105.07,Credit Card,Delivered,1.0,3.0,False
69613379,778621,2024-01-18,Electronics,Smartwatch,1,50.94,0.0,50.94,22.99,Next-Day,3.18,77.11,Credit Card,Shipped,,,False
55396417,642667,2024-08-20,Home & Kitchen,Throw Pillow,1,106.82,0.0,106.82,0.0,Express,6.41,113.23,Debit Card,Delivered,3.0,,False
11498111,789354,2025-02-01,Beauty,Hair Dryer,1,49.68,0.0,49.68,5.99,Standard,2.36,58.03,Credit Card,Delivered,6.0,5.0,True
98315499,151519,2025-06-09,Toys,Puzzle (1000pc),5,54.83,0.0,274.15,0.0,Standard,16.45,290.6,Credit Card,Shipped,,,False
61490913,812713,2025-11-05,Beauty,Shampoo & Conditioner Set,3,66.58,0.0,199.74,0.0,Standard,7.99,207.73,Credit Card,Delivered,4.0,5.0,False
21790951,627699,2024-10-23,Electronics,Bluetooth Speaker,5,53.02,0.0,265.1,0.0,Standard,14.85,279.95,Debit Card,Shipped,,,False
20609932,206781,2025-05-23,Toys,Action Figure,1,83.12,0.0,83.12,0.0,Standard,4.65,87.77,PayPal,Delivered,4.0,4.0,False
86935807,206781,2024-08-28,Beauty,Shampoo & Conditioner Set,1,90.06,0.0,90.06,0.0,Standard,5.04,95.1,Credit Card,Delivered,8.0,4.0,False
51372132,496913,2025-08-02,Home & Kitchen,Throw Pillow,1,187.75,0.0,187.75,0.0,Standard,11.73,199.48,Credit Card,Delivered,6.0,2.0,False
86103155,197599,2025-06-10,Electronics,Smartwatch,1,186.68,0.0,186.68,0.0,Standard,12.13,198.81,Credit Card,Cancelled,,,False
34410621,665342,2025-02-13,Home & Kitchen,Non-Stick Pan,1,143.22,0.0,143.22,0.0,Standard,6.8,150.02,Apple Pay,Delivered,7.0,,False
58705543,975413,2025-04-10,Clothing,Denim Jacket,1,97.35,0.0,97.35,0.0,Standard,8.64,105.99,Debit Card,Delivered,7.0,4.0,False
19092204,789354,2024-05-20,Sports & Outdoors,Resistance Bands,1,105.78,15.0,89.91,0.0,Standard,4.27,94.18,Credit Card,Delivered,1.0,,False
40161742,678035,2025-12-22,Home & Kitchen,Cutlery Set,3,62.7,0.0,188.1,0.0,Standard,11.76,199.86,PayPal,Delivered,6.0,,False
97462716,533743,2025-06-29,Books,Children's Picture Book,1,16.5,0.0,16.5,5.99,Standard,1.03,23.52,PayPal,Delivered,4.0,,False
95693207,289311,2025-09-24,Clothing,Wool Sweater,3,74.86,0.0,224.58,0.0,Standard,0.0,224.58,Credit Card,Delivered,6.0,,False
11974001,968810,2025-08-30,Clothing,Women's Jeans,2,127.34,0.0,254.68,0.0,Express,14.64,269.32,Gift Card,Delivered,4.0,,False
42667209,424543,2024-06-03,Sports & Outdoors,Water Bottle,1,166.73,0.0,166.73,0.0,Standard,7.92,174.65,Apple Pay,Delivered,7.0,1.0,True
92712607,332762,2025-03-07,Books,Biography,1,16.13,0.0,16.13,5.99,Standard,0.97,23.09,Debit Card,Processing,,,False
53599424,363028,2025-09-01,Clothing,Men's T-Shirt,1,52.7,0.0,52.7,5.99,Standard,3.43,62.12,Credit Card,Delivered,7.0,,False
94452194,630171,2024-10-02,Home & Kitchen,Blender,1,136.26,0.0,136.26,0.0,Express,8.18,144.44,Credit Card,Delivered,5.0,,False
23577730,901983,2025-12-30,Clothing,Running Shoes,4,65.95,0.0,263.8,0.0,Standard,16.49,280.29,Debit Card,Shipped,,,False
32533643,282580,2025-01-05,Clothing,Hoodie,1,26.77,10.0,24.09,12.99,Express,1.51,38.59,Credit Card,Cancelled,,,True
23593741,304850,2024-10-28,Clothing,Socks (3-pack),2,65.49,0.0,130.98,0.0,Standard,7.33,138.31,Debit Card,Delivered,5.0,,False
99879726,961935,2025-11-08,Electronics,Noise Cancelling Headphones,1,150.98,0.0,150.98,0.0,Standard,9.06,160.04,Credit Card,Delivered,4.0,4.0,False
18692609,886180,2024-11-05,Books,Children's Picture Book,1,16.0,5.0,15.2,5.99,Standard,1.35,22.54,Apple Pay,Delivered,5.0,3.0,False
59198938,976721,2025-11-27,Clothing,Denim Jacket,1,86.59,15.0,73.6,5.99,Standard,6.07,85.66,Credit Card,Delivered,6.0,4.0,False
53002773,781385,2024-08-22,Clothing,Wool Sweater,2,84.31,0.0,168.62,0.0,Standard,13.91,182.53,Credit Card,Delivered,6.0,,False
62876646,218381,2025-11-17,Electronics,Wireless Earbuds,2,134.13,0.0,268.26,0.0,Standard,16.77,285.03,Debit Card,Delivered,6.0,3.0,False
17397763,388002,2025-12-29,Home & Kitchen,Bed Sheets Set,2,76.99,30.0,107.79,0.0,Standard,6.04,113.83,PayPal,Shipped,,,False
91781071,867788,2024-03-10,Home & Kitchen,Table Lamp,1,136.36,0.0,136.36,0.0,Express,3.95,140.31,Debit Card,Delivered,2.0,,False
85474648,110406,2024-08-18,Books,Mystery Thriller,4,15.14,0.0,60.56,5.99,Standard,5.37,71.92,PayPal,Cancelled,,,False
10407108,884309,2025-11-15,Beauty,Shampoo & Conditioner Set,1,46.91,0.0,46.91,12.99,Express,2.23,62.13,Credit Card,Delivered,4.0,4.0,False
55549969,779182,2024-12-29,Clothing,Running Shoes,1,54.45,10.0,49.01,12.99,Express,2.33,64.33,Debit Card,Delivered,2.0,5.0,False
68159608,273042,2025-05-04,Home & Kitchen,Table Lamp,1,185.87,0.0,185.87,0.0,Standard,10.41,196.28,Credit Card,Delivered,6.0,2.0,False
50981571,635222,2024-08-06,Beauty,Body Lotion,1,35.32,0.0,35.32,12.99,Express,2.12,50.43,PayPal,Returned,2.0,,False
39231860,760624,2025-11-26,Clothing,Women's Jeans,1,66.58,5.0,63.25,22.99,Next-Day,3.0,89.24,Debit Card,Delivered,3.0,4.0,False
43065576,627694,2025-06-14,Electronics,Noise Cancelling Headphones,2,287.64,0.0,575.28,0.0,Standard,35.95,611.23,PayPal,Delivered,5.0,4.0,False
52492037,779182,2024-04-11,Sports & Outdoors,Yoga Mat,1,27.32,0.0,27.32,5.99,Standard,1.3,34.61,Debit Card,Delivered,7.0,4.0,True
93804941,841384,2024-05-06,Electronics,USB-C Hub,1,295.01,0.0,295.01,0.0,Standard,14.01,309.02,PayPal,Shipped,,,False
40077695,498067,2024-12-08,Electronics,USB-C Hub,2,123.57,0.0,247.14,0.0,Express,15.45,262.59,Credit Card,Delivered,2.0,3.0,False
21011236,210779,2024-04-16,Electronics,Smartphone Case,1,342.05,0.0,342.05,0.0,Standard,28.22,370.27,PayPal,Delivered,6.0,,False
96543893,439402,2025-06-09,Toys,Doll House,1,19.48,0.0,19.48,12.99,Express,1.17,33.64,Apple Pay,Delivered,4.0,,False
52874431,360610,2025-11-26,Sports & Outdoors,Jump Rope,3,169.58,25.0,381.56,0.0,Standard,11.07,392.63,PayPal,Delivered,3.0,3.0,False
97945878,434982,2024-04-10,Clothing,Denim Jacket,1,101.79,0.0,101.79,0.0,Standard,8.4,110.19,Credit Card,Delivered,3.0,,False
31296045,181268,2025-12-31,Toys,Plush Toy,2,41.44,0.0,82.88,0.0,Standard,5.18,88.06,Credit Card,Processing,,,False
69309619,579703,2024-11-02,Clothing,Hoodie,1,79.8,0.0,79.8,0.0,Express,4.79,84.59,Debit Card,Delivered,1.0,5.0,False
45037498,715861,2025-12-11,Beauty,Lipstick,4,90.63,10.0,326.27,0.0,Standard,18.27,344.54,Credit Card,Shipped,,,False
81756073,125648,2025-07-17,Clothing,Summer Dress,2,49.01,0.0,98.02,0.0,Standard,6.13,104.15,Credit Card,Delivered,2.0,5.0,False
72521391,575340,2024-12-09,Electronics,Bluetooth Speaker,1,146.65,0.0,146.65,0.0,Standard,8.8,155.45,Credit Card,Delivered,6.0,4.0,False
23885725,568666,2024-07-23,Grocery,Organic Coffee Beans,1,9.6,0.0,9.6,5.99,Standard,0.38,15.97,Credit Card,Processing,,,False
81794719,321588,2025-11-17,Sports & Outdoors,Jump Rope,1,144.65,0.0,144.65,0.0,Standard,8.32,152.97,Credit Card,Shipped,,,False
11783818,659864,2024-06-11,Electronics,Bluetooth Speaker,1,77.24,0.0,77.24,0.0,Standard,6.86,84.1,Credit Card,Delivered,4.0,,False
71868893,900550,2025-09-10,Grocery,Organic Coffee Beans,1,41.32,0.0,41.32,5.99,Standard,2.58,49.89,PayPal,Delivered,5.0,3.0,False
88570534,516800,2025-12-07,Electronics,Laptop Stand,3,288.11,10.0,777.9,0.0,Express,48.62,826.52,Debit Card,Shipped,,,False
84006433,166701,2024-12-11,Beauty,Perfume,2,85.49,0.0,170.98,0.0,Standard,10.26,181.24,Debit Card,Delivered,4.0,5.0,False
44062489,728511,2024-01-22,Clothing,Men's T-Shirt,4,129.75,0.0,519.0,0.0,Standard,20.76,539.76,Debit Card,Delivered,6.0,5.0,False
99850497,779182,2025-12-05,Clothing,Men's T-Shirt,1,44.54,0.0,44.54,22.99,Next-Day,2.12,69.65,Gift Card,Delivered,1.0,,False
16986244,478937,2024-10-30,Clothing,Denim Jacket,1,84.32,0.0,84.32,0.0,Standard,4.72,89.04,Credit Card,Delivered,6.0,4.0,False
61172364,756144,2024-12-31,Electronics,Noise Cancelling Headphones,2,170.47,0.0,340.94,0.0,Express,19.09,360.03,Credit Card,Delivered,2.0,,False
14881934,178518,2025-12-01,Home & Kitchen,Blender,1,123.42,0.0,123.42,0.0,Next-Day,7.1,130.52,PayPal,Returned,2.0,,False
47864699,599235,2024-12-18,Electronics,Noise Cancelling Headphones,1,191.09,0.0,191.09,0.0,Standard,11.47,202.56,Credit Card,Processing,,,False
92074782,867788,2025-11-20,Sports & Outdoors,Hiking Backpack,1,146.88,0.0,146.88,0.0,Standard,4.26,151.14,Credit Card,Delivered,4.0,,False
81491095,356668,2025-01-01,Electronics,Smartwatch,3,109.01,0.0,327.03,0.0,Express,20.44,347.47,Apple Pay,Cancelled,,,False
16127700,842595,2024-11-02,Books,Mystery Thriller,1,42.44,0.0,42.44,5.99,Standard,2.65,51.08,Credit Card,Delivered,4.0,2.0,False
29889515,496913,2024-09-12,Beauty,Shampoo & Conditioner Set,1,50.09,0.0,50.09,12.99,Express,3.13,66.21,Apple Pay,Cancelled,,,False
70123133,262277,2024-01-19,Beauty,Nail Polish Set,2,18.01,0.0,36.02,12.99,Express,2.34,51.35,Debit Card,Delivered,3.0,2.0,False
56865888,760624,2024-05-19,Clothing,Hoodie,1,127.46,0.0,127.46,0.0,Standard,6.05,133.51,Credit Card,Delivered,6.0,,False
21601144,635222,2025-12-25,Electronics,Portable Charger,1,285.78,0.0,285.78,0.0,Express,17.15,302.93,Credit Card,Delivered,4.0,,False
70350017,471843,2024-04-04,Clothing,Winter Jacket,5,60.43,10.0,271.94,0.0,Standard,10.88,282.82,Credit Card,Delivered,5.0,3.0,False
78753268,686314,2024-02-28,Beauty,Face Serum,1,48.67,0.0,48.67,5.99,Standard,4.02,58.68,Gift Card,Delivered,6.0,4.0,False
62675236,924543,2025-12-17,Clothing,Women's Jeans,1,93.97,0.0,93.97,0.0,Standard,5.64,99.61,Apple Pay,Delivered,6.0,,False
48157392,842595,2025-03-18,Electronics,Laptop Stand,1,158.28,0.0,158.28,0.0,Standard,9.89,168.17,PayPal,Delivered,7.0,,False
54975725,227598,2025-04-09,Electronics,Bluetooth Speaker,1,162.79,0.0,162.79,0.0,,6.51,169.3,Credit Card,Delivered,1.0,,True
77226638,372352,2025-01-11,Books,Children's Picture Book,1,27.75,0.0,27.75,5.99,Standard,1.73,35.47,Apple Pay,Delivered,6.0,4.0,False
91957982,726144,2025-05-09,Electronics,Smartphone Case,1,385.03,0.0,385.03,0.0,Standard,23.1,408.13,PayPal,Delivered,4.0,5.0,False
83135946,176521,2024-01-19,Clothing,Hoodie,1,66.08,0.0,66.08,12.99,Express,4.3,83.37,PayPal,Shipped,,,False
57537869,266813,2024-09-27,Clothing,Yoga Leggings,1,71.04,5.0,67.49,5.99,Standard,3.21,76.69,Gift Card,Delivered,6.0,,False
76128858,359108,2025-11-15,Sports & Outdoors,Hiking Backpack,1,241.81,0.0,241.81,0.0,Standard,15.11,256.92,Debit Card,Delivered,5.0,4.0,False
36505373,620065,2025-12-02,Clothing,Socks (3-pack),2,20.63,15.0,35.07,5.99,Standard,2.1,43.16,Credit Card,Processing,,,False
81408469,910706,2025-03-13,Sports & Outdoors,Dumbbell Set,1,310.53,0.0,310.53,0.0,Express,18.63,329.16,PayPal,Delivered,4.0,,False
56371868,262277,2025-11-18,Clothing,Wool Sweater,2,158.38,0.0,316.76,0.0,Standard,20.59,337.35,Credit Card,Processing,,,False
34210709,150447,2025-06-09,Clothing,Denim Jacket,1,69.42,0.0,69.42,5.99,Standard,3.89,79.3,PayPal,Returned,6.0,,False
19541052,504586,2024-09-23,Sports & Outdoors,Water Bottle,2,226.54,0.0,453.08,0.0,Standard,29.45,482.53,Apple Pay,Delivered,5.0,4.0,True
62425992,957476,2025-02-23,Home & Kitchen,Air Fryer,3,161.47,0.0,484.41,0.0,Standard,30.28,514.69,PayPal,Delivered,5.0,,False
94515805,844547,2024-04-30,Books,Children's Picture Book,3,24.19,0.0,72.57,12.99,Express,4.17,89.73,Credit Card,Delivered,3.0,5.0,False
81281007,657736,2025-12-09,Electronics,Bluetooth Speaker,2,172.67,5.0,328.07,0.0,Express,19.68,347.75,Debit Card,Delivered,4.0,,False
41558988,859423,2025-04-23,Beauty,Sunscreen SPF50,1,106.8,0.0,106.8,0.0,Standard,6.41,113.21,Credit Card,Cancelled,,,False
58626928,854133,2024-11-02,Toys,Board Game,1,31.23,25.0,23.42,22.99,Next-Day,1.52,47.93,Debit Card,Delivered,1.0,3.0,False
53127124,113123,2024-10-27,Electronics,Gaming Mouse,4,96.64,0.0,386.56,0.0,Standard,22.23,408.79,Credit Card,Processing,,,False
12700715,627694,2024-09-29,Clothing,Socks (3-pack),1,25.49,0.0,25.49,5.99,Standard,1.59,33.07,Credit Card,Delivered,6.0,4.0,False
73254254,106059,2024-10-17,Beauty,Body Lotion,3,31.26,0.0,93.78,0.0,Standard,7.74,101.52,Credit Card,Delivered,5.0,3.0,False
65860210,199805,2025-06-10,Clothing,Men's T-Shirt,1,71.93,10.0,64.74,12.99,Express,3.72,81.45,Debit Card,Delivered,2.0,5.0,True
17667324,768390,2024-09-16,Home & Kitchen,Blender,1,87.87,0.0,87.87,0.0,Standard,4.92,92.79,Credit Card,Delivered,5.0,3.0,False
32307632,816060,2025-10-04,Electronics,Smartphone Case,2,140.45,0.0,280.9,0.0,Standard,17.56,298.46,Apple Pay,Delivered,7.0,,False
39987945,523106,2024-11-20,Home & Kitchen,Coffee Maker,4,197.93,0.0,791.72,0.0,Standard,49.48,841.2,Credit Card,Delivered,7.0,,True
93351619,161769,2024-11-29,Clothing,Men's T-Shirt,1,66.0,0.0,66.0,5.99,Standard,3.96,75.95,Debit Card,Delivered,5.0,3.0,False
72203291,640867,2024-06-02,Beauty,Lipstick,2,48.74,0.0,97.48,0.0,Standard,8.65,106.13,Credit Card,Delivered,4.0,5.0,False
85803012,110406,2024-05-04,Home & Kitchen,Air Fryer,1,215.91,0.0,215.91,0.0,Standard,19.16,235.07,Credit Card,Delivered,4.0,2.0,False
88232546,669983,2024-12-09,Clothing,Winter Jacket,5,67.84,10.0,305.28,0.0,Standard,14.5,319.78,Credit Card,Delivered,6.0,,False
53141118,651011,2024-06-21,Clothing,Summer Dress,1,14.65,0.0,14.65,12.99,Express,1.21,28.85,Credit Card,Delivered,4.0,3.0,False
22181866,262277,2025-11-25,Clothing,Yoga Leggings,1,10.19,0.0,10.19,5.99,Standard,0.66,16.84,Debit Card,Shipped,,,True
86604171,503012,2024-07-20,Sports & Outdoors,Fishing Rod,2,163.07,0.0,326.14,0.0,Standard,20.38,346.52,Debit Card,Delivered,3.0,3.0,False
33019542,796365,2025-10-26,Books,Biography,1,13.96,0.0,13.96,12.99,Express,1.24,28.19,Apple Pay,Shipped,,,True
29786697,248116,2024-11-23,Toys,Action Figure,1,40.76,0.0,40.76,12.99,Express,2.65,56.4,Debit Card,Delivered,2.0,5.0,False
36898538,266711,2025-12-29,Electronics,USB-C Hub,1,343.44,0.0,343.44,0.0,Standard,13.74,357.18,PayPal,Processing,,,False
29246845,617300,2024-02-22,Beauty,Lipstick,1,53.63,,48.27,12.99,Express,3.02,64.28,Credit Card,Delivered,4.0,4.0,False
81017409,562945,2025-09-01,Clothing,Wool Sweater,1,45.06,10.0,40.55,5.99,Standard,2.43,48.97,Credit Card,Delivered,5.0,,False
10893154,816376,2025-04-03,Sports & Outdoors,Dumbbell Set,1,166.8,20.0,133.44,0.0,Express,3.87,137.31,PayPal,Delivered,3.0,4.0,False
34420190,669175,2025-10-06,Sports & Outdoors,Yoga Mat,2,105.86,0.0,211.72,0.0,Standard,10.06,221.78,Credit Card,Shipped,,,False
33058807,100667,2024-11-19,Clothing,Yoga Leggings,2,81.47,5.0,154.79,0.0,Standard,12.77,167.56,Apple Pay,Returned,8.0,,False
24735465,562945,2024-11-02,Sports & Outdoors,Hiking Backpack,2,312.93,0.0,625.86,0.0,Express,37.55,663.41,Credit Card,Delivered,1.0,,False
42996057,755168,2024-04-13,Clothing,Wool Sweater,1,55.11,15.0,46.84,5.99,Standard,2.93,55.76,Debit Card,Delivered,4.0,3.0,False
36153137,958338,2024-05-15,Clothing,Hoodie,2,127.6,0.0,255.2,0.0,Standard,15.95,271.15,Apple Pay,Delivered,6.0,3.0,False
80493971,250854,2025-08-05,Electronics,Bluetooth Speaker,1,128.62,0.0,128.62,0.0,Next-Day,8.04,136.66,PayPal,Delivered,1.0,3.0,True
76202350,560657,2025-02-01,Electronics,Laptop Stand,5,326.11,0.0,1630.55,0.0,Standard,93.76,1724.31,Credit Card,Delivered,4.0,,False
48499716,304850,2025-12-14,Electronics,Portable Charger,3,216.52,5.0,617.08,0.0,Standard,34.56,651.64,Apple Pay,Delivered,6.0,5.0,False
50922467,660209,2024-12-21,Sports & Outdoors,Dumbbell Set,3,85.56,0.0,256.68,0.0,Standard,21.18,277.86,Debit Card,Delivered,7.0,,False
16528936,455782,2024-12-19,Toys,Art & Craft Kit,1,40.88,0.0,40.88,5.99,Standard,2.56,49.43,PayPal,Processing,,,False
57613492,262277,2024-06-28,Clothing,Summer Dress,1,132.04,5.0,125.44,0.0,Standard,8.15,133.59,Credit Card,Returned,4.0,,False
45368081,560657,2024-09-13,Clothing,Hoodie,2,50.7,0.0,101.4,0.0,Next-Day,5.83,107.23,Credit Card,Processing,,,False
81484786,262277,2024-11-26,Grocery,Granola Bars (12-pack),1,41.09,5.0,39.04,5.99,Standard,2.54,47.57,Credit Card,Delivered,5.0,,False
72392729,779402,2025-09-21,Beauty,Moisturizer,1,46.72,0.0,46.72,5.99,Standard,2.92,55.63,Credit Card,Shipped,,,False
70514841,197599,2024-11-26,Toys,Art & Craft Kit,1,60.96,20.0,48.77,12.99,Express,3.17,64.93,PayPal,Delivered,2.0,3.0,False
64620378,698248,2024-11-10,Toys,Action Figure,4,78.18,20.0,250.18,0.0,Standard,15.64,265.82,PayPal,Cancelled,,,False
86078776,454854,2025-11-21,Clothing,Yoga Leggings,2,30.82,0.0,61.64,5.99,Standard,5.09,72.72,PayPal,Cancelled,,,False
89690846,525664,2024-04-01,Beauty,Lipstick,2,40.46,0.0,80.92,0.0,Standard,3.24,84.16,Credit Card,Delivered,6.0,4.0,False
59042407,674253,2025-08-19,Books,Biography,1,18.58,0.0,18.58,5.99,Standard,1.04,25.61,Debit Card,Delivered,7.0,,False
59067248,509048,2025-02-09,Toys,Board Game,3,34.72,0.0,104.16,0.0,Standard,8.59,112.75,Credit Card,Delivered,5.0,4.0,False
64622310,262277,2024-05-14,Clothing,Socks (3-pack),1,58.8,0.0,58.8,12.99,Express,3.82,75.61,Debit Card,Processing,,,False
79665319,325640,2024-12-17,Toys,Board Game,3,37.56,0.0,112.68,0.0,Standard,9.3,121.98,Credit Card,Delivered,7.0,,False
12187301,262277,2025-05-30,Home & Kitchen,Bed Sheets Set,3,152.36,0.0,457.08,0.0,Express,29.71,486.79,Gift Card,Delivered,4.0,5.0,False
24722352,665342,2024-10-08,Beauty,Nail Polish Set,1,48.47,10.0,43.62,22.99,Next-Day,2.07,68.68,Credit Card,Delivered,1.0,2.0,False
60702189,620638,2024-12-25,Electronics,Wireless Earbuds,2,203.41,15.0,345.8,0.0,Express,20.75,366.55,Credit Card,Delivered,3.0,5.0,False
89850095,206781,2024-08-08,Toys,Building Block Set,1,43.33,0.0,43.33,5.99,Standard,2.43,51.75,PayPal,Delivered,4.0,,False
80521914,327694,2025-01-28,Clothing,Men's T-Shirt,5,72.84,0.0,364.2,0.0,Next-Day,17.3,381.5,Credit Card,Delivered,1.0,4.0,False
69666016,225295,2024-01-08,Sports & Outdoors,Water Bottle,2,142.37,,284.74,0.0,Standard,17.08,301.82,Credit Card,Delivered,6.0,5.0,False
29753585,353168,2024-07-07,Electronics,Wireless Earbuds,2,279.74,0.0,559.48,0.0,Standard,34.97,594.45,Apple Pay,Delivered,7.0,,False
78182829,579703,2024-12-02,Beauty,Hair Dryer,4,112.49,5.0,427.46,0.0,Next-Day,25.65,453.11,Credit Card,Delivered,2.0,,False
87635260,654605,2025-08-14,Beauty,Makeup Brush Set,1,28.91,0.0,28.91,12.99,Express,1.81,43.71,Credit Card,Returned,3.0,,False
85049938,206781,2025-08-21,Home & Kitchen,Vacuum Cleaner,2,179.91,0.0,359.82,0.0,Standard,20.15,379.97,Credit Card,Shipped,,,False
36058695,210779,2025-12-24,Electronics,Smartphone Case,1,84.27,20.0,67.42,5.99,Standard,5.56,78.97,Credit Card,Processing,,,False
29563124,489801,2025-05-08,Books,Self-Help Book,1,20.42,0.0,20.42,12.99,Express,1.28,34.69,PayPal,Processing,,,False
22286883,516875,2024-03-16,Beauty,Moisturizer,4,105.13,0.0,420.52,0.0,Standard,37.32,457.84,PayPal,Delivered,5.0,,False
23315420,225295,2025-12-06,Electronics,Noise Cancelling Headphones,2,32.08,15.0,54.54,5.99,Standard,3.27,63.8,PayPal,Delivered,4.0,,False
51694367,728511,2025-11-16,Electronics,Smartwatch,1,327.08,0.0,327.08,0.0,Standard,13.08,340.16,Credit Card,Delivered,4.0,5.0,False
53467712,150447,2024-12-09,Home & Kitchen,Bed Sheets Set,4,235.24,0.0,940.96,0.0,Standard,52.69,993.65,Credit Card,Delivered,6.0,4.0,False
81365429,664709,2025-09-12,Sports & Outdoors,Resistance Bands,4,199.01,0.0,796.04,0.0,Standard,65.67,861.71,Apple Pay,Delivered,7.0,,False
91619891,635222,2025-11-06,Grocery,Protein Powder,1,6.55,5.0,6.22,5.99,Standard,0.37,12.58,Debit Card,Delivered,5.0,4.0,False
88105763,772288,2024-12-02,Electronics,Smartwatch,1,212.05,0.0,212.05,0.0,Standard,12.19,224.24,Credit Card,Delivered,4.0,4.0,False
74652780,350668,2024-07-15,Beauty,Makeup Brush Set,1,56.77,5.0,53.93,5.99,Standard,3.24,63.16,Credit Card,Delivered,8.0,3.0,False
31429190,657736,2025-11-13,Home & Kitchen,Blender,1,38.96,0.0,38.96,5.99,Standard,2.34,47.29,Debit Card,Delivered,5.0,,False
64085689,827295,2025-08-01,Toys,Board Game,4,30.33,0.0,121.32,0.0,Express,7.58,128.9,PayPal,Delivered,4.0,,False
61291085,681576,2025-04-29,Books,Science Textbook,2,26.26,0.0,52.52,5.99,Standard,3.28,61.79,PayPal,Delivered,5.0,3.0,False
98874841,867788,2024-02-08,Toys,Board Game,1,28.34,10.0,25.51,12.99,Express,0.74,39.24,Debit Card,Delivered,3.0,4.0,False
75209226,728511,2024-08-02,Clothing,Hoodie,3,121.69,0.0,365.07,0.0,Express,14.6,379.67,Debit Card,Delivered,2.0,4.0,False
72972090,492493,2025-11-16,Books,Fiction Novel,3,27.9,0.0,83.7,0.0,Express,5.23,88.93,PayPal,Delivered,6.0,,False
11609879,106403,2025-01-23,Toys,Action Figure,2,51.38,5.0,97.62,0.0,Express,6.35,103.97,Credit Card,Cancelled,,,False
77441057,142263,2025-11-25,Home & Kitchen,Bed Sheets Set,2,270.52,20.0,432.83,0.0,Express,35.71,468.54,Credit Card,Delivered,4.0,,False
74787945,124876,2024-10-10,Grocery,Organic Coffee Beans,1,24.18,0.0,24.18,22.99,,1.57,48.74,PayPal,Delivered,1.0,4.0,False
23289214,862231,2024-11-19,Beauty,Sunscreen SPF50,1,68.38,0.0,68.38,5.99,Standard,5.64,80.01,Apple Pay,Shipped,,,False
62672497,150447,2024-06-19,Grocery,Snack Variety Pack,3,22.22,0.0,66.66,5.99,Standard,3.73,76.38,Credit Card,Delivered,5.0,3.0,False
88577650,361096,2024-06-16,Electronics,Gaming Mouse,4,198.51,0.0,794.04,0.0,Standard,47.64,841.68,Debit Card,Delivered,8.0,,False
73427940,660209,2024-08-12,Home & Kitchen,Blender,1,137.52,0.0,137.52,0.0,Standard,11.35,148.87,Debit Card,Delivered,6.0,4.0,True
58838505,150447,2025-07-30,Beauty,Face Serum,1,69.14,0.0,69.14,5.99,Standard,3.87,79.0,Debit Card,Shipped,,,False
46057953,180132,2024-04-23,Clothing,Yoga Leggings,1,97.23,0.0,97.23,0.0,Express,8.02,105.25,PayPal,Delivered,2.0,,False
21035328,757216,2024-12-11,Home & Kitchen,Coffee Maker,1,63.82,5.0,60.63,5.99,Standard,2.43,69.05,PayPal,Delivered,7.0,,False
47306374,871000,2024-05-28,Beauty,Nail Polish Set,1,57.45,0.0,57.45,12.99,Express,3.59,74.03,Gift Card,Returned,4.0,,False
24097150,703269,2024-05-22,Electronics,Gaming Mouse,1,149.9,0.0,149.9,0.0,Standard,13.3,163.2,PayPal,Returned,6.0,,False
43571606,388002,2024-08-19,Clothing,Men's T-Shirt,1,69.61,0.0,69.61,5.99,Standard,3.9,79.5,PayPal,Delivered,4.0,4.0,False
51612430,656919,2025-11-09,Home & Kitchen,Non-Stick Pan,3,116.12,0.0,348.36,0.0,Express,21.77,370.13,Credit Card,Delivered,1.0,4.0,True
73828904,244629,2025-01-12,Home & Kitchen,Bed Sheets Set,1,278.39,0.0,278.39,0.0,Standard,15.59,293.98,PayPal,Delivered,6.0,4.0,False
80286383,635222,2025-09-01,Clothing,Wool Sweater,1,50.59,0.0,50.59,5.99,Standard,3.04,59.62,PayPal,Delivered,3.0,4.0,True
48978166,684170,2024-02-12,Electronics,Portable Charger,3,230.67,0.0,692.01,0.0,Standard,32.87,724.88,Debit Card,Processing,,,False
15742427,233335,2025-08-15,Electronics,Laptop Stand,2,67.73,0.0,135.46,0.0,Standard,12.02,147.48,Credit Card,Delivered,5.0,5.0,False
52911213,443269,2025-08-15,Home & Kitchen,Throw Pillow,1,107.38,0.0,107.38,0.0,Standard,8.86,116.24,PayPal,Delivered,5.0,4.0,False
95919292,968744,2024-01-30,Books,Children's Picture Book,1,29.16,0.0,29.16,5.99,Standard,2.41,37.56,Gift Card,Delivered,5.0,3.0,False
98477502,597711,2024-09-18,Home & Kitchen,Table Lamp,1,172.2,0.0,172.2,0.0,Standard,15.28,187.48,Apple Pay,Returned,6.0,,False
88384609,423125,2024-08-03,Home & Kitchen,Non-Stick Pan,1,236.95,0.0,236.95,0.0,Standard,19.55,256.5,Credit Card,Delivered,5.0,,False
84062081,589266,2024-04-21,Sports & Outdoors,Jump Rope,1,132.47,0.0,132.47,0.0,Standard,11.76,144.23,Credit Card,Delivered,5.0,,False
94597934,570417,2025-12-04,Clothing,Summer Dress,1,42.64,10.0,38.38,5.99,Standard,2.4,46.77,Credit Card,Delivered,5.0,3.0,False
14521017,779182,2024-11-20,Electronics,4K Monitor,2,212.87,0.0,425.74,0.0,Express,20.22,445.96,Debit Card,Shipped,,,False
29640486,102475,2024-08-30,Beauty,Nail Polish Set,3,34.07,0.0,102.21,0.0,Standard,6.39,108.6,Credit Card,Delivered,6.0,,False
79935588,233544,2024-07-17,Electronics,4K Monitor,1,60.09,0.0,60.09,5.99,Standard,5.33,71.41,Credit Card,Delivered,7.0,,False
65368183,250628,2025-12-06,Toys,Action Figure,2,58.97,0.0,117.94,0.0,Standard,7.37,125.31,Apple Pay,Cancelled,,,False
89418231,737360,2025-06-02,Home & Kitchen,Air Fryer,1,140.2,0.0,140.2,0.0,Standard,12.44,152.64,Credit Card,Delivered,6.0,4.0,False
13011419,360610,2024-12-02,Electronics,Smartwatch,1,236.62,0.0,236.62,0.0,Standard,6.86,243.48,Debit Card,Delivered,5.0,3.0,False
66679037,568666,2025-11-01,Electronics,Wireless Earbuds,2,160.29,0.0,320.58,0.0,Express,12.82,333.4,Debit Card,Processing,,,False
89588345,161769,2025-12-08,Electronics,4K Monitor,1,151.69,0.0,151.69,0.0,Express,9.1,160.79,Debit Card,Delivered,1.0,3.0,False
93800136,562945,2024-06-02,Sports & Outdoors,Fishing Rod,2,265.5,0.0,531.0,0.0,Express,31.86,562.86,PayPal,Delivered,2.0,4.0,False
53202277,977660,2024-08-18,Sports & Outdoors,Resistance Bands,2,112.71,25.0,169.06,0.0,Next-Day,10.57,179.63,Credit Card,Shipped,,,False
44423526,654375,2024-09-23,Home & Kitchen,Air Fryer,1,112.49,0.0,112.49,0.0,Standard,7.03,119.52,PayPal,Delivered,8.0,4.0,False
17749330,643853,2025-12-08,Electronics,USB-C Hub,1,271.62,10.0,244.46,0.0,Standard,14.06,258.52,Debit Card,Delivered,5.0,5.0,False
12960306,715861,2024-09-21,Beauty,Moisturizer,1,91.94,0.0,91.94,0.0,Standard,5.15,97.09,PayPal,Returned,8.0,,False
50077290,907196,2025-12-16,Electronics,Smartwatch,3,166.5,0.0,499.5,0.0,Next-Day,31.22,530.72,Debit Card,Delivered,2.0,,False
75721323,593353,2025-05-30,Sports & Outdoors,Bicycle Helmet,1,116.63,0.0,116.63,0.0,Standard,4.67,121.3,Debit Card,Delivered,5.0,,False
85577157,182858,2024-08-20,Home & Kitchen,Coffee Maker,1,161.9,,161.9,0.0,Express,4.7,166.6,PayPal,Processing,,,False
19246369,206649,2025-09-28,Sports & Outdoors,Water Bottle,1,194.24,0.0,194.24,0.0,Standard,17.24,211.48,Apple Pay,Delivered,5.0,3.0,False
70038004,520461,2025-09-06,Books,Children's Picture Book,1,27.08,0.0,27.08,12.99,Express,0.79,40.86,Debit Card,Processing,,,False
48063886,858198,2025-11-28,Electronics,Smartwatch,2,221.05,0.0,442.1,0.0,Standard,27.63,469.73,Apple Pay,Delivered,6.0,3.0,False
76223057,218381,2025-02-19,Toys,Art & Craft Kit,3,61.17,5.0,174.33,0.0,Express,10.9,185.23,PayPal,Delivered,3.0,5.0,False
58631043,412756,2025-11-29,Home & Kitchen,Air Fryer,3,74.15,5.0,211.33,0.0,Express,13.21,224.54,Credit Card,Delivered,2.0,5.0,False
33827408,709483,2025-01-20,Electronics,Smartphone Case,2,218.23,0.0,436.46,0.0,Express,26.19,462.65,Debit Card,Shipped,,,False
17487119,539820,2024-11-16,Electronics,Laptop Stand,1,285.5,15.0,242.67,0.0,Standard,15.17,257.84,Credit Card,Delivered,5.0,2.0,False
66620436,253760,2024-11-30,Clothing,Women's Jeans,1,129.15,0.0,129.15,0.0,Express,8.07,137.22,Gift Card,Delivered,3.0,,False
23959458,665342,2024-11-01,Clothing,Men's T-Shirt,1,84.15,0.0,84.15,0.0,,4.0,88.15,Apple Pay,Delivered,2.0,,False
66480895,443269,2024-09-05,Sports & Outdoors,Water Bottle,3,197.11,0.0,591.33,0.0,Standard,48.78,640.11,Credit Card,Delivered,6.0,5.0,False
28128052,635222,2024-09-29,Home & Kitchen,Storage Bins,1,60.18,0.0,60.18,5.99,Standard,3.61,69.78,Credit Card,Delivered,6.0,4.0,False
76886996,255238,2025-08-15,Sports & Outdoors,Hiking Backpack,4,206.91,10.0,744.88,0.0,Standard,35.38,780.26,Credit Card,Cancelled,,,False
92186332,562945,2025-06-29,Electronics,USB-C Hub,4,239.23,0.0,956.92,0.0,Standard,57.42,1014.34,Debit Card,Delivered,6.0,,False
73401441,979391,2024-11-01,Home & Kitchen,Table Lamp,1,190.18,20.0,152.14,0.0,Standard,13.5,165.64,Credit Card,Delivered,6.0,,False
80547070,681576,2025-03-16,Toys,Board Game,1,47.89,0.0,47.89,5.99,Standard,2.99,56.87,Gift Card,Delivered,6.0,,False
87682920,657736,2024-01-01,Books,Cookbook,1,18.61,0.0,18.61,12.99,Express,1.12,32.72,PayPal,Delivered,1.0,,False
30438798,415959,2025-09-02,Grocery,Olive Oil,4,11.64,5.0,44.23,5.99,Standard,3.65,53.87,Credit Card,Delivered,6.0,4.0,False
49189114,250854,2024-08-21,Electronics,Smartwatch,1,177.33,0.0,177.33,0.0,Standard,11.08,188.41,Credit Card,Returned,8.0,,False
91791243,934213,2024-02-11,Sports & Outdoors,Dumbbell Set,1,111.09,0.0,111.09,0.0,Standard,9.16,120.25,Debit Card,Delivered,5.0,,False
99235792,873824,2025-05-03,Electronics,Portable Charger,4,229.52,0.0,918.08,0.0,Standard,55.08,973.16,Debit Card,Delivered,3.0,,False
21538795,105585,2025-09-20,Beauty,Body Lotion,1,30.76,,29.22,12.99,Express,1.83,44.04,Credit Card,Delivered,5.0,3.0,False
48883807,642047,2024-03-16,Grocery,Organic Coffee Beans,1,37.37,0.0,37.37,12.99,Express,2.09,52.45,Credit Card,Delivered,4.0,3.0,False
13692211,368754,2024-02-25,Electronics,Smartwatch,1,160.93,0.0,160.93,0.0,Standard,10.46,171.39,Credit Card,Delivered,4.0,3.0,False
82283072,150447,2025-10-05,Beauty,Lipstick,2,56.11,0.0,112.22,0.0,Next-Day,6.28,118.5,PayPal,Delivered,3.0,,True
82221830,430066,2024-07-23,Toys,Puzzle (1000pc),1,59.27,,47.42,5.99,Standard,2.73,56.14,PayPal,Delivered,6.0,,False
62491959,919601,2025-12-13,Clothing,Wool Sweater,1,30.85,0.0,30.85,12.99,Express,2.74,46.58,PayPal,Delivered,3.0,3.0,True
36460634,262277,2025-11-20,Home & Kitchen,Blender,1,157.42,5.0,149.55,0.0,Express,9.72,159.27,Credit Card,Delivered,3.0,,False
28501517,138509,2025-09-13,Home & Kitchen,Non-Stick Pan,1,200.9,0.0,200.9,0.0,Next-Day,16.57,217.47,Credit Card,Delivered,2.0,3.0,False
85457913,839134,2024-03-21,Beauty,Sunscreen SPF50,1,54.46,0.0,54.46,5.99,Standard,3.13,63.58,Credit Card,Delivered,4.0,,True
50043795,101688,2024-05-01,Toys,Plush Toy,2,22.14,20.0,35.42,22.99,Next-Day,1.42,59.83,PayPal,Returned,2.0,,False
72505327,517512,2025-10-06,Home & Kitchen,Non-Stick Pan,3,39.32,0.0,117.96,0.0,Standard,10.47,128.43,Credit Card,Delivered,6.0,,False
26754247,642667,2024-11-09,Beauty,Hair Dryer,1,38.77,0.0,38.77,12.99,Express,2.33,54.09,Credit Card,Cancelled,,,False
94236610,479646,2024-06-02,Sports & Outdoors,Bicycle Helmet,1,341.75,0.0,341.75,0.0,Standard,28.19,369.94,Credit Card,Delivered,5.0,2.0,False
81378531,901983,2024-12-17,Sports & Outdoors,Water Bottle,1,274.8,0.0,274.8,0.0,Express,17.18,291.98,Debit Card,Delivered,4.0,2.0,False
31892320,363197,2025-08-22,Beauty,Shampoo & Conditioner Set,1,44.47,0.0,44.47,5.99,Standard,1.78,52.24,Debit Card,Shipped,,,False
99162526,657736,2025-11-04,Beauty,Perfume,1,47.53,10.0,42.78,5.99,Standard,2.57,51.34,Credit Card,Cancelled,,,False
93057522,532741,2024-05-29,Electronics,Smartphone Case,1,312.73,15.0,265.82,0.0,Standard,7.71,273.53,PayPal,Returned,5.0,,False
42785557,477408,2024-11-22,Beauty,Body Lotion,1,112.08,5.0,106.48,0.0,Standard,8.78,115.26,Credit Card,Delivered,6.0,5.0,False
78147750,239917,2025-05-30,Electronics,Bluetooth Speaker,2,171.91,0.0,343.82,0.0,Standard,21.49,365.31,Credit Card,Shipped,,,False
22384577,301566,2025-04-24,Electronics,Smartphone Case,2,242.58,0.0,485.16,0.0,Express,30.32,515.48,Debit Card,Delivered,2.0,4.0,False
78048969,968744,2025-09-18,Toys,Board Game,2,55.1,0.0,110.2,0.0,Express,9.09,119.29,Credit Card,Delivered,1.0,5.0,False
78987131,985973,2025-11-08,Electronics,Smartphone Case,5,118.68,20.0,474.72,0.0,,28.48,503.2,Credit Card,Delivered,4.0,,True
13455820,273042,2025-12-18,Grocery,Pasta & Sauce Bundle,1,11.04,20.0,8.83,5.99,Standard,0.49,15.31,Credit Card,Delivered,6.0,4.0,False
64679213,991288,2024-07-20,Electronics,Gaming Mouse,1,331.03,5.0,314.48,0.0,Next-Day,14.94,329.42,Debit Card,Delivered,1.0,4.0,False
20941984,433152,2024-12-06,Clothing,Yoga Leggings,1,97.55,25.0,73.16,5.99,Standard,4.57,83.72,Credit Card,Returned,7.0,,False
94761799,632607,2024-12-30,Home & Kitchen,Vacuum Cleaner,3,39.41,20.0,94.58,0.0,Standard,8.39,102.97,Credit Card,Delivered,6.0,4.0,False
82242720,961935,2024-12-18,Toys,Board Game,2,51.63,0.0,103.26,0.0,Standard,6.2,109.46,Credit Card,Delivered,7.0,,False
83806470,859423,2025-01-27,Electronics,Noise Cancelling Headphones,2,177.76,0.0,355.52,0.0,Standard,21.33,376.85,Debit Card,Delivered,5.0,5.0,False
58477406,562945,2024-09-17,Clothing,Yoga Leggings,1,122.37,0.0,122.37,0.0,Standard,7.34,129.71,Gift Card,Delivered,3.0,,False
50865006,991288,2025-11-29,Beauty,Perfume,1,89.67,0.0,89.67,0.0,Express,4.26,93.93,Credit Card,Delivered,4.0,4.0,False
88457581,614646,2025-12-24,Clothing,Summer Dress,1,140.81,5.0,133.77,0.0,Standard,8.36,142.13,Credit Card,Delivered,5.0,3.0,False
34907668,269434,2025-10-12,Sports & Outdoors,Bicycle Helmet,1,114.43,0.0,114.43,0.0,Express,6.87,121.3,Credit Card,Delivered,2.0,4.0,False
50112192,625033,2025-05-27,Books,Poetry Collection,3,18.98,0.0,56.94,12.99,Express,5.05,74.98,PayPal,Delivered,5.0,2.0,False
72841335,490754,2025-11-17,Toys,Remote Control Car,1,77.53,0.0,77.53,0.0,Standard,4.34,81.87,Debit Card,Delivered,7.0,3.0,False
49881029,262277,2025-12-20,Electronics,Bluetooth Speaker,1,185.09,0.0,185.09,0.0,Standard,12.03,197.12,Credit Card,Delivered,4.0,4.0,False
76782985,525940,2024-09-16,Toys,Board Game,1,15.1,0.0,15.1,5.99,Standard,0.85,21.94,Credit Card,Returned,4.0,,True
61495693,504586,2025-12-29,Home & Kitchen,Cutlery Set,1,114.73,5.0,108.99,0.0,Standard,7.08,116.07,PayPal,Processing,,,False
64138174,451437,2024-02-20,Books,Biography,1,36.15,10.0,32.53,5.99,Standard,1.55,40.07,Credit Card,Delivered,8.0,,False
55766034,635222,2025-07-30,Toys,Building Block Set,2,50.36,0.0,100.72,0.0,Standard,6.04,106.76,Credit Card,Delivered,6.0,5.0,False
25613510,968744,2025-11-15,Electronics,4K Monitor,5,201.8,0.0,1009.0,0.0,Standard,83.24,1092.24,PayPal,Delivered,6.0,2.0,False
32773750,490754,2025-01-27,Electronics,USB-C Hub,1,180.81,0.0,180.81,0.0,Standard,10.13,190.94,PayPal,Delivered,5.0,,False
71505653,867788,2025-12-29,Beauty,Lipstick,1,60.49,5.0,57.47,5.99,Standard,1.67,65.13,PayPal,Shipped,,,False
63668761,542007,2024-11-19,Toys,Board Game,1,37.85,25.0,28.39,5.99,Standard,1.7,36.08,Credit Card,Shipped,,,False
43816469,901983,2025-11-05,Clothing,Running Shoes,1,38.6,10.0,34.74,5.99,Standard,2.17,42.9,Credit Card,Delivered,5.0,4.0,False
25328124,206781,2024-11-30,Clothing,Yoga Leggings,5,137.6,0.0,688.0,0.0,Standard,38.53,726.53,Debit Card,Delivered,5.0,5.0,True
66490158,700634,2025-09-18,Clothing,Denim Jacket,2,70.19,0.0,140.38,0.0,Express,9.12,149.5,Gift Card,Delivered,4.0,4.0,False
40140494,857288,2024-02-06,Electronics,Noise Cancelling Headphones,1,305.99,20.0,244.79,0.0,Standard,14.69,259.48,Debit Card,Delivered,8.0,2.0,False
40708334,921341,2025-12-15,Beauty,Moisturizer,2,41.16,5.0,78.2,0.0,Standard,4.89,83.09,PayPal,Shipped,,,False
82188454,919830,2025-01-31,Clothing,Wool Sweater,4,155.35,0.0,621.4,0.0,Express,38.84,660.24,Credit Card,Delivered,1.0,2.0,False
41251573,562945,2025-07-05,Sports & Outdoors,Bicycle Helmet,1,98.26,5.0,93.35,0.0,Express,5.6,98.95,PayPal,Delivered,1.0,4.0,False
49567807,142537,2025-11-23,Beauty,Lipstick,1,84.55,0.0,84.55,0.0,Standard,2.45,87.0,Apple Pay,Cancelled,,,False
65659679,858722,2024-12-23,Clothing,Men's T-Shirt,3,87.45,10.0,236.12,0.0,Standard,14.76,250.88,Credit Card,Delivered,6.0,3.0,False
11727290,681665,2024-11-02,Beauty,Sunscreen SPF50,4,63.34,0.0,253.36,0.0,Standard,22.49,275.85,Apple Pay,Cancelled,,,False
79107175,657736,2025-09-08,Sports & Outdoors,Golf Balls (12-pack),1,226.06,0.0,226.06,0.0,Standard,13.56,239.62,Credit Card,Delivered,6.0,4.0,False
23202006,117415,2025-09-29,Grocery,Protein Powder,3,31.4,0.0,94.2,0.0,Standard,5.89,100.09,Apple Pay,Delivered,5.0,,False
30640458,424543,2025-08-18,Clothing,Women's Jeans,1,153.86,0.0,153.86,0.0,Next-Day,7.31,161.17,Apple Pay,Returned,1.0,,False
81269108,991288,2025-12-16,Electronics,Gaming Mouse,1,167.16,0.0,167.16,0.0,Standard,7.94,175.1,Credit Card,Delivered,7.0,3.0,False
62008378,796365,2025-10-16,Home & Kitchen,Coffee Maker,2,35.38,0.0,70.76,12.99,Express,6.28,90.03,Credit Card,Delivered,2.0,,False
39022559,176521,2025-07-04,Grocery,Olive Oil,4,13.57,0.0,54.28,12.99,Express,3.53,70.8,PayPal,Delivered,3.0,,False
46298669,742673,2025-10-30,Clothing,Women's Jeans,1,123.75,0.0,123.75,0.0,Standard,7.73,131.48,Credit Card,Delivered,8.0,,False
36251049,693875,2024-11-20,Clothing,Men's T-Shirt,1,38.24,0.0,38.24,12.99,Express,3.15,54.38,Credit Card,Returned,1.0,,True
75895537,968744,2025-08-06,Sports & Outdoors,Yoga Mat,1,201.37,5.0,191.3,0.0,Standard,15.78,207.08,Apple Pay,Delivered,7.0,,False
36383626,798036,2024-12-09,Home & Kitchen,Bed Sheets Set,1,175.05,0.0,175.05,0.0,Express,10.07,185.12,Apple Pay,Shipped,,,True
83411942,545031,2025-05-06,Electronics,Smartphone Case,1,280.25,0.0,280.25,0.0,Standard,18.22,298.47,Debit Card,Delivered,2.0,3.0,False
79224548,152017,2025-06-30,Electronics,4K Monitor,2,297.45,0.0,594.9,0.0,Standard,38.67,633.57,Credit Card,Returned,5.0,,False
17167986,496915,2024-04-07,Books,Mystery Thriller,1,13.02,0.0,13.02,12.99,Express,0.73,26.74,Debit Card,Delivered,5.0,2.0,True
49747128,981087,2025-10-18,Beauty,Makeup Brush Set,1,142.77,0.0,142.77,0.0,Standard,5.71,148.48,Credit Card,Processing,,,False
72755205,635222,2025-04-02,Sports & Outdoors,Dumbbell Set,1,150.36,0.0,150.36,0.0,Next-Day,9.02,159.38,Credit Card,Shipped,,,False
55417871,101688,2025-12-25,Clothing,Socks (3-pack),1,77.64,0.0,77.64,0.0,Next-Day,3.11,80.75,Credit Card,Delivered,1.0,5.0,False
95120423,816060,2025-11-10,Beauty,Body Lotion,1,97.43,15.0,82.82,0.0,Express,5.18,88.0,Credit Card,Delivered,2.0,,False
56771929,885361,2024-03-10,Home & Kitchen,Blender,2,155.58,0.0,311.16,0.0,Standard,18.67,329.83,Apple Pay,Delivered,6.0,,False
55780949,991288,2025-12-20,Home & Kitchen,Coffee Maker,1,283.03,0.0,283.03,0.0,Standard,13.44,296.47,Credit Card,Delivered,5.0,,False
94874050,392618,2025-10-21,Books,Fiction Novel,1,12.77,0.0,12.77,5.99,Standard,0.8,19.56,Apple Pay,Processing,,,False
65063514,509048,2025-10-17,Electronics,Bluetooth Speaker,2,161.99,0.0,323.98,0.0,Express,26.73,350.71,PayPal,Cancelled,,,False
17471055,945544,2025-12-21,Books,Children's Picture Book,1,12.28,0.0,12.28,5.99,Standard,0.77,19.04,Debit Card,Cancelled,,,True
44390374,151519,2024-05-13,Beauty,Hair Dryer,1,57.55,0.0,57.55,5.99,Standard,3.45,66.99,Credit Card,Delivered,5.0,4.0,False
67100274,100060,2025-08-08,Clothing,Winter Jacket,1,56.64,0.0,56.64,5.99,Standard,2.69,65.32,Credit Card,Delivered,7.0,,True
81780803,492493,2024-11-23,Electronics,Bluetooth Speaker,1,230.42,0.0,230.42,0.0,Standard,14.4,244.82,PayPal,Delivered,7.0,4.0,False
79683178,620065,2025-03-07,Sports & Outdoors,Resistance Bands,3,111.98,0.0,335.94,0.0,Standard,20.16,356.1,PayPal,Delivered,7.0,,False
46411456,968744,2025-06-10,Clothing,Women's Jeans,1,95.9,10.0,86.31,0.0,Standard,7.12,93.43,Credit Card,Shipped,,,False
13643487,993866,2025-03-30,Beauty,Moisturizer,2,48.61,0.0,97.22,0.0,Express,5.83,103.05,PayPal,Delivered,3.0,,True
58751097,519553,2024-03-04,Clothing,Summer Dress,3,11.29,0.0,33.87,5.99,Standard,2.2,42.06,PayPal,Delivered,5.0,,False
70334700,510781,2025-11-16,Electronics,Wireless Earbuds,2,211.36,0.0,422.72,0.0,Standard,37.52,460.24,Debit Card,Delivered,5.0,,False
57719868,262277,2025-03-29,Clothing,Winter Jacket,1,87.45,0.0,87.45,0.0,Express,5.68,93.13,Credit Card,Shipped,,,False
34202542,630171,2025-10-08,Sports & Outdoors,Jump Rope,3,294.28,0.0,882.84,0.0,Express,52.97,935.81,Credit Card,Processing,,,False
54391379,994983,2024-04-27,Electronics,Smartwatch,3,126.72,5.0,361.15,0.0,Standard,22.57,383.72,Debit Card,Delivered,6.0,5.0,False
67780321,465595,2025-11-03,Home & Kitchen,Vacuum Cleaner,3,86.38,0.0,259.14,0.0,Express,7.52,266.66,Credit Card,Shipped,,,False
90739858,562945,2025-05-10,Home & Kitchen,Table Lamp,1,105.38,0.0,105.38,0.0,Express,6.32,111.7,Apple Pay,Shipped,,,False
66654890,525664,2024-11-27,Clothing,Men's T-Shirt,1,73.71,0.0,73.71,5.99,Standard,2.95,82.65,Gift Card,Processing,,,False
48900327,728511,2024-06-22,Beauty,Sunscreen SPF50,1,78.18,25.0,58.64,5.99,Standard,2.35,66.98,Credit Card,Delivered,8.0,4.0,False
59273619,842595,2024-01-30,Toys,Doll House,1,38.58,0.0,38.58,5.99,Standard,2.41,46.98,Credit Card,Cancelled,,,False
60657599,262277,2025-10-05,Sports & Outdoors,Camping Tent,2,58.54,0.0,117.08,0.0,Standard,7.61,124.69,Debit Card,Delivered,4.0,,False
50529188,777395,2025-11-02,Electronics,USB-C Hub,1,285.08,15.0,242.32,0.0,Standard,15.75,258.07,Apple Pay,Delivered,5.0,4.0,False
47193770,942532,2025-08-21,Clothing,Running Shoes,2,55.47,5.0,105.39,0.0,Express,6.59,111.98,Credit Card,Delivered,3.0,,False
49585968,859423,2025-01-15,Books,Self-Help Book,5,18.33,0.0,91.65,0.0,Standard,5.5,97.15,Debit Card,Cancelled,,,False
26351857,911575,2025-05-11,Toys,Remote Control Car,2,29.08,0.0,58.16,5.99,Standard,2.33,66.48,PayPal,Delivered,5.0,4.0,False
11063347,859857,2024-04-03,Electronics,Laptop Stand,1,103.04,5.0,97.89,0.0,Express,6.12,104.01,Debit Card,Processing,,,False
46601581,846102,2024-03-19,Electronics,Gaming Mouse,3,199.16,0.0,597.48,0.0,Next-Day,34.36,631.84,Apple Pay,Delivered,1.0,2.0,False
81159758,505710,2025-12-11,Home & Kitchen,Cutlery Set,1,104.54,0.0,104.54,0.0,Standard,6.27,110.81,Credit Card,Delivered,5.0,4.0,True
43776239,332189,2025-09-26,Clothing,Men's T-Shirt,3,46.16,0.0,138.48,0.0,Standard,11.42,149.9,Debit Card,Delivered,8.0,3.0,False
88710836,206043,2024-06-14,Home & Kitchen,Throw Pillow,2,104.43,0.0,208.86,0.0,Express,13.05,221.91,Credit Card,Delivered,3.0,4.0,False
51767823,642667,2024-04-06,Sports & Outdoors,Jump Rope,2,162.09,10.0,291.76,0.0,Standard,17.51,309.27,Credit Card,Shipped,,,False
83700468,359108,2024-11-01,Home & Kitchen,Throw Pillow,2,293.17,0.0,586.34,0.0,Standard,36.65,622.99,Credit Card,Delivered,5.0,,False
34527512,921402,2025-11-10,Electronics,4K Monitor,1,186.71,0.0,186.71,0.0,,7.47,194.18,Debit Card,Delivered,5.0,,False
70155482,549361,2024-02-04,Books,Biography,1,32.61,10.0,29.35,5.99,Standard,1.76,37.1,Credit Card,Delivered,7.0,4.0,False
76289041,901983,2024-01-20,Grocery,Pasta & Sauce Bundle,1,18.62,0.0,18.62,5.99,Standard,1.16,25.77,Credit Card,Delivered,5.0,,False
86034259,920879,2025-05-06,Books,Mystery Thriller,1,36.02,0.0,36.02,5.99,Standard,2.25,44.26,Debit Card,Delivered,7.0,,False
93341341,142537,2024-02-18,Electronics,Noise Cancelling Headphones,1,69.67,0.0,69.67,5.99,Standard,2.02,77.68,Gift Card,Delivered,6.0,3.0,False
97802929,921402,2024-03-22,Electronics,Gaming Mouse,1,209.77,0.0,209.77,0.0,Express,8.39,218.16,PayPal,Processing,,,False
70597287,225295,2025-12-19,Electronics,Wireless Earbuds,2,155.36,0.0,310.72,0.0,Express,18.64,329.36,Credit Card,Delivered,2.0,2.0,False
63267910,211282,2025-10-12,Grocery,Snack Variety Pack,2,31.57,0.0,63.14,22.99,Next-Day,0.0,86.13,PayPal,Cancelled,,,False
30439816,525664,2024-08-23,Beauty,Face Serum,2,98.89,0.0,197.78,0.0,Express,7.91,205.69,PayPal,Delivered,2.0,,True
23804080,867788,2024-08-22,Sports & Outdoors,Hiking Backpack,1,108.45,0.0,108.45,0.0,Standard,3.15,111.6,Debit Card,Delivered,7.0,4.0,True
20135392,110406,2025-12-09,Electronics,Smartphone Case,3,117.31,0.0,351.93,0.0,Express,31.23,383.16,Gift Card,Cancelled,,,False
81532605,859253,2024-07-17,Home & Kitchen,Vacuum Cleaner,3,153.6,0.0,460.8,0.0,Standard,28.8,489.6,PayPal,Delivered,6.0,4.0,False
26813183,901983,2025-11-09,Electronics,4K Monitor,2,44.58,15.0,75.79,0.0,Express,4.74,80.53,Credit Card,Processing,,,False
99436995,679337,2024-07-07,Clothing,Hoodie,2,76.37,10.0,137.47,0.0,Express,8.59,146.06,Debit Card,Delivered,2.0,1.0,False
50572367,210779,2025-05-24,Sports & Outdoors,Water Bottle,2,238.67,0.0,477.34,0.0,Next-Day,39.38,516.72,Credit Card,Delivered,3.0,,False
26460150,562945,2025-12-29,Home & Kitchen,Storage Bins,3,125.67,15.0,320.46,0.0,Standard,19.23,339.69,Credit Card,Shipped,,,False
42263443,839134,2024-07-15,Clothing,Men's T-Shirt,3,51.31,0.0,153.93,0.0,Standard,8.85,162.78,PayPal,Delivered,7.0,,False
71817498,225295,2025-02-26,Electronics,Smartwatch,3,223.54,5.0,637.09,0.0,Standard,38.23,675.32,PayPal,Cancelled,,,False
30495606,255238,2025-09-08,Books,Science Textbook,2,37.99,10.0,68.38,5.99,Standard,3.25,77.62,PayPal,Cancelled,,,False
98026441,250854,2025-12-01,Home & Kitchen,Table Lamp,3,160.74,0.0,482.22,0.0,Standard,30.14,512.36,Credit Card,Delivered,5.0,5.0,False
47903737,253940,2024-12-04,Sports & Outdoors,Fishing Rod,2,190.3,10.0,342.54,0.0,Standard,19.18,361.72,Credit Card,Shipped,,,False
86381016,278072,2024-12-21,Clothing,Summer Dress,1,90.82,,81.74,0.0,Standard,6.74,88.48,PayPal,Cancelled,,,False
36994945,910706,2025-12-25,Electronics,USB-C Hub,3,153.34,0.0,460.02,0.0,Standard,27.6,487.62,Debit Card,Cancelled,,,False
56111036,593353,2025-12-30,Toys,Plush Toy,1,36.67,15.0,31.17,5.99,Standard,1.25,38.41,Credit Card,Shipped,,,False
52228160,525664,2024-11-22,Beauty,Sunscreen SPF50,3,50.13,0.0,150.39,0.0,Standard,6.02,156.41,PayPal,Delivered,5.0,2.0,False
61044493,409624,2025-07-30,Home & Kitchen,Blender,1,190.85,0.0,190.85,0.0,Standard,11.45,202.3,Credit Card,Cancelled,,,False
94239545,781209,2024-04-23,Electronics,Smartphone Case,3,113.68,0.0,341.04,0.0,Standard,16.2,357.24,Debit Card,Delivered,6.0,2.0,False
65819941,743901,2024-06-02,Electronics,Wireless Earbuds,1,171.22,0.0,171.22,0.0,Express,10.7,181.92,Credit Card,Delivered,2.0,4.0,False
15504659,361096,2025-09-07,Electronics,USB-C Hub,1,350.28,0.0,350.28,0.0,Standard,21.02,371.3,Apple Pay,Shipped,,,False
45920038,772806,2024-01-28,Beauty,Body Lotion,4,113.22,0.0,452.88,0.0,Standard,13.13,466.01,PayPal,Delivered,7.0,,False
52365600,743901,2024-08-21,Toys,Puzzle (1000pc),2,32.54,0.0,65.08,5.99,Standard,4.07,75.14,Credit Card,Delivered,5.0,5.0,False
64586739,423125,2024-11-28,Home & Kitchen,Air Fryer,1,60.82,20.0,48.66,22.99,Next-Day,4.01,75.66,PayPal,Cancelled,,,False
19622775,641870,2025-08-06,Home & Kitchen,Blender,1,83.48,0.0,83.48,0.0,Standard,5.22,88.7,PayPal,Shipped,,,False
19296825,896180,2025-01-18,Toys,Building Block Set,1,19.25,0.0,19.25,5.99,Standard,1.71,26.95,Credit Card,Delivered,6.0,,False
32711616,632737,2025-12-25,Beauty,Hair Dryer,1,28.51,0.0,28.51,5.99,Standard,1.78,36.28,Debit Card,Delivered,7.0,2.0,False
82875277,638021,2025-12-27,Electronics,Noise Cancelling Headphones,2,155.86,10.0,280.55,0.0,Standard,23.15,303.7,Gift Card,Processing,,,False
30313169,106146,2025-10-04,Electronics,USB-C Hub,1,318.28,0.0,318.28,0.0,Standard,19.89,338.17,PayPal,Delivered,4.0,5.0,False
28280113,409228,2024-03-29,Grocery,Protein Powder,2,29.39,0.0,58.78,5.99,Standard,2.35,67.12,PayPal,Delivered,5.0,3.0,False
58258556,454208,2025-03-18,Electronics,Smartphone Case,3,35.59,0.0,106.77,0.0,Standard,8.81,115.58,Debit Card,Delivered,6.0,,False
12315036,261815,2025-08-24,Electronics,Bluetooth Speaker,1,332.36,0.0,332.36,0.0,Standard,20.77,353.13,Debit Card,Delivered,5.0,,False
66362168,991288,2024-10-19,Beauty,Perfume,2,69.5,0.0,139.0,0.0,Next-Day,6.6,145.6,PayPal,Shipped,,,False
61177295,837141,2024-03-28,Grocery,Protein Powder,1,40.16,0.0,40.16,5.99,Standard,0.0,46.15,PayPal,Delivered,6.0,,False
92044442,550379,2025-04-11,Electronics,Laptop Stand,1,93.38,0.0,93.38,0.0,Standard,3.74,97.12,PayPal,Delivered,6.0,,False
46331277,267090,2025-10-17,Sports & Outdoors,Fishing Rod,3,163.33,0.0,489.99,0.0,Standard,31.85,521.84,PayPal,Delivered,5.0,,True
10696215,562945,2025-06-01,Electronics,Wireless Earbuds,1,90.75,0.0,90.75,0.0,Express,5.44,96.19,PayPal,Returned,3.0,,False
63220554,816060,2024-05-19,Electronics,4K Monitor,5,62.18,0.0,310.9,0.0,Standard,19.43,330.33,Debit Card,Delivered,5.0,4.0,False
62738940,968744,2024-01-26,Home & Kitchen,Throw Pillow,4,230.65,0.0,922.6,0.0,Standard,76.11,998.71,Apple Pay,Processing,,,False
78595912,267090,2024-02-22,Clothing,Denim Jacket,1,40.19,10.0,36.17,12.99,Express,2.35,51.51,PayPal,Delivered,2.0,5.0,False
70713286,354993,2025-06-18,Electronics,USB-C Hub,4,91.26,0.0,365.04,0.0,Standard,21.9,386.94,Debit Card,Shipped,,,False
80544471,579703,2024-06-26,Home & Kitchen,Cutlery Set,3,192.55,5.0,548.77,0.0,Standard,32.93,581.7,Apple Pay,Delivered,5.0,3.0,False
32039807,431975,2024-10-07,Home & Kitchen,Cutlery Set,5,197.3,0.0,986.5,0.0,Next-Day,61.66,1048.16,Credit Card,Delivered,1.0,,False
42997546,262277,2025-12-29,Electronics,4K Monitor,1,261.53,20.0,209.22,0.0,Standard,13.6,222.82,Apple Pay,Cancelled,,,False
22925345,823236,2025-09-21,Sports & Outdoors,Jump Rope,4,145.45,0.0,581.8,0.0,Standard,36.36,618.16,PayPal,Delivered,5.0,,True
64319730,968744,2025-06-16,Books,Science Textbook,1,26.56,0.0,26.56,5.99,Standard,2.19,34.74,PayPal,Returned,7.0,,False
11002026,280698,2024-10-20,Electronics,USB-C Hub,1,227.62,0.0,227.62,0.0,Standard,10.81,238.43,Credit Card,Delivered,5.0,5.0,False
44970835,717635,2024-01-14,Clothing,Socks (3-pack),1,86.99,0.0,86.99,0.0,Standard,5.22,92.21,Apple Pay,Shipped,,,False
82856867,563052,2025-12-10,Home & Kitchen,Air Fryer,1,28.62,0.0,28.62,5.99,Standard,1.6,36.21,Credit Card,Returned,6.0,,False
96238795,778621,2024-07-16,Sports & Outdoors,Resistance Bands,2,103.01,0.0,206.02,0.0,Standard,12.88,218.9,Credit Card,Delivered,4.0,3.0,False
34619086,755714,2025-01-01,Clothing,Socks (3-pack),2,85.1,0.0,170.2,0.0,Standard,15.11,185.31,Debit Card,Shipped,,,False
71894988,562945,2024-07-02,Electronics,Portable Charger,1,313.57,0.0,313.57,0.0,Standard,18.81,332.38,Credit Card,Returned,3.0,,False
66143820,914509,2025-02-16,Clothing,Winter Jacket,3,79.38,0.0,238.14,0.0,Standard,14.88,253.02,PayPal,Delivered,8.0,,False
61218438,394867,2024-05-18,Toys,Puzzle (1000pc),3,56.08,30.0,117.77,0.0,Standard,5.59,123.36,PayPal,Returned,6.0,,False
65304575,997877,2025-08-19,Sports & Outdoors,Golf Balls (12-pack),1,53.17,0.0,53.17,5.99,Standard,3.46,62.62,Debit Card,Delivered,3.0,,False
86813270,136888,2024-04-09,Beauty,Nail Polish Set,1,76.79,25.0,57.59,5.99,Standard,3.31,66.89,Credit Card,Cancelled,,,False
45133773,262277,2024-11-08,Toys,Remote Control Car,1,46.2,15.0,39.27,5.99,Standard,2.55,47.81,PayPal,Delivered,5.0,4.0,False
30040204,150555,2025-08-31,Grocery,Olive Oil,2,20.28,5.0,38.53,5.99,Standard,2.22,46.74,PayPal,Delivered,5.0,4.0,False
17862248,499339,2025-12-31,Clothing,Summer Dress,2,91.06,0.0,182.12,0.0,Standard,11.38,193.5,PayPal,Shipped,,,False
49039234,235881,2025-12-11,Sports & Outdoors,Yoga Mat,3,303.88,0.0,911.64,0.0,Standard,56.98,968.62,Credit Card,Delivered,7.0,5.0,False
95482743,827794,2025-10-17,Sports & Outdoors,Dumbbell Set,1,264.98,0.0,264.98,0.0,Standard,16.56,281.54,Credit Card,Delivered,5.0,,False
43011386,932663,2024-03-24,Clothing,Men's T-Shirt,1,40.63,0.0,40.63,5.99,Standard,2.34,48.96,Credit Card,Delivered,5.0,3.0,False
66350546,789354,2024-02-29,Electronics,4K Monitor,1,307.51,0.0,307.51,0.0,Standard,14.61,322.12,Credit Card,Delivered,5.0,3.0,False
79412394,531607,2025-01-01,Beauty,Body Lotion,1,47.6,0.0,47.6,22.99,Next-Day,1.9,72.49,PayPal,Delivered,1.0,4.0,False
68927229,642667,2025-11-08,Clothing,Running Shoes,1,53.84,0.0,53.84,5.99,Standard,3.23,63.06,Debit Card,Delivered,6.0,3.0,False
85967469,183720,2024-07-22,Home & Kitchen,Air Fryer,1,227.19,0.0,227.19,0.0,Standard,12.72,239.91,Credit Card,Delivered,4.0,,False
41399595,289311,2025-11-27,Beauty,Nail Polish Set,1,97.79,25.0,73.34,5.99,Standard,0.0,79.33,Credit Card,Delivered,5.0,,False
78139893,227598,2024-03-09,Clothing,Summer Dress,5,127.73,5.0,606.72,0.0,Express,24.27,630.99,Credit Card,Cancelled,,,False
65942348,684170,2025-05-20,Books,Fiction Novel,1,29.38,0.0,29.38,12.99,Express,1.4,43.77,Credit Card,Processing,,,False
11520365,255491,2025-12-15,Grocery,Granola Bars (12-pack),1,36.88,0.0,36.88,5.99,Standard,2.21,45.08,Credit Card,Delivered,6.0,3.0,False
19304510,142537,2024-06-07,Clothing,Socks (3-pack),1,11.03,0.0,11.03,5.99,Standard,0.32,17.34,Credit Card,Cancelled,,,False
22555183,409624,2025-10-29,Electronics,4K Monitor,1,86.39,0.0,86.39,0.0,Express,5.18,91.57,Credit Card,Shipped,,,False
27304856,910789,2024-12-06,Books,Self-Help Book,3,31.2,0.0,93.6,0.0,Standard,6.08,99.68,PayPal,Delivered,5.0,3.0,False
89460783,464366,2024-09-14,Toys,Plush Toy,1,48.2,0.0,48.2,12.99,Express,3.01,64.2,Debit Card,Delivered,3.0,,False
72754947,363598,2024-09-08,Books,Self-Help Book,1,8.21,0.0,8.21,5.99,Standard,0.49,14.69,Debit Card,Shipped,,,False
62075058,991288,2025-05-30,Clothing,Yoga Leggings,1,101.59,0.0,101.59,0.0,Standard,4.83,106.42,PayPal,Delivered,7.0,,False
35547503,814682,2025-04-16,Home & Kitchen,Air Fryer,1,17.41,0.0,17.41,22.99,Next-Day,1.09,41.49,Credit Card,Delivered,1.0,3.0,False
67947192,901983,2024-07-06,Clothing,Men's T-Shirt,2,143.24,0.0,286.48,0.0,Express,17.91,304.39,Debit Card,Delivered,3.0,3.0,False
80212971,278362,2024-12-31,Electronics,Smartphone Case,3,229.98,0.0,689.94,0.0,Standard,41.4,731.34,Credit Card,Delivered,6.0,2.0,False
49625363,867788,2024-11-28,Beauty,Body Lotion,1,113.97,0.0,113.97,0.0,Standard,3.31,117.28,Credit Card,Delivered,6.0,,False
20496947,893245,2024-08-24,Toys,Action Figure,5,25.83,0.0,129.15,0.0,Standard,6.13,135.28,Credit Card,Cancelled,,,False
51355244,115886,2025-07-03,Home & Kitchen,Coffee Maker,1,183.26,0.0,183.26,0.0,Standard,15.12,198.38,PayPal,Delivered,6.0,4.0,True
35856467,301091,2024-12-01,Beauty,Nail Polish Set,4,68.68,5.0,260.98,0.0,Standard,0.0,260.98,Credit Card,Delivered,5.0,3.0,False
57283036,919830,2024-01-14,Home & Kitchen,Non-Stick Pan,3,134.27,0.0,402.81,0.0,Standard,25.18,427.99,Debit Card,Delivered,5.0,3.0,False
32791561,199805,2025-01-10,Clothing,Women's Jeans,1,76.07,0.0,76.07,0.0,Standard,4.37,80.44,PayPal,Delivered,5.0,4.0,False
80279358,184650,2024-12-23,Clothing,Yoga Leggings,2,36.72,0.0,73.44,22.99,Next-Day,4.41,100.84,Credit Card,Delivered,1.0,,False
79979331,986587,2024-12-01,Grocery,Vitamin Supplements,1,13.16,20.0,10.53,5.99,Standard,0.87,17.39,Credit Card,Delivered,6.0,2.0,False
42698226,617763,2025-06-30,Books,Cookbook,1,10.85,0.0,10.85,5.99,Standard,0.61,17.45,Credit Card,Delivered,5.0,,False
43742209,798036,2024-12-06,Clothing,Yoga Leggings,4,52.91,0.0,211.64,0.0,Standard,12.17,223.81,Credit Card,Delivered,6.0,,False
37469871,834273,2025-12-18,Electronics,Laptop Stand,1,274.31,0.0,274.31,0.0,Standard,0.0,274.31,Credit Card,Cancelled,,,False
17286424,360610,2024-01-10,Books,Science Textbook,2,16.82,10.0,30.28,5.99,,0.88,37.15,Credit Card,Cancelled,,,False
18186717,153940,2024-04-21,Clothing,Winter Jacket,1,27.2,0.0,27.2,5.99,Standard,1.29,34.48,Credit Card,Delivered,5.0,,False
66692706,969466,2025-08-07,Electronics,Smartphone Case,2,339.02,0.0,678.04,0.0,Standard,38.99,717.03,Credit Card,Delivered,6.0,,False
75564925,409624,2024-12-12,Clothing,Denim Jacket,3,103.92,0.0,311.76,0.0,Express,18.71,330.47,PayPal,Returned,1.0,,False
48483914,262277,2025-12-07,Toys,Art & Craft Kit,1,32.38,30.0,22.67,12.99,Express,1.47,37.13,Credit Card,Delivered,2.0,4.0,False
45642173,309098,2025-02-20,Sports & Outdoors,Resistance Bands,3,211.73,20.0,508.15,0.0,Express,41.92,550.07,Apple Pay,Delivered,2.0,,True
15127159,262277,2025-11-09,Toys,Action Figure,3,23.6,0.0,70.8,22.99,Next-Day,4.6,98.39,Debit Card,Delivered,1.0,,True
30610222,540073,2024-12-15,Home & Kitchen,Storage Bins,1,154.27,25.0,115.7,0.0,Standard,4.63,120.33,Credit Card,Delivered,6.0,,False
57452482,426751,2025-11-07,Clothing,Socks (3-pack),2,128.36,0.0,256.72,0.0,Express,22.78,279.5,Gift Card,Delivered,2.0,4.0,False
31128195,874829,2024-08-26,Electronics,USB-C Hub,2,116.68,0.0,233.36,0.0,Standard,19.25,252.61,Credit Card,Cancelled,,,False
52024418,525017,2025-03-07,Sports & Outdoors,Water Bottle,1,41.18,,41.18,5.99,Standard,3.4,50.57,Credit Card,Delivered,6.0,,False
29351938,319615,2024-09-07,Electronics,Portable Charger,1,129.76,5.0,123.27,0.0,Standard,7.4,130.67,Credit Card,Delivered,4.0,,False
73847946,678035,2024-11-17,Beauty,Lipstick,1,49.36,5.0,46.89,5.99,Standard,2.93,55.81,Apple Pay,Delivered,6.0,,False
52746295,736402,2025-06-17,Toys,Doll House,1,33.75,0.0,33.75,12.99,Express,2.11,48.85,Debit Card,Delivered,2.0,,False
15584334,486914,2024-06-03,Beauty,Face Serum,1,63.17,0.0,63.17,5.99,Standard,3.95,73.11,Debit Card,Delivered,6.0,4.0,False
65114044,910706,2024-03-24,Electronics,Laptop Stand,1,110.16,0.0,110.16,0.0,Standard,6.61,116.77,Credit Card,Returned,4.0,,False
95302501,865712,2025-09-10,Sports & Outdoors,Camping Tent,2,86.67,10.0,156.01,0.0,Standard,8.97,164.98,Credit Card,Delivered,7.0,4.0,False
87653490,150447,2025-12-31,Electronics,Smartphone Case,1,309.82,0.0,309.82,0.0,Next-Day,17.35,327.17,Debit Card,Cancelled,,,False
33977372,812521,2025-07-06,Clothing,Men's T-Shirt,3,66.98,0.0,200.94,0.0,Standard,12.56,213.5,PayPal,Delivered,4.0,5.0,False
43717702,635222,2025-07-16,Electronics,Portable Charger,2,177.8,0.0,355.6,0.0,Next-Day,21.34,376.94,PayPal,Delivered,1.0,,False
58049742,933577,2025-07-02,Beauty,Sunscreen SPF50,4,83.02,5.0,315.48,0.0,Standard,18.14,333.62,Credit Card,Delivered,5.0,,False
56392781,867788,2024-04-16,Clothing,Socks (3-pack),1,112.22,0.0,112.22,0.0,Express,3.25,115.47,Apple Pay,Delivered,3.0,,True
97551967,958338,2024-09-12,Beauty,Moisturizer,1,87.07,0.0,87.07,0.0,Next-Day,5.44,92.51,Credit Card,Shipped,,,False
50310736,833249,2024-10-24,Beauty,Lipstick,2,39.28,0.0,78.56,0.0,Express,4.52,83.08,Debit Card,Delivered,2.0,3.0,False
49827866,544582,2024-03-21,Beauty,Body Lotion,5,41.33,0.0,206.65,0.0,Standard,17.05,223.7,Debit Card,Delivered,4.0,,False
78692644,948424,2025-07-30,Clothing,Yoga Leggings,1,83.87,0.0,83.87,0.0,Express,7.44,91.31,PayPal,Delivered,3.0,4.0,False
58606675,978433,2024-10-23,Clothing,Socks (3-pack),2,56.78,0.0,113.56,0.0,Standard,7.1,120.66,Credit Card,Delivered,6.0,5.0,True
46490202,267090,2024-12-30,Clothing,Running Shoes,1,55.62,0.0,55.62,12.99,Express,3.62,72.23,PayPal,Delivered,2.0,3.0,False
60958795,625328,2024-12-21,Beauty,Body Lotion,3,30.13,0.0,90.39,0.0,Standard,5.88,96.27,PayPal,Delivered,5.0,,False
95931266,860481,2024-07-30,Electronics,Bluetooth Speaker,3,299.23,0.0,897.69,0.0,Next-Day,58.35,956.04,PayPal,Delivered,1.0,2.0,False
55289574,233335,2025-05-05,Toys,Art & Craft Kit,2,68.99,10.0,124.18,0.0,Express,11.02,135.2,Credit Card,Delivered,4.0,,False
13970132,471843,2025-11-25,Clothing,Winter Jacket,3,169.3,0.0,507.9,0.0,Express,20.32,528.22,PayPal,Delivered,4.0,4.0,False
97091973,867788,2025-08-16,Beauty,Makeup Brush Set,2,59.26,0.0,118.52,0.0,Express,3.44,121.96,Credit Card,Shipped,,,False
72835607,862525,2024-11-15,Electronics,Bluetooth Speaker,1,297.3,0.0,297.3,0.0,Standard,17.84,315.14,Debit Card,Delivered,5.0,3.0,True
56485793,620065,2025-11-21,Home & Kitchen,Bed Sheets Set,2,110.03,10.0,198.05,0.0,Next-Day,11.88,209.93,Apple Pay,Cancelled,,,False
73674043,222246,2024-08-17,Clothing,Yoga Leggings,3,92.95,0.0,278.85,0.0,Standard,16.73,295.58,Credit Card,Delivered,5.0,,False
44570016,220192,2024-06-16,Books,Science Textbook,1,25.25,0.0,25.25,22.99,Next-Day,1.51,49.75,Apple Pay,Delivered,1.0,2.0,False
29221772,238541,2024-01-18,Sports & Outdoors,Camping Tent,1,189.69,10.0,170.72,0.0,Express,15.15,185.87,Credit Card,Delivered,2.0,,False
62321804,357833,2024-12-04,Toys,Board Game,1,32.31,0.0,32.31,5.99,Standard,1.94,40.24,PayPal,Delivered,7.0,3.0,False
15610352,120373,2025-10-17,Electronics,USB-C Hub,1,114.95,0.0,114.95,0.0,Standard,7.47,122.42,Debit Card,Delivered,6.0,,False
66836647,423125,2025-01-19,Electronics,Gaming Mouse,2,320.42,10.0,576.76,0.0,Express,47.58,624.34,Credit Card,Delivered,2.0,5.0,False
66336869,832368,2024-03-26,Books,Fiction Novel,1,16.48,0.0,16.48,5.99,Standard,1.36,23.83,Apple Pay,Delivered,6.0,3.0,False
25576175,368957,2024-08-22,Home & Kitchen,Blender,1,102.51,10.0,92.26,0.0,Express,5.77,98.03,Credit Card,Delivered,2.0,2.0,False
76849253,306886,2024-09-04,Home & Kitchen,Bed Sheets Set,1,225.9,15.0,192.01,0.0,Express,11.04,203.05,Credit Card,Delivered,1.0,4.0,False
25807081,246651,2024-10-28,Clothing,Running Shoes,2,142.5,0.0,285.0,0.0,Express,23.51,308.51,Credit Card,Delivered,3.0,,False
18974138,848510,2024-02-20,Electronics,Bluetooth Speaker,1,258.88,0.0,258.88,0.0,Express,10.36,269.24,Debit Card,Delivered,4.0,,False
69607268,809235,2025-12-26,Books,Science Textbook,1,28.79,0.0,28.79,12.99,Express,0.0,41.78,PayPal,Delivered,3.0,,False
51840693,781546,2025-08-10,Toys,Remote Control Car,1,26.32,0.0,26.32,5.99,Standard,2.34,34.65,Credit Card,Delivered,4.0,3.0,False
83496247,369304,2025-11-20,Electronics,Bluetooth Speaker,1,65.55,20.0,52.44,5.99,Standard,4.33,62.76,Gift Card,Cancelled,,,False
95878169,912391,2024-01-03,Home & Kitchen,Air Fryer,1,169.59,,127.19,0.0,Express,7.95,135.14,Apple Pay,Delivered,2.0,,False
36941826,920879,2025-01-08,Home & Kitchen,Air Fryer,1,83.93,0.0,83.93,0.0,Standard,5.25,89.18,Credit Card,Shipped,,,False
33776932,542389,2024-07-01,Electronics,Smartwatch,1,218.89,0.0,218.89,0.0,Standard,18.06,236.95,Credit Card,Delivered,5.0,3.0,False
56587251,369304,2025-04-21,Grocery,Pasta & Sauce Bundle,1,43.79,0.0,43.79,22.99,Next-Day,3.61,70.39,Debit Card,Returned,2.0,,False
66425301,865712,2025-07-13,Electronics,Smartwatch,1,203.44,0.0,203.44,0.0,Express,11.7,215.14,Apple Pay,Delivered,2.0,3.0,True
78820411,262277,2024-10-15,Clothing,Winter Jacket,1,29.42,0.0,29.42,5.99,Standard,1.91,37.32,Debit Card,Delivered,6.0,,False
71320920,447329,2024-03-22,Home & Kitchen,Vacuum Cleaner,1,138.64,0.0,138.64,0.0,Express,11.44,150.08,Debit Card,Delivered,2.0,3.0,False
33667114,926311,2024-05-25,Toys,Art & Craft Kit,1,21.3,0.0,21.3,5.99,Standard,1.33,28.62,Debit Card,Delivered,5.0,,False
29433352,106403,2025-12-23,Toys,Doll House,1,48.55,0.0,48.55,5.99,Standard,3.16,57.7,Credit Card,Delivered,5.0,3.0,False
28684589,319615,2024-10-13,Electronics,USB-C Hub,1,113.18,0.0,113.18,0.0,Express,6.79,119.97,Credit Card,Delivered,2.0,3.0,False
98226760,842595,2024-12-05,Clothing,Hoodie,1,69.44,10.0,62.5,12.99,Express,3.91,79.4,Debit Card,Delivered,2.0,,False
83517743,957476,2024-04-12,Clothing,Denim Jacket,1,66.72,0.0,66.72,12.99,Express,4.17,83.88,Credit Card,Delivered,2.0,,False
98643948,663869,2024-07-31,Clothing,Women's Jeans,4,158.01,0.0,632.04,0.0,Standard,52.14,684.18,Credit Card,Delivered,6.0,3.0,False
99378928,882939,2025-05-21,Beauty,Hair Dryer,1,55.08,0.0,55.08,22.99,Next-Day,3.17,81.24,Debit Card,Cancelled,,,False
91760230,262277,2025-12-26,Books,Children's Picture Book,1,41.11,0.0,41.11,5.99,Standard,2.67,49.77,Credit Card,Processing,,,False
17814897,203106,2024-10-28,Clothing,Winter Jacket,1,67.23,0.0,67.23,5.99,Standard,3.19,76.41,Credit Card,Delivered,5.0,4.0,False
56364192,309143,2025-11-11,Home & Kitchen,Table Lamp,1,148.52,10.0,133.67,0.0,,5.35,139.02,Credit Card,Delivered,7.0,4.0,False
21767554,113123,2025-07-08,Grocery,Snack Variety Pack,3,34.64,0.0,103.92,0.0,Express,5.98,109.9,Credit Card,Delivered,3.0,4.0,False
80580027,504586,2024-11-26,Beauty,Moisturizer,2,48.44,20.0,77.5,0.0,Standard,5.04,82.54,Debit Card,Processing,,,False
26867895,388002,2024-05-16,Electronics,Laptop Stand,1,221.7,0.0,221.7,0.0,Standard,12.42,234.12,Apple Pay,Delivered,5.0,4.0,False
41059765,155691,2025-11-19,Books,Fiction Novel,3,21.12,15.0,53.86,5.99,Standard,4.44,64.29,Apple Pay,Delivered,5.0,5.0,False
34023890,977660,2025-10-15,Home & Kitchen,Non-Stick Pan,3,231.49,0.0,694.47,0.0,Express,43.4,737.87,Credit Card,Delivered,4.0,2.0,False
45057445,633917,2024-04-06,Clothing,Wool Sweater,4,94.12,0.0,376.48,0.0,Standard,31.06,407.54,PayPal,Delivered,4.0,4.0,False
21668100,608483,2025-04-25,Toys,Board Game,2,61.73,0.0,123.46,0.0,Standard,10.96,134.42,PayPal,Delivered,3.0,4.0,False
73857516,730705,2024-03-02,Clothing,Women's Jeans,1,18.34,0.0,18.34,12.99,Express,0.87,32.2,Credit Card,Delivered,2.0,,False
21982219,627694,2024-12-11,Books,Science Textbook,2,18.14,0.0,36.28,12.99,Express,2.27,51.54,Debit Card,Cancelled,,,False
70136216,894429,2024-09-03,Books,Self-Help Book,2,40.38,0.0,80.76,0.0,Standard,6.66,87.42,Credit Card,Delivered,6.0,4.0,False
27973620,728511,2025-03-18,Home & Kitchen,Vacuum Cleaner,2,97.51,0.0,195.02,0.0,Standard,7.8,202.82,Credit Card,Delivered,7.0,3.0,False
96918030,194184,2024-05-25,Electronics,Smartphone Case,5,132.84,20.0,531.36,0.0,Standard,31.88,563.24,Credit Card,Delivered,6.0,,False
53282193,597505,2025-02-06,Grocery,Snack Variety Pack,2,34.69,0.0,69.38,22.99,Next-Day,2.78,95.15,Credit Card,Delivered,2.0,,False
53790395,416452,2024-11-13,Home & Kitchen,Storage Bins,1,193.92,15.0,164.83,0.0,Standard,9.89,174.72,Apple Pay,Delivered,5.0,,False
46470978,453806,2024-07-16,Beauty,Shampoo & Conditioner Set,2,133.18,0.0,266.36,0.0,Standard,17.31,283.67,Debit Card,Delivered,6.0,5.0,False
71783709,555576,2025-06-24,Home & Kitchen,Non-Stick Pan,1,168.61,20.0,134.89,0.0,Standard,8.43,143.32,Credit Card,Delivered,4.0,3.0,False
27067381,525940,2024-12-18,Books,Poetry Collection,1,10.18,0.0,10.18,5.99,Standard,0.57,16.74,Debit Card,Delivered,4.0,3.0,True
97634418,262277,2024-08-26,Electronics,Wireless Earbuds,1,175.62,0.0,175.62,0.0,Next-Day,11.42,187.04,Debit Card,Shipped,,,True
29504772,729076,2025-06-23,Electronics,Smartwatch,1,119.51,0.0,119.51,0.0,Standard,10.61,130.12,Credit Card,Delivered,5.0,,False
86513189,865307,2025-05-15,Clothing,Winter Jacket,1,117.32,30.0,82.12,0.0,Standard,4.6,86.72,Apple Pay,Delivered,4.0,,False
66631072,102023,2024-09-14,Home & Kitchen,Throw Pillow,1,294.6,0.0,294.6,0.0,Standard,17.68,312.28,Credit Card,Delivered,5.0,,False
51896019,999465,2025-04-05,Electronics,Smartwatch,1,177.37,0.0,177.37,0.0,Standard,10.64,188.01,Credit Card,Delivered,5.0,2.0,False
64384712,335732,2025-08-27,Clothing,Winter Jacket,2,33.6,0.0,67.2,5.99,Standard,1.95,75.14,Gift Card,Shipped,,,False
85499243,233544,2025-03-30,Electronics,Wireless Earbuds,1,227.78,20.0,182.22,0.0,Standard,16.17,198.39,Credit Card,Returned,4.0,,False
80165316,854133,2025-12-26,Clothing,Women's Jeans,1,31.37,0.0,31.37,5.99,Standard,2.04,39.4,Apple Pay,Delivered,7.0,,False
82156975,360610,2025-08-21,Clothing,Yoga Leggings,2,17.64,0.0,35.28,5.99,Standard,1.02,42.29,Debit Card,Shipped,,,False
92626128,945544,2024-05-10,Clothing,Running Shoes,1,136.59,0.0,136.59,0.0,Standard,8.54,145.13,PayPal,Returned,4.0,,True
66818652,841384,2024-11-07,Electronics,4K Monitor,3,215.04,0.0,645.12,0.0,Standard,30.64,675.76,PayPal,Delivered,5.0,,False
95680089,867788,2025-08-07,Electronics,Smartwatch,1,104.12,0.0,104.12,0.0,Standard,3.02,107.14,Apple Pay,Delivered,6.0,5.0,False
32948288,327694,2025-10-03,Home & Kitchen,Storage Bins,2,166.67,0.0,333.34,0.0,Standard,15.83,349.17,Credit Card,Delivered,6.0,,False
16639530,650695,2024-12-05,Clothing,Hoodie,1,78.55,,78.55,0.0,Next-Day,5.11,83.66,Debit Card,Delivered,2.0,3.0,False
91224396,499339,2025-03-07,Clothing,Wool Sweater,2,88.77,15.0,150.91,0.0,Express,9.43,160.34,Debit Card,Delivered,1.0,5.0,False
51880477,635222,2024-11-05,Toys,Remote Control Car,3,25.1,10.0,67.77,5.99,Standard,4.07,77.83,Credit Card,Shipped,,,False
14754723,301091,2025-01-09,Books,Biography,1,21.87,0.0,21.87,5.99,Standard,0.0,27.86,PayPal,Delivered,5.0,5.0,False
61784328,741733,2025-08-05,Home & Kitchen,Bed Sheets Set,1,159.33,0.0,159.33,0.0,Standard,9.56,168.89,Debit Card,Delivered,3.0,4.0,False
22009032,262277,2025-08-09,Electronics,Bluetooth Speaker,1,68.81,0.0,68.81,5.99,Standard,4.47,79.27,Debit Card,Delivered,5.0,,False
74602257,325360,2025-09-24,Electronics,Wireless Earbuds,1,122.93,0.0,122.93,0.0,Standard,3.56,126.49,Debit Card,Returned,6.0,,False
31516951,654375,2024-08-11,Sports & Outdoors,Hiking Backpack,1,166.08,0.0,166.08,0.0,Standard,10.38,176.46,Gift Card,Shipped,,,False
69792624,582951,2024-09-13,Toys,Art & Craft Kit,3,21.74,0.0,65.22,5.99,Standard,3.91,75.12,PayPal,Delivered,5.0,4.0,False
34276109,908622,2024-03-20,Clothing,Winter Jacket,1,92.0,15.0,78.2,0.0,Express,4.5,82.7,Gift Card,Delivered,4.0,,False
20637213,142347,2024-10-05,Beauty,Moisturizer,4,65.7,0.0,262.8,0.0,Standard,21.68,284.48,Credit Card,Delivered,5.0,,False
55064228,544877,2025-08-24,Clothing,Yoga Leggings,1,127.0,5.0,120.65,0.0,Standard,7.84,128.49,Apple Pay,Delivered,4.0,,False
19689021,635222,2025-10-26,Grocery,Organic Coffee Beans,2,35.46,0.0,70.92,5.99,Standard,4.26,81.17,Gift Card,Shipped,,,False
20581324,716509,2024-02-15,Electronics,Smartwatch,2,211.89,0.0,423.78,0.0,Next-Day,24.37,448.15,PayPal,Delivered,1.0,,False
16659268,231918,2024-08-11,Clothing,Women's Jeans,1,165.92,0.0,165.92,0.0,Standard,9.54,175.46,Credit Card,Shipped,,,False
62793844,217837,2025-05-21,Books,Biography,1,20.69,,20.69,5.99,Standard,1.71,28.39,Gift Card,Delivered,5.0,2.0,False
55376361,568666,2024-01-09,Home & Kitchen,Throw Pillow,2,173.61,0.0,347.22,0.0,Standard,13.89,361.11,Debit Card,Delivered,7.0,,False
43374215,592240,2024-06-30,Clothing,Summer Dress,1,25.92,0.0,25.92,5.99,Standard,1.45,33.36,Debit Card,Returned,5.0,,False
42222153,968744,2024-05-02,Electronics,4K Monitor,1,225.33,15.0,191.53,0.0,Standard,15.8,207.33,PayPal,Delivered,5.0,,False
94376997,319615,2024-12-05,Clothing,Women's Jeans,1,111.37,0.0,111.37,0.0,Express,6.68,118.05,Debit Card,Delivered,2.0,,False
81717422,993866,2025-05-08,Beauty,Moisturizer,1,43.83,0.0,43.83,22.99,Next-Day,2.63,69.45,PayPal,Processing,,,False
68552454,267626,2025-01-29,Home & Kitchen,Bed Sheets Set,2,174.59,0.0,349.18,0.0,Standard,20.95,370.13,Debit Card,Processing,,,False
80780128,363197,2024-02-21,Beauty,Lipstick,4,36.3,0.0,145.2,0.0,Standard,5.81,151.01,Credit Card,Shipped,,,False
88869661,827082,2024-12-01,Electronics,Laptop Stand,3,232.43,0.0,697.29,0.0,Next-Day,41.84,739.13,Debit Card,Cancelled,,,False
49479698,899690,2025-12-03,Sports & Outdoors,Dumbbell Set,3,193.38,0.0,580.14,0.0,Standard,34.81,614.95,Credit Card,Returned,7.0,,False
47504587,736679,2024-03-21,Sports & Outdoors,Golf Balls (12-pack),1,25.21,15.0,21.43,5.99,Standard,0.86,28.28,Credit Card,Shipped,,,False
28658959,728511,2025-04-03,Home & Kitchen,Coffee Maker,1,131.92,0.0,131.92,0.0,Standard,5.28,137.2,Credit Card,Delivered,5.0,4.0,False
19895257,394867,2025-06-12,Toys,Remote Control Car,1,39.46,0.0,39.46,12.99,Express,1.87,54.32,Credit Card,Delivered,2.0,,False
10456947,662879,2025-11-17,Beauty,Sunscreen SPF50,2,62.36,0.0,124.72,0.0,Express,7.79,132.51,Credit Card,Returned,3.0,,True
75157336,924197,2024-10-09,Grocery,Pasta & Sauce Bundle,1,19.61,0.0,19.61,12.99,Express,0.57,33.17,Debit Card,Delivered,3.0,,False
70628805,867788,2024-12-30,Beauty,Hair Dryer,1,66.38,0.0,66.38,5.99,Standard,1.93,74.3,Apple Pay,Delivered,7.0,3.0,False
98595021,286486,2024-09-22,Home & Kitchen,Blender,1,93.81,0.0,93.81,0.0,Standard,6.1,99.91,PayPal,Delivered,4.0,,False
53903575,145270,2025-03-21,Home & Kitchen,Coffee Maker,1,170.29,15.0,144.75,0.0,Standard,9.05,153.8,Debit Card,Returned,6.0,,False
99146167,779182,2025-08-06,Home & Kitchen,Storage Bins,2,166.77,0.0,333.54,0.0,Next-Day,15.84,349.38,Apple Pay,Shipped,,,False
30071786,793675,2024-12-04,Sports & Outdoors,Hiking Backpack,1,125.54,0.0,125.54,0.0,Standard,11.14,136.68,Debit Card,Delivered,6.0,3.0,False
83226625,933473,2025-01-08,Clothing,Winter Jacket,1,36.1,0.0,36.1,5.99,Standard,2.26,44.35,Debit Card,Delivered,6.0,3.0,False
45109534,209036,2025-09-14,Beauty,Makeup Brush Set,1,82.91,5.0,78.76,0.0,Standard,3.74,82.5,Debit Card,Delivered,7.0,,False
55376040,736679,2024-12-27,Electronics,Smartwatch,1,381.85,20.0,305.48,0.0,Express,12.22,317.7,Credit Card,Delivered,2.0,,False
49229792,568666,2024-03-30,Home & Kitchen,Non-Stick Pan,1,57.24,0.0,57.24,5.99,Standard,2.29,65.52,Debit Card,Delivered,6.0,,False
45772029,804664,2025-11-10,Clothing,Winter Jacket,1,46.84,5.0,44.5,12.99,Express,3.95,61.44,Debit Card,Shipped,,,False
62284835,871000,2025-11-29,Books,Poetry Collection,4,21.84,,82.99,0.0,Express,5.19,88.18,Debit Card,Shipped,,,False
84302205,753438,2025-07-14,Sports & Outdoors,Yoga Mat,2,137.28,0.0,274.56,0.0,Standard,7.96,282.52,Debit Card,Delivered,9.0,2.0,False
37285303,635222,2024-08-12,Electronics,Laptop Stand,1,221.1,5.0,210.04,0.0,Standard,12.6,222.64,Credit Card,Delivered,7.0,3.0,False
61389493,653662,2025-02-15,Beauty,Hair Dryer,1,28.88,0.0,28.88,5.99,Standard,1.73,36.6,Credit Card,Delivered,7.0,,False
28058741,142347,2024-12-04,Electronics,Gaming Mouse,1,276.04,15.0,234.63,0.0,Standard,19.36,253.99,Credit Card,Delivered,7.0,3.0,False
86475419,262277,2025-12-02,Clothing,Wool Sweater,1,42.7,5.0,40.56,5.99,Standard,2.64,49.19,PayPal,Delivered,5.0,3.0,False
62057374,504017,2025-09-12,Electronics,4K Monitor,1,372.31,,372.31,0.0,Next-Day,17.68,389.99,Credit Card,Delivered,1.0,3.0,False
28930921,945168,2024-03-02,Electronics,Laptop Stand,2,150.36,0.0,300.72,0.0,Standard,18.8,319.52,Apple Pay,Shipped,,,False
93863598,362339,2024-12-26,Electronics,Portable Charger,3,303.33,0.0,909.99,0.0,Express,54.6,964.59,Credit Card,Delivered,3.0,3.0,False
70055486,150447,2025-11-11,Home & Kitchen,Air Fryer,2,64.34,20.0,102.94,0.0,Express,5.76,108.7,Debit Card,Delivered,5.0,,False
81251369,368957,2025-08-17,Toys,Action Figure,1,60.12,0.0,60.12,22.99,Next-Day,3.76,86.87,Credit Card,Processing,,,False
86323582,662879,2024-01-29,Clothing,Women's Jeans,1,61.57,0.0,61.57,5.99,Standard,3.85,71.41,Apple Pay,Shipped,,,False
61496358,986967,2025-10-31,Clothing,Women's Jeans,3,61.15,0.0,183.45,0.0,Express,11.47,194.92,Credit Card,Delivered,4.0,3.0,False
22660793,936730,2024-06-13,Toys,Plush Toy,1,28.21,5.0,26.8,5.99,Standard,1.5,34.29,Apple Pay,Delivered,5.0,,False
44056247,409624,2025-11-09,Books,Mystery Thriller,1,18.93,0.0,18.93,12.99,Express,1.14,33.06,Credit Card,Delivered,2.0,,False
24071740,287307,2025-12-14,Beauty,Body Lotion,3,73.09,0.0,219.27,0.0,Standard,18.09,237.36,Credit Card,Delivered,6.0,,False
55811533,225295,2024-12-22,Clothing,Running Shoes,1,130.62,15.0,111.03,0.0,Standard,6.66,117.69,Debit Card,Processing,,,False
88350787,282580,2024-02-21,Electronics,Noise Cancelling Headphones,1,146.83,0.0,146.83,0.0,Next-Day,9.18,156.01,Debit Card,Delivered,1.0,3.0,False
40521417,663869,2025-03-27,Electronics,Wireless Earbuds,1,73.61,0.0,73.61,5.99,Standard,6.07,85.67,Debit Card,Delivered,5.0,3.0,False
65262200,415267,2024-03-22,Electronics,Smartwatch,1,139.23,0.0,139.23,0.0,Standard,0.0,139.23,Credit Card,Delivered,5.0,4.0,False
24387402,921402,2025-10-19,Books,Mystery Thriller,1,19.14,0.0,19.14,5.99,Standard,0.77,25.9,Gift Card,Cancelled,,,False
11757331,327694,2024-10-21,Toys,Art & Craft Kit,3,34.98,0.0,104.94,0.0,Standard,4.98,109.92,Apple Pay,Delivered,5.0,,True
73255392,819608,2025-09-04,Home & Kitchen,Throw Pillow,1,162.69,0.0,162.69,0.0,Express,7.73,170.42,Credit Card,Delivered,1.0,4.0,False
91429523,388002,2024-03-26,Electronics,4K Monitor,4,171.56,0.0,686.24,0.0,Standard,38.43,724.67,Credit Card,Delivered,6.0,,False
60629189,839134,2025-12-04,Beauty,Hair Dryer,1,21.49,20.0,17.19,5.99,Standard,0.99,24.17,Debit Card,Delivered,6.0,,False
44848264,525664,2024-11-01,Sports & Outdoors,Bicycle Helmet,2,159.42,5.0,302.9,0.0,Standard,12.12,315.02,Credit Card,Delivered,4.0,,False
55577104,846270,2025-12-01,Home & Kitchen,Coffee Maker,3,132.53,0.0,397.59,0.0,Standard,15.9,413.49,Debit Card,Delivered,5.0,,False
10949707,342503,2024-11-06,Home & Kitchen,Vacuum Cleaner,2,114.47,0.0,228.94,0.0,Standard,10.87,239.81,PayPal,Delivered,5.0,3.0,False
47544660,724848,2024-09-14,Toys,Building Block Set,4,41.2,0.0,164.8,0.0,Standard,13.6,178.4,Credit Card,Delivered,7.0,,False
92865851,423125,2024-12-03,Home & Kitchen,Storage Bins,3,139.65,15.0,356.11,0.0,Standard,29.38,385.49,Debit Card,Delivered,6.0,5.0,False
22172965,867788,2024-05-23,Toys,Action Figure,1,37.66,0.0,37.66,5.99,Standard,1.09,44.74,Credit Card,Delivered,5.0,4.0,False
45793525,678035,2025-11-03,Clothing,Women's Jeans,1,113.32,0.0,113.32,0.0,Standard,7.08,120.4,Debit Card,Delivered,3.0,4.0,True
79421908,269842,2024-11-08,Sports & Outdoors,Golf Balls (12-pack),1,257.78,0.0,257.78,0.0,Standard,15.47,273.25,Debit Card,Delivered,6.0,2.0,False
24248462,562945,2025-08-12,Clothing,Winter Jacket,5,90.94,0.0,454.7,0.0,Standard,27.28,481.98,Debit Card,Delivered,6.0,2.0,True
90714790,912674,2024-11-01,Electronics,Smartphone Case,2,198.52,0.0,397.04,0.0,Express,23.82,420.86,Debit Card,Delivered,1.0,5.0,False
63740011,180132,2024-06-01,Electronics,4K Monitor,1,171.58,0.0,171.58,0.0,Standard,14.16,185.74,Apple Pay,Delivered,6.0,4.0,False
43101729,262277,2024-07-15,Electronics,4K Monitor,1,86.05,0.0,86.05,0.0,Next-Day,5.59,91.64,Apple Pay,Delivered,1.0,,False
69241334,262277,2024-11-09,Sports & Outdoors,Camping Tent,1,99.81,15.0,84.84,0.0,Standard,5.51,90.35,Gift Card,Delivered,6.0,5.0,False
18796540,779182,2025-09-02,Clothing,Men's T-Shirt,1,81.94,0.0,81.94,0.0,Standard,3.89,85.83,Debit Card,Cancelled,,,False
22124943,349075,2024-01-02,Beauty,Sunscreen SPF50,1,49.84,0.0,49.84,5.99,Standard,3.12,58.95,Credit Card,Returned,5.0,,False
34533970,991288,2025-06-25,Home & Kitchen,Coffee Maker,2,82.98,0.0,165.96,0.0,Standard,7.88,173.84,Debit Card,Delivered,6.0,2.0,False
40950310,376515,2025-04-18,Grocery,Vitamin Supplements,1,22.16,0.0,22.16,5.99,Standard,1.33,29.48,Credit Card,Delivered,6.0,4.0,False
97243030,512461,2024-12-04,Books,Children's Picture Book,1,14.98,25.0,11.23,12.99,Express,0.93,25.15,Apple Pay,Shipped,,,False
62459115,233544,2025-11-18,Books,Self-Help Book,2,16.27,0.0,32.54,5.99,Standard,2.89,41.42,Debit Card,Delivered,6.0,3.0,True
68090220,642047,2024-10-02,Electronics,Portable Charger,2,316.18,0.0,632.36,0.0,Express,35.41,667.77,Credit Card,Delivered,2.0,2.0,False
51299519,553606,2024-07-22,Electronics,Laptop Stand,3,189.79,0.0,569.37,0.0,Standard,22.77,592.14,Credit Card,Delivered,5.0,3.0,False
97370291,968744,2024-11-04,Sports & Outdoors,Resistance Bands,2,87.85,5.0,166.91,0.0,Standard,13.77,180.68,PayPal,Delivered,5.0,3.0,False
84883234,750415,2025-12-02,Beauty,Shampoo & Conditioner Set,1,52.1,0.0,52.1,5.99,Standard,2.92,61.01,Credit Card,Delivered,4.0,,False
48578689,101688,2024-08-16,Clothing,Women's Jeans,4,162.08,0.0,648.32,0.0,Standard,25.93,674.25,Gift Card,Delivered,7.0,,False
13479272,845092,2025-01-13,Electronics,Smartwatch,1,50.89,15.0,43.26,22.99,Next-Day,3.57,69.82,Credit Card,Delivered,1.0,,False
43199059,253760,2024-05-12,Books,Mystery Thriller,2,32.27,0.0,64.54,12.99,Express,4.03,81.56,PayPal,Delivered,2.0,,False
19716201,918710,2025-09-13,Grocery,Granola Bars (12-pack),1,29.35,0.0,29.35,5.99,Standard,1.83,37.17,Credit Card,Shipped,,,False
53532367,977660,2025-05-12,Home & Kitchen,Blender,2,190.12,0.0,380.24,0.0,Express,23.77,404.01,Debit Card,Delivered,2.0,,False
51956061,525154,2024-12-07,Beauty,Nail Polish Set,1,34.24,0.0,34.24,5.99,Standard,2.14,42.37,Debit Card,Delivered,7.0,3.0,False
39882105,625033,2024-12-06,Clothing,Summer Dress,3,65.34,0.0,196.02,0.0,,17.4,213.42,Credit Card,Returned,4.0,,False
72619594,786393,2025-02-26,Clothing,Men's T-Shirt,3,83.59,0.0,250.77,0.0,Standard,10.03,260.8,Credit Card,Delivered,4.0,,True
49204062,326547,2025-06-25,Beauty,Body Lotion,1,94.03,0.0,94.03,0.0,Standard,8.35,102.38,Credit Card,Processing,,,False
18112628,665978,2025-03-13,Beauty,Body Lotion,2,20.51,0.0,41.02,12.99,Express,3.38,57.39,Gift Card,Processing,,,False
92986067,490754,2025-11-07,Electronics,Noise Cancelling Headphones,1,246.9,0.0,246.9,0.0,Standard,13.83,260.73,PayPal,Delivered,6.0,,False
62759991,562945,2025-05-23,Clothing,Denim Jacket,2,117.99,0.0,235.98,0.0,Standard,14.16,250.14,Apple Pay,Shipped,,,False
88330409,719707,2025-08-18,Books,Cookbook,1,15.87,0.0,15.87,5.99,Standard,1.03,22.89,Credit Card,Shipped,,,True
15923334,991288,2025-12-16,Electronics,Smartwatch,1,303.69,15.0,258.14,0.0,Standard,12.26,270.4,Credit Card,Delivered,7.0,,False
39731394,165217,2024-12-28,Clothing,Winter Jacket,4,101.2,15.0,344.08,0.0,Standard,19.78,363.86,Credit Card,Delivered,5.0,5.0,False
84473824,220192,2024-11-20,Clothing,Winter Jacket,1,86.8,0.0,86.8,0.0,Express,5.21,92.01,Apple Pay,Shipped,,,False
46246475,349075,2024-12-04,Beauty,Body Lotion,1,80.29,0.0,80.29,0.0,Standard,5.02,85.31,Debit Card,Delivered,5.0,,False
21187037,176521,2024-06-20,Electronics,Portable Charger,4,121.98,25.0,365.94,0.0,Standard,23.79,389.73,Debit Card,Delivered,6.0,3.0,False
88995078,294470,2024-08-01,Toys,Board Game,1,24.83,0.0,24.83,12.99,Express,1.49,39.31,Gift Card,Processing,,,False
40450451,369304,2024-09-01,Home & Kitchen,Coffee Maker,3,173.97,0.0,521.91,0.0,Next-Day,43.06,564.97,Credit Card,Delivered,1.0,,False
69945946,409228,2025-08-11,Clothing,Socks (3-pack),1,42.71,0.0,42.71,22.99,Next-Day,1.71,67.41,Debit Card,Delivered,1.0,,False
67512831,149433,2025-11-08,Home & Kitchen,Coffee Maker,1,153.24,5.0,145.58,0.0,Standard,4.22,149.8,Credit Card,Delivered,7.0,3.0,False
31919200,244629,2024-07-05,Home & Kitchen,Blender,1,115.24,0.0,115.24,0.0,Next-Day,6.45,121.69,PayPal,Delivered,1.0,,False
49059080,968744,2025-02-05,Clothing,Hoodie,3,103.7,0.0,311.1,0.0,Standard,25.67,336.77,Gift Card,Delivered,8.0,3.0,True
28477094,945168,2025-07-04,Clothing,Yoga Leggings,5,74.39,0.0,371.95,0.0,Standard,23.25,395.2,PayPal,Returned,6.0,,False
43554144,262277,2024-07-07,Clothing,Denim Jacket,5,94.09,0.0,470.45,0.0,Standard,30.58,501.03,Debit Card,Cancelled,,,False
35766075,908622,2025-10-25,Clothing,Wool Sweater,1,92.54,0.0,92.54,0.0,Standard,5.32,97.86,Debit Card,Delivered,5.0,2.0,False
30477615,867788,2025-02-22,Electronics,Smartwatch,1,33.13,0.0,33.13,5.99,Standard,0.96,40.08,Credit Card,Delivered,5.0,,False
46096254,898248,2024-12-13,Electronics,Gaming Mouse,1,140.84,0.0,140.84,0.0,Standard,4.08,144.92,Debit Card,Delivered,5.0,3.0,False
46886073,223412,2024-05-30,Beauty,Body Lotion,1,81.81,15.0,69.54,5.99,Standard,4.35,79.88,Credit Card,Delivered,5.0,,False
84652682,246651,2024-09-28,Home & Kitchen,Throw Pillow,2,174.87,0.0,349.74,0.0,Standard,28.85,378.59,Credit Card,Returned,6.0,,False
37264522,945168,2024-03-01,Clothing,Summer Dress,3,65.78,0.0,197.34,0.0,Standard,12.33,209.67,Credit Card,Returned,6.0,,False
69235437,223412,2024-11-04,Books,Fiction Novel,1,29.37,5.0,27.9,5.99,Standard,1.74,35.63,Debit Card,Delivered,5.0,,True
85994671,278950,2025-12-24,Beauty,Lipstick,2,97.19,0.0,194.38,0.0,Standard,9.23,203.61,Credit Card,Delivered,7.0,3.0,False
44619290,636112,2025-08-10,Grocery,Green Tea (Box),2,45.2,0.0,90.4,0.0,Standard,4.29,94.69,Debit Card,Delivered,6.0,4.0,False
83056085,209036,2024-03-14,Books,Mystery Thriller,1,24.91,0.0,24.91,12.99,Express,1.18,39.08,Apple Pay,Delivered,3.0,,False
21536530,829002,2025-08-02,Sports & Outdoors,Camping Tent,2,131.55,0.0,263.1,0.0,Next-Day,21.71,284.81,Credit Card,Delivered,2.0,4.0,False
42053988,918807,2025-10-29,Clothing,Socks (3-pack),2,29.22,0.0,58.44,5.99,Standard,2.34,66.77,Apple Pay,Delivered,7.0,,False
90854095,961935,2024-01-07,Sports & Outdoors,Jump Rope,3,168.31,0.0,504.93,0.0,Standard,30.3,535.23,Apple Pay,Cancelled,,,False
63195025,590618,2024-09-17,Home & Kitchen,Vacuum Cleaner,2,94.1,0.0,188.2,0.0,Express,11.76,199.96,Debit Card,Delivered,4.0,3.0,True
81973161,279414,2025-11-26,Clothing,Men's T-Shirt,1,98.3,5.0,93.38,0.0,Standard,6.07,99.45,PayPal,Cancelled,,,False
88558553,663869,2025-10-08,Home & Kitchen,Vacuum Cleaner,2,203.55,0.0,407.1,0.0,Standard,33.59,440.69,Debit Card,Delivered,5.0,3.0,False
54536413,309143,2024-08-12,Beauty,Makeup Brush Set,3,116.44,0.0,349.32,0.0,Standard,13.97,363.29,Debit Card,Returned,8.0,,False
85414844,678035,2024-11-02,Toys,Puzzle (1000pc),1,37.39,15.0,31.78,5.99,Standard,1.99,39.76,Credit Card,Delivered,6.0,,False
37679290,847602,2025-08-25,Sports & Outdoors,Yoga Mat,1,90.38,0.0,90.38,0.0,Standard,0.0,90.38,Credit Card,Delivered,5.0,,False
11766949,896180,2024-11-11,Clothing,Summer Dress,1,45.23,10.0,40.71,5.99,Standard,3.61,50.31,Credit Card,Delivered,7.0,,False
99282542,270269,2024-12-10,Sports & Outdoors,Bicycle Helmet,3,146.84,10.0,396.47,0.0,Express,24.78,421.25,PayPal,Returned,3.0,,False
82383721,459569,2025-12-16,Books,Science Textbook,4,18.59,5.0,70.64,5.99,Standard,6.27,82.9,Credit Card,Delivered,5.0,,False
16483756,681665,2025-07-01,Electronics,Wireless Earbuds,5,321.5,0.0,1607.5,0.0,Standard,142.67,1750.17,Credit Card,Shipped,,,False
34540864,372352,2025-06-17,Sports & Outdoors,Resistance Bands,1,66.33,0.0,66.33,5.99,Standard,4.15,76.47,Credit Card,Delivered,5.0,3.0,False
48630769,717635,2025-12-17,Home & Kitchen,Blender,3,213.08,0.0,639.24,0.0,Standard,38.35,677.59,PayPal,Delivered,3.0,3.0,False
75081404,862231,2025-11-18,Beauty,Face Serum,2,47.97,5.0,91.14,0.0,Standard,7.52,98.66,Credit Card,Delivered,3.0,4.0,False
83372033,767655,2025-06-25,Home & Kitchen,Blender,1,130.76,0.0,130.76,0.0,Standard,8.17,138.93,Debit Card,Delivered,3.0,,False
28020299,720230,2025-12-29,Sports & Outdoors,Golf Balls (12-pack),3,54.64,0.0,163.92,0.0,Standard,10.65,174.57,PayPal,Shipped,,,False
66623908,262277,2024-10-09,Home & Kitchen,Coffee Maker,3,189.84,0.0,569.52,0.0,Standard,37.02,606.54,Debit Card,Delivered,6.0,4.0,False
33268392,262277,2025-09-16,Electronics,4K Monitor,2,141.06,0.0,282.12,0.0,Standard,18.34,300.46,Credit Card,Delivered,4.0,2.0,False
55013644,199805,2025-09-07,Grocery,Olive Oil,1,31.12,0.0,31.12,5.99,Standard,1.79,38.9,PayPal,Processing,,,False
55662087,717805,2024-02-12,Clothing,Wool Sweater,1,92.83,0.0,92.83,0.0,Standard,5.2,98.03,Credit Card,Delivered,6.0,4.0,False
24066102,618056,2025-11-02,Books,Poetry Collection,1,30.19,5.0,28.68,5.99,Standard,1.72,36.39,Credit Card,Delivered,5.0,,False
68595172,165217,2025-12-01,Toys,Plush Toy,2,65.59,0.0,131.18,0.0,Standard,7.54,138.72,Credit Card,Delivered,6.0,4.0,False
98458308,992416,2024-11-21,Sports & Outdoors,Bicycle Helmet,4,133.78,0.0,535.12,0.0,Express,15.52,550.64,Credit Card,Delivered,4.0,,False
19076377,409624,2024-04-16,Clothing,Denim Jacket,1,87.72,10.0,78.95,0.0,Express,4.74,83.69,Credit Card,Returned,3.0,,False
38811048,508476,2025-09-07,Toys,Board Game,4,43.88,0.0,175.52,0.0,Standard,11.41,186.93,Credit Card,Delivered,8.0,,False
25447733,360610,2025-10-14,Grocery,Protein Powder,1,26.85,0.0,26.85,5.99,Standard,0.78,33.62,Debit Card,Cancelled,,,False
75435300,348820,2024-09-23,Home & Kitchen,Table Lamp,1,192.14,0.0,192.14,0.0,Next-Day,10.76,202.9,Debit Card,Delivered,1.0,4.0,False
31119886,885361,2024-06-18,Beauty,Perfume,1,73.62,15.0,62.58,5.99,Standard,3.75,72.32,Debit Card,Delivered,5.0,4.0,False
12931802,248116,2024-12-21,Electronics,Smartwatch,2,87.69,0.0,175.38,0.0,,11.4,186.78,Debit Card,Delivered,3.0,,False
34651339,363197,2025-02-23,Clothing,Summer Dress,1,74.19,5.0,70.48,5.99,Standard,2.82,79.29,PayPal,Delivered,4.0,4.0,False
52992155,533743,2025-12-23,Home & Kitchen,Storage Bins,2,81.25,0.0,162.5,0.0,Express,10.16,172.66,Debit Card,Shipped,,,False
32319924,606263,2025-12-11,Sports & Outdoors,Resistance Bands,4,170.14,0.0,680.56,0.0,Standard,42.53,723.09,Debit Card,Delivered,5.0,,False
46974179,278072,2025-09-25,Books,Fiction Novel,1,11.58,0.0,11.58,5.99,Standard,0.96,18.53,Credit Card,Delivered,6.0,4.0,False
73488635,886180,2025-12-27,Electronics,Noise Cancelling Headphones,1,392.4,0.0,392.4,0.0,Standard,34.83,427.23,Credit Card,Processing,,,False
58921253,225295,2024-06-15,Electronics,Smartphone Case,2,225.34,10.0,405.61,0.0,Express,24.34,429.95,Debit Card,Delivered,3.0,3.0,False
15510599,355438,2024-10-27,Clothing,Women's Jeans,5,139.77,15.0,594.02,0.0,Standard,35.64,629.66,PayPal,Delivered,7.0,4.0,False
79769211,355438,2025-04-17,Electronics,Laptop Stand,1,101.14,10.0,91.03,0.0,Express,5.46,96.49,Credit Card,Delivered,2.0,,False
59550107,462568,2025-09-21,Books,Mystery Thriller,3,19.93,0.0,59.79,5.99,Standard,3.35,69.13,Credit Card,Delivered,6.0,3.0,False
73330779,142347,2025-06-11,Home & Kitchen,Cutlery Set,2,121.46,0.0,242.92,0.0,Standard,20.04,262.96,Credit Card,Delivered,7.0,4.0,True
65491335,579703,2024-02-11,Electronics,Noise Cancelling Headphones,5,105.35,0.0,526.75,0.0,Express,31.61,558.36,Debit Card,Delivered,1.0,3.0,False
65931196,414532,2025-10-25,Home & Kitchen,Throw Pillow,1,115.8,0.0,115.8,0.0,Standard,9.55,125.35,PayPal,Delivered,5.0,,True
21098354,859857,2025-09-23,Home & Kitchen,Air Fryer,1,81.02,0.0,81.02,0.0,Standard,5.06,86.08,Apple Pay,Returned,4.0,,False
31703379,199805,2024-06-28,Books,Self-Help Book,1,35.47,0.0,35.47,5.99,Standard,2.04,43.5,Apple Pay,Processing,,,False
16518874,614646,2025-09-06,Electronics,4K Monitor,5,179.63,0.0,898.15,0.0,Express,56.13,954.28,Credit Card,Delivered,1.0,3.0,False
77303358,991109,2024-12-26,Beauty,Perfume,2,88.22,0.0,176.44,0.0,Standard,11.47,187.91,Debit Card,Delivered,7.0,3.0,False
34205320,373772,2024-12-07,Clothing,Men's T-Shirt,1,54.9,0.0,54.9,5.99,Standard,3.29,64.18,Debit Card,Delivered,6.0,,True
85531898,309098,2025-02-26,Grocery,Protein Powder,2,17.68,0.0,35.36,5.99,Standard,2.92,44.27,Credit Card,Processing,,,False
95239505,991288,2025-10-23,Toys,Building Block Set,1,27.3,5.0,25.93,5.99,Standard,1.23,33.15,Credit Card,Delivered,6.0,4.0,False
93378724,957642,2024-11-06,Home & Kitchen,Table Lamp,2,190.52,10.0,342.94,0.0,Express,21.43,364.37,PayPal,Delivered,2.0,,False
49278489,206649,2024-08-01,Home & Kitchen,Air Fryer,2,59.82,0.0,119.64,0.0,Standard,10.62,130.26,Credit Card,Delivered,6.0,,False
18949054,943393,2025-01-24,Electronics,USB-C Hub,3,93.05,10.0,251.23,0.0,Standard,16.33,267.56,PayPal,Delivered,4.0,,False
50683465,329274,2024-11-09,Sports & Outdoors,Water Bottle,3,349.53,0.0,1048.59,0.0,Standard,68.16,1116.75,Credit Card,Delivered,5.0,,False
83925426,626883,2025-06-30,Home & Kitchen,Blender,1,100.4,0.0,100.4,0.0,Express,5.62,106.02,Credit Card,Delivered,1.0,,False
69562222,236747,2024-08-12,Clothing,Yoga Leggings,5,141.1,0.0,705.5,0.0,Standard,58.2,763.7,Debit Card,Delivered,3.0,,False
69724772,156059,2024-08-19,Beauty,Hair Dryer,2,63.08,0.0,126.16,0.0,Express,0.0,126.16,Credit Card,Delivered,6.0,,False
22968513,266813,2025-03-22,Clothing,Hoodie,2,63.73,0.0,127.46,0.0,Standard,6.05,133.51,Debit Card,Delivered,6.0,4.0,False
41466178,386818,2024-04-12,Home & Kitchen,Vacuum Cleaner,1,250.91,0.0,250.91,0.0,Express,7.28,258.19,Credit Card,Processing,,,False
28644033,971644,2025-07-01,Electronics,Bluetooth Speaker,1,55.0,0.0,55.0,5.99,Standard,3.44,64.43,Apple Pay,Delivered,6.0,4.0,False
70615119,150555,2025-08-17,Home & Kitchen,Air Fryer,2,175.96,0.0,351.92,0.0,Express,20.24,372.16,Credit Card,Delivered,3.0,4.0,False
39501728,950421,2025-08-08,Clothing,Running Shoes,1,110.53,0.0,110.53,0.0,Express,6.91,117.44,Debit Card,Delivered,3.0,,False
43274966,562945,2025-11-22,Beauty,Makeup Brush Set,1,36.03,0.0,36.03,12.99,Express,2.16,51.18,PayPal,Cancelled,,,False
63351849,950421,2024-03-09,Clothing,Summer Dress,2,80.65,0.0,161.3,0.0,Standard,10.08,171.38,Credit Card,Delivered,3.0,,False
49499420,235881,2024-09-04,Beauty,Body Lotion,2,39.0,0.0,78.0,0.0,Express,4.88,82.88,Apple Pay,Delivered,3.0,3.0,False
67031299,262277,2025-11-27,Home & Kitchen,Table Lamp,3,17.05,10.0,46.04,12.99,Express,2.99,62.02,Debit Card,Delivered,3.0,,False
83008996,262277,2024-09-02,Electronics,Smartphone Case,1,398.63,0.0,398.63,0.0,Standard,25.91,424.54,Credit Card,Delivered,6.0,,False
69783382,350668,2025-02-12,Toys,Art & Craft Kit,3,39.05,0.0,117.15,0.0,Standard,7.03,124.18,PayPal,Delivered,6.0,4.0,False
24334535,733490,2025-04-08,Electronics,Portable Charger,1,392.68,0.0,392.68,0.0,Standard,34.85,427.53,PayPal,Cancelled,,,False
47583923,642494,2025-05-14,Clothing,Hoodie,1,62.24,0.0,62.24,5.99,Standard,3.58,71.81,PayPal,Delivered,6.0,2.0,False
31872035,253760,2025-07-06,Books,Science Textbook,2,20.44,0.0,40.88,5.99,Standard,2.56,49.43,Debit Card,Delivered,5.0,,True
80597476,181268,2024-04-25,Beauty,Makeup Brush Set,3,135.63,5.0,386.55,0.0,Standard,24.16,410.71,Debit Card,Delivered,4.0,,False
87051500,161769,2024-11-23,Home & Kitchen,Cutlery Set,2,143.8,15.0,244.46,0.0,Standard,14.67,259.13,Debit Card,Delivered,7.0,2.0,False
63545024,728511,2025-10-20,Home & Kitchen,Blender,1,141.77,0.0,141.77,0.0,Next-Day,5.67,147.44,PayPal,Cancelled,,,False
17224225,442950,2024-09-13,Clothing,Women's Jeans,5,95.74,0.0,478.7,0.0,Standard,28.72,507.42,PayPal,Delivered,5.0,,False
74337484,865307,2024-09-25,Sports & Outdoors,Bicycle Helmet,1,380.01,0.0,380.01,0.0,Standard,21.28,401.29,Credit Card,Delivered,5.0,3.0,False
75646074,943393,2024-06-24,Electronics,Wireless Earbuds,1,391.94,0.0,391.94,0.0,Express,25.48,417.42,Debit Card,Delivered,2.0,,False
41450501,562945,2024-08-20,Grocery,Vitamin Supplements,2,24.71,0.0,49.42,5.99,Standard,2.97,58.38,Credit Card,Delivered,7.0,,False
98223522,166029,2025-12-27,Electronics,Wireless Earbuds,1,85.28,0.0,85.28,0.0,Standard,4.78,90.06,Credit Card,Shipped,,,False
32710902,267355,2025-12-26,Electronics,Smartphone Case,1,336.41,10.0,302.77,0.0,Standard,24.98,327.75,Credit Card,Delivered,6.0,,False
81479043,523106,2024-07-26,Electronics,Portable Charger,3,272.16,0.0,816.48,0.0,Standard,51.03,867.51,Debit Card,Delivered,5.0,4.0,False
46080351,846901,2024-12-04,Clothing,Running Shoes,1,46.86,0.0,46.86,5.99,Standard,2.93,55.78,Debit Card,Shipped,,,False
49035170,206910,2024-10-05,Clothing,Running Shoes,2,73.16,0.0,146.32,0.0,Express,12.07,158.39,Credit Card,Delivered,1.0,3.0,False
15491295,459569,2025-11-08,Clothing,Running Shoes,1,55.09,0.0,55.09,5.99,Standard,4.89,65.97,PayPal,Delivered,4.0,5.0,False
24373062,113123,2024-12-01,Electronics,4K Monitor,2,221.97,0.0,443.94,0.0,Standard,25.53,469.47,Debit Card,Returned,7.0,,False
73931216,542389,2025-05-21,Electronics,Laptop Stand,2,126.3,0.0,252.6,0.0,Express,20.84,273.44,Gift Card,Delivered,2.0,4.0,False
17522186,816376,2025-05-22,Toys,Doll House,2,65.48,0.0,130.96,0.0,Express,3.8,134.76,Debit Card,Delivered,1.0,5.0,False
49051601,555576,2025-08-18,Clothing,Hoodie,1,56.07,0.0,56.07,12.99,Express,3.5,72.56,Gift Card,Delivered,5.0,,False
39324413,816060,2025-01-25,Electronics,Wireless Earbuds,1,276.43,0.0,276.43,0.0,,17.28,293.71,Debit Card,Delivered,1.0,3.0,False
79521491,609870,2024-01-10,Clothing,Men's T-Shirt,1,74.58,0.0,74.58,12.99,Express,4.66,92.23,Gift Card,Shipped,,,False
68989060,449192,2024-12-04,Home & Kitchen,Table Lamp,2,67.21,0.0,134.42,0.0,Next-Day,11.93,146.35,Credit Card,Delivered,1.0,4.0,True
29101219,262277,2025-06-23,Beauty,Lipstick,2,85.4,0.0,170.8,0.0,Standard,11.1,181.9,Credit Card,Delivered,6.0,,False
54721231,504586,2024-10-09,Clothing,Winter Jacket,1,76.55,0.0,76.55,0.0,Standard,4.98,81.53,PayPal,Delivered,6.0,4.0,False
36278667,105585,2024-12-31,Sports & Outdoors,Jump Rope,3,30.07,15.0,76.68,0.0,Express,4.79,81.47,PayPal,Shipped,,,False
52534863,656919,2024-06-08,Clothing,Men's T-Shirt,1,62.02,0.0,62.02,12.99,Express,3.88,78.89,Debit Card,Delivered,3.0,3.0,False
21435185,233335,2024-07-25,Electronics,4K Monitor,1,74.73,0.0,74.73,5.99,Standard,6.63,87.35,Credit Card,Delivered,7.0,5.0,False
19021080,320881,2025-07-08,Clothing,Wool Sweater,1,32.52,0.0,32.52,5.99,Standard,2.68,41.19,PayPal,Delivered,4.0,4.0,False
48983918,262277,2025-02-10,Clothing,Socks (3-pack),4,32.31,0.0,129.24,0.0,Standard,8.4,137.64,Debit Card,Delivered,5.0,,False
68267703,250854,2024-12-21,Clothing,Wool Sweater,1,44.39,0.0,44.39,5.99,Standard,2.77,53.15,Credit Card,Shipped,,,False
79948545,638387,2024-12-08,Home & Kitchen,Blender,1,135.65,5.0,128.87,0.0,Standard,7.22,136.09,Debit Card,Delivered,5.0,3.0,False
29950209,125648,2024-11-28,Clothing,Denim Jacket,3,97.8,20.0,234.72,0.0,Standard,14.67,249.39,PayPal,Delivered,4.0,3.0,False
44200140,289311,2024-02-23,Home & Kitchen,Vacuum Cleaner,4,218.12,0.0,872.48,0.0,Standard,0.0,872.48,Credit Card,Delivered,5.0,,False
71656500,197599,2024-12-23,Clothing,Yoga Leggings,2,40.86,25.0,61.29,12.99,Express,3.98,78.26,Credit Card,Delivered,2.0,,False
17076785,804664,2024-04-26,Sports & Outdoors,Golf Balls (12-pack),3,233.67,0.0,701.01,0.0,Standard,62.21,763.22,Apple Pay,Returned,7.0,,False
67315680,562945,2024-03-30,Beauty,Face Serum,3,24.19,0.0,72.57,5.99,Standard,4.35,82.91,Apple Pay,Processing,,,False
88002286,251262,2024-11-21,Home & Kitchen,Bed Sheets Set,3,167.33,0.0,501.99,0.0,Standard,28.11,530.1,Credit Card,Shipped,,,True
82008477,267090,2024-10-29,Beauty,Hair Dryer,3,122.39,0.0,367.17,0.0,Standard,23.87,391.04,Debit Card,Delivered,7.0,4.0,False
32168055,484415,2025-09-10,Books,Biography,1,19.81,0.0,19.81,5.99,Standard,1.29,27.09,PayPal,Returned,5.0,,False
62775454,409624,2024-08-07,Books,Mystery Thriller,1,33.78,0.0,33.78,5.99,Standard,2.03,41.8,Debit Card,Delivered,5.0,3.0,False
69432804,259486,2024-03-19,Toys,Board Game,2,81.49,0.0,162.98,0.0,Next-Day,13.45,176.43,Debit Card,Delivered,1.0,2.0,False
69702578,424543,2024-09-18,Clothing,Men's T-Shirt,1,37.89,15.0,32.21,5.99,Standard,1.53,39.73,Credit Card,Processing,,,True
25314645,562945,2024-03-01,Books,Science Textbook,1,16.77,0.0,16.77,5.99,Standard,1.01,23.77,Credit Card,Cancelled,,,False
76933570,287711,2025-02-18,Electronics,Noise Cancelling Headphones,2,214.07,0.0,428.14,0.0,Standard,38.0,466.14,Gift Card,Delivered,6.0,3.0,False
96864845,394360,2024-09-11,Electronics,Portable Charger,2,95.37,0.0,190.74,0.0,Next-Day,15.74,206.48,Credit Card,Delivered,1.0,,False
61760255,262277,2025-04-01,Electronics,Portable Charger,3,136.09,0.0,408.27,0.0,Express,26.54,434.81,PayPal,Delivered,2.0,,False
38387488,781581,2025-12-16,Sports & Outdoors,Bicycle Helmet,4,107.57,0.0,430.28,0.0,,24.1,454.38,Credit Card,Delivered,3.0,,False
48421174,562945,2025-03-19,Clothing,Wool Sweater,1,86.8,15.0,73.78,12.99,Express,4.43,91.2,PayPal,Delivered,3.0,,False
64060988,262277,2025-09-20,Electronics,Bluetooth Speaker,3,127.32,0.0,381.96,0.0,Standard,24.83,406.79,Credit Card,Cancelled,,,False
90529879,756144,2024-05-04,Electronics,Gaming Mouse,1,197.34,0.0,197.34,0.0,Express,11.05,208.39,PayPal,Delivered,3.0,,False
21885563,827794,2024-06-02,Electronics,Bluetooth Speaker,1,200.83,0.0,200.83,0.0,Express,12.55,213.38,Credit Card,Delivered,2.0,,False
59829493,517213,2025-10-10,Toys,Plush Toy,1,23.75,0.0,23.75,12.99,Express,0.95,37.69,Credit Card,Delivered,1.0,4.0,False
32641939,453881,2025-03-09,Clothing,Wool Sweater,1,80.24,0.0,80.24,0.0,Standard,4.49,84.73,Gift Card,Delivered,3.0,5.0,False
19119197,825397,2025-08-22,Clothing,Yoga Leggings,1,102.76,5.0,97.62,0.0,Standard,6.1,103.72,Gift Card,Delivered,6.0,5.0,False
77313359,750415,2024-07-03,Clothing,Wool Sweater,1,84.09,0.0,84.09,0.0,Standard,4.71,88.8,PayPal,Cancelled,,,True
17808225,447329,2024-03-29,Electronics,Laptop Stand,1,358.31,0.0,358.31,0.0,Standard,29.56,387.87,Credit Card,Cancelled,,,False
73996365,429136,2024-09-07,Electronics,Laptop Stand,2,242.54,0.0,485.08,0.0,Standard,31.53,516.61,Credit Card,Delivered,3.0,3.0,False
34360876,106403,2025-01-07,Books,Children's Picture Book,1,17.46,0.0,17.46,12.99,Express,1.13,31.58,PayPal,Shipped,,,False
75100579,215714,2024-09-29,Toys,Action Figure,1,24.3,10.0,21.87,12.99,Express,1.22,36.08,Credit Card,Delivered,2.0,,False
90525733,363028,2025-10-29,Grocery,Protein Powder,3,28.92,0.0,86.76,0.0,Express,5.64,92.4,Credit Card,Delivered,4.0,5.0,False
51853995,663869,2025-01-08,Books,Fiction Novel,2,13.67,0.0,27.34,5.99,Standard,2.26,35.59,PayPal,Delivered,3.0,4.0,False
51752493,354993,2025-12-12,Books,Mystery Thriller,1,15.06,0.0,15.06,5.99,Standard,0.9,21.95,Gift Card,Returned,6.0,,True
51812560,898189,2024-03-11,Clothing,Yoga Leggings,1,43.47,0.0,43.47,12.99,Express,2.72,59.18,Debit Card,Delivered,4.0,5.0,False
81464812,730705,2025-12-01,Clothing,Winter Jacket,1,154.27,5.0,146.56,0.0,Standard,6.96,153.52,Gift Card,Delivered,8.0,5.0,False
58191360,220192,2024-01-22,Sports & Outdoors,Yoga Mat,2,189.28,0.0,378.56,0.0,Standard,22.71,401.27,Credit Card,Delivered,5.0,5.0,False
19101462,618056,2024-03-27,Electronics,Gaming Mouse,3,160.08,0.0,480.24,0.0,Next-Day,28.81,509.05,Debit Card,Delivered,1.0,,False
60867820,479646,2024-04-25,Beauty,Face Serum,2,105.13,0.0,210.26,0.0,Express,17.35,227.61,PayPal,Delivered,2.0,,False
49598923,993866,2025-08-23,Clothing,Wool Sweater,1,55.38,0.0,55.38,12.99,Express,3.32,71.69,Credit Card,Delivered,2.0,4.0,False
66788359,957476,2024-09-06,Home & Kitchen,Vacuum Cleaner,1,71.63,0.0,71.63,12.99,Express,4.48,89.1,Credit Card,Delivered,2.0,3.0,False
29625472,152017,2025-01-08,Home & Kitchen,Vacuum Cleaner,3,92.59,0.0,277.77,0.0,Standard,18.06,295.83,PayPal,Delivered,7.0,,False
91916257,851678,2025-12-10,Toys,Doll House,3,45.4,10.0,122.58,0.0,Express,7.66,130.24,PayPal,Delivered,1.0,,False
11774368,991288,2024-12-17,Grocery,Organic Coffee Beans,1,16.96,10.0,15.26,5.99,Standard,0.72,21.97,Credit Card,Delivered,6.0,5.0,False
45447641,289061,2025-02-16,Electronics,Portable Charger,4,61.89,10.0,222.8,0.0,Express,18.38,241.18,Credit Card,Delivered,1.0,,False
45163378,901983,2024-08-03,Toys,Puzzle (1000pc),1,49.23,25.0,36.92,5.99,Standard,2.31,45.22,PayPal,Delivered,5.0,4.0,False
97513841,878904,2024-07-18,Electronics,USB-C Hub,4,141.12,0.0,564.48,0.0,Standard,35.28,599.76,Apple Pay,Returned,5.0,,True
75710184,262277,2025-11-29,Books,Children's Picture Book,1,28.46,20.0,22.77,5.99,Standard,1.48,30.24,Credit Card,Delivered,6.0,,False
87897431,287307,2025-09-01,Home & Kitchen,Storage Bins,2,164.32,0.0,328.64,0.0,Standard,27.11,355.75,Credit Card,Delivered,5.0,3.0,False
83380862,151519,2024-05-14,Books,Poetry Collection,1,26.58,0.0,26.58,5.99,Standard,1.59,34.16,Credit Card,Delivered,7.0,,True
72430909,369304,2025-04-01,Clothing,Yoga Leggings,1,76.78,0.0,76.78,0.0,Standard,6.33,83.11,Credit Card,Shipped,,,False
90980153,489801,2025-08-08,Clothing,Hoodie,1,47.05,15.0,39.99,5.99,Standard,2.5,48.48,PayPal,Cancelled,,,False
65835608,234581,2024-09-18,Sports & Outdoors,Bicycle Helmet,1,371.41,10.0,334.27,0.0,Express,20.06,354.33,Credit Card,Delivered,1.0,4.0,False
95319123,440865,2024-09-03,Sports & Outdoors,Camping Tent,2,156.6,0.0,313.2,0.0,Express,27.8,341.0,Credit Card,Delivered,2.0,,False
34187352,678035,2025-09-17,Beauty,Nail Polish Set,3,34.0,0.0,102.0,0.0,Standard,6.38,108.38,Debit Card,Processing,,,False
27043635,593353,2024-08-28,Grocery,Olive Oil,1,44.15,10.0,39.73,12.99,Express,1.59,54.31,Apple Pay,Delivered,4.0,2.0,True
68852315,423125,2025-10-09,Clothing,Wool Sweater,2,87.98,0.0,175.96,0.0,Standard,14.52,190.48,Credit Card,Delivered,5.0,,False
61680279,354993,2025-01-08,Beauty,Shampoo & Conditioner Set,1,52.07,20.0,41.66,5.99,Standard,2.5,50.15,Credit Card,Delivered,5.0,,False
24767650,124876,2025-05-07,Beauty,Hair Dryer,3,130.0,10.0,351.0,0.0,Standard,22.82,373.82,Debit Card,Delivered,5.0,,False
46182730,435649,2025-09-07,Electronics,Smartphone Case,2,127.71,0.0,255.42,0.0,Standard,15.96,271.38,Debit Card,Delivered,6.0,3.0,False
45068147,388002,2024-06-19,Toys,Remote Control Car,2,47.05,0.0,94.1,0.0,Express,5.27,99.37,PayPal,Delivered,3.0,,False
81987642,105585,2025-11-14,Beauty,Nail Polish Set,2,110.32,10.0,198.58,0.0,Standard,12.41,210.99,PayPal,Delivered,7.0,,False
33821441,815076,2024-09-15,Toys,Action Figure,5,51.9,0.0,259.5,0.0,Standard,16.22,275.72,PayPal,Delivered,7.0,3.0,False
84781533,874829,2025-05-27,Home & Kitchen,Non-Stick Pan,3,102.99,5.0,293.52,0.0,Standard,24.22,317.74,Debit Card,Delivered,5.0,5.0,False
99514771,114618,2025-11-15,Toys,Board Game,1,59.07,10.0,53.16,12.99,Express,3.19,69.34,PayPal,Delivered,4.0,,True
82842351,301566,2024-12-22,Clothing,Running Shoes,2,112.21,0.0,224.42,0.0,Standard,14.03,238.45,Credit Card,Delivered,5.0,2.0,False
26300669,409624,2025-08-31,Beauty,Makeup Brush Set,2,96.09,0.0,192.18,0.0,Standard,11.53,203.71,Credit Card,Delivered,7.0,4.0,False
18877010,842595,2025-03-22,Home & Kitchen,Bed Sheets Set,1,88.97,0.0,88.97,0.0,Standard,5.56,94.53,PayPal,Cancelled,,,False
59396004,794486,2025-06-19,Grocery,Green Tea (Box),2,23.11,0.0,46.22,5.99,Standard,2.89,55.1,PayPal,Delivered,5.0,,False
13655045,995308,2024-05-11,Electronics,Smartwatch,1,287.42,0.0,287.42,0.0,Standard,17.96,305.38,Gift Card,Delivered,5.0,4.0,False
13568398,579703,2024-11-19,Electronics,USB-C Hub,2,202.28,20.0,323.65,0.0,Express,19.42,343.07,Credit Card,Shipped,,,False
83570540,933473,2024-04-06,Clothing,Yoga Leggings,1,26.3,0.0,26.3,5.99,Standard,1.64,33.93,Credit Card,Delivered,6.0,5.0,False
34737273,371877,2024-03-15,Books,Biography,1,26.4,0.0,26.4,22.99,Next-Day,2.34,51.73,Credit Card,Delivered,1.0,,False
55183863,353168,2024-05-04,Home & Kitchen,Throw Pillow,1,89.06,15.0,75.7,0.0,Standard,4.73,80.43,Apple Pay,Shipped,,,False
97849212,504586,2024-12-29,Electronics,Laptop Stand,2,197.9,0.0,395.8,0.0,Standard,25.73,421.53,PayPal,Delivered,6.0,1.0,True
79660759,923809,2024-12-10,Sports & Outdoors,Golf Balls (12-pack),1,266.06,20.0,212.85,0.0,Express,12.77,225.62,Debit Card,Delivered,4.0,5.0,False
86900038,918904,2025-12-23,Electronics,Bluetooth Speaker,3,338.96,0.0,1016.88,0.0,Standard,40.68,1057.56,Credit Card,Delivered,7.0,,False
57582931,633917,2024-12-05,Clothing,Summer Dress,3,36.53,5.0,104.11,0.0,Next-Day,8.59,112.7,Gift Card,Delivered,1.0,3.0,False
34797642,999714,2025-11-06,Sports & Outdoors,Yoga Mat,1,366.03,0.0,366.03,0.0,Standard,10.61,376.64,Credit Card,Processing,,,False
93587932,968744,2024-12-28,Clothing,Socks (3-pack),2,68.34,0.0,136.68,0.0,Standard,11.28,147.96,Apple Pay,Delivered,5.0,4.0,False
74048393,968744,2024-11-15,Sports & Outdoors,Jump Rope,1,96.21,5.0,91.4,0.0,Standard,7.54,98.94,Credit Card,Delivered,6.0,,False
86899378,360610,2025-07-01,Beauty,Body Lotion,2,22.75,5.0,43.23,5.99,Standard,1.25,50.47,PayPal,Delivered,5.0,5.0,False
10107190,709483,2025-12-19,Sports & Outdoors,Dumbbell Set,2,50.71,0.0,101.42,0.0,Standard,6.09,107.51,Credit Card,Delivered,5.0,,False
67102101,571051,2025-03-21,Clothing,Summer Dress,3,63.61,0.0,190.83,0.0,Standard,11.45,202.28,Apple Pay,Delivered,5.0,4.0,False
11027075,982329,2024-11-07,Clothing,Running Shoes,1,87.56,5.0,83.18,0.0,,6.86,90.04,PayPal,Delivered,6.0,5.0,False
29289591,350668,2025-06-06,Clothing,Hoodie,4,123.44,0.0,493.76,0.0,Standard,29.63,523.39,Apple Pay,Delivered,5.0,,False
96784517,894429,2024-09-14,Clothing,Women's Jeans,1,44.44,0.0,44.44,5.99,Standard,3.67,54.1,Credit Card,Shipped,,,False
52521202,197599,2025-12-16,Beauty,Sunscreen SPF50,1,61.46,0.0,61.46,12.99,Express,3.99,78.44,Gift Card,Delivered,2.0,,False
50572779,627699,2025-03-15,Sports & Outdoors,Fishing Rod,1,133.83,0.0,133.83,0.0,Standard,7.49,141.32,Credit Card,Delivered,7.0,,False
11132956,945168,2024-07-10,Beauty,Face Serum,2,105.93,5.0,201.27,0.0,Standard,12.58,213.85,Credit Card,Delivered,4.0,3.0,False
39732790,270269,2024-03-10,Beauty,Sunscreen SPF50,1,116.93,0.0,116.93,0.0,Express,7.31,124.24,Credit Card,Delivered,3.0,,False
77773826,636112,2024-12-21,Beauty,Moisturizer,1,46.45,15.0,39.48,5.99,Standard,1.88,47.35,PayPal,Processing,,,False
28335406,217105,2024-12-28,Sports & Outdoors,Camping Tent,1,187.47,0.0,187.47,0.0,Standard,10.78,198.25,Apple Pay,Delivered,6.0,4.0,False
67253812,490754,2025-09-27,Sports & Outdoors,Camping Tent,2,226.68,5.0,430.69,0.0,Express,24.12,454.81,Gift Card,Delivered,1.0,,False
79535075,361096,2025-11-14,Sports & Outdoors,Water Bottle,1,88.86,20.0,71.09,5.99,Standard,4.27,81.35,Apple Pay,Delivered,5.0,,False
62968446,354993,2025-09-18,Toys,Plush Toy,1,24.71,0.0,24.71,5.99,Standard,1.48,32.18,Credit Card,Delivered,6.0,,False
51061473,958338,2025-06-13,Toys,Doll House,1,50.33,30.0,35.23,22.99,Next-Day,2.2,60.42,Credit Card,Delivered,1.0,,False
56712683,592307,2025-12-20,Clothing,Socks (3-pack),1,45.55,0.0,45.55,5.99,Standard,3.76,55.3,PayPal,Delivered,6.0,,False
22336946,938521,2024-03-06,Grocery,Pasta & Sauce Bundle,2,39.48,0.0,78.96,0.0,Express,3.75,82.71,Debit Card,Shipped,,,False
98128404,360610,2024-04-23,Electronics,Smartphone Case,1,374.09,0.0,374.09,0.0,Standard,10.85,384.94,PayPal,Delivered,5.0,5.0,False
60772978,961608,2025-04-16,Toys,Plush Toy,3,55.9,0.0,167.7,0.0,Next-Day,10.9,178.6,PayPal,Delivered,1.0,2.0,False
19918785,791582,2025-12-24,Beauty,Lipstick,1,99.95,15.0,84.96,0.0,Standard,4.76,89.72,Credit Card,Shipped,,,False
73431959,968744,2024-08-05,Beauty,Shampoo & Conditioner Set,2,53.84,0.0,107.68,0.0,Standard,8.88,116.56,Apple Pay,Delivered,5.0,,False
62352917,728511,2025-11-25,Electronics,Gaming Mouse,1,189.83,0.0,189.83,0.0,Standard,7.59,197.42,Debit Card,Returned,7.0,,False
48493241,968744,2025-03-03,Clothing,Yoga Leggings,1,78.6,25.0,58.95,5.99,Standard,4.86,69.8,Credit Card,Cancelled,,,False
71688250,270886,2025-04-14,Clothing,Winter Jacket,1,51.24,0.0,51.24,5.99,Standard,3.07,60.3,Debit Card,Returned,7.0,,False
56982345,720230,2025-08-08,Electronics,USB-C Hub,1,159.23,0.0,159.23,0.0,Express,10.35,169.58,Debit Card,Delivered,2.0,,False
18369874,262277,2025-01-01,Clothing,Men's T-Shirt,1,59.5,15.0,50.57,5.99,Standard,3.29,59.85,Debit Card,Delivered,6.0,,False
34948198,779402,2024-01-20,Clothing,Men's T-Shirt,1,18.64,5.0,17.71,12.99,Express,1.11,31.81,Credit Card,Delivered,4.0,,False
94347837,936730,2025-05-22,Electronics,Gaming Mouse,5,362.61,20.0,1450.44,0.0,Standard,81.22,1531.66,PayPal,Delivered,7.0,4.0,False
22274097,606888,2025-05-01,Electronics,Laptop Stand,1,198.83,0.0,198.83,0.0,Standard,12.43,211.26,Gift Card,Returned,8.0,,False
29485504,741294,2024-12-28,Grocery,Protein Powder,1,29.39,15.0,24.98,5.99,Standard,2.06,33.03,Credit Card,Delivered,6.0,3.0,False
21053437,635222,2024-06-07,Clothing,Winter Jacket,1,57.28,5.0,54.42,5.99,Standard,3.27,63.68,Gift Card,Delivered,5.0,,False
13303101,354993,2024-01-06,Home & Kitchen,Throw Pillow,1,94.81,0.0,94.81,0.0,Express,5.69,100.5,Credit Card,Delivered,2.0,4.0,False
33172841,620065,2024-12-27,Toys,Action Figure,1,61.61,,61.61,12.99,Express,3.7,78.3,Apple Pay,Delivered,3.0,1.0,False
38523110,177411,2025-12-28,Clothing,Summer Dress,1,150.39,25.0,112.79,0.0,Standard,7.33,120.12,Apple Pay,Cancelled,,,False
89651120,994006,2025-10-08,Sports & Outdoors,Dumbbell Set,2,52.81,0.0,105.62,0.0,Express,0.0,105.62,Credit Card,Delivered,4.0,4.0,False
65300408,783804,2024-05-26,Clothing,Winter Jacket,3,33.65,15.0,85.81,0.0,Express,5.58,91.39,Debit Card,Shipped,,,False
83522873,150447,2024-11-24,Beauty,Body Lotion,2,74.27,5.0,141.11,0.0,Standard,7.9,149.01,Debit Card,Shipped,,,False
97711941,999465,2024-05-03,Beauty,Sunscreen SPF50,2,33.57,0.0,67.14,5.99,Standard,4.03,77.16,PayPal,Delivered,6.0,3.0,False
54012907,360610,2025-11-25,Clothing,Denim Jacket,2,79.27,0.0,158.54,0.0,Standard,4.6,163.14,Apple Pay,Returned,5.0,,False
80014798,353168,2025-10-11,Electronics,Smartwatch,2,213.88,0.0,427.76,0.0,Next-Day,26.73,454.49,Debit Card,Delivered,1.0,,False
22372451,921341,2024-10-11,Home & Kitchen,Vacuum Cleaner,3,87.34,0.0,262.02,0.0,Express,16.38,278.4,Debit Card,Delivered,3.0,,False
71736733,779182,2025-10-14,Home & Kitchen,Table Lamp,5,48.99,0.0,244.95,0.0,Express,11.64,256.59,Debit Card,Delivered,2.0,,False
87011824,274094,2024-08-08,Toys,Doll House,2,29.23,0.0,58.46,5.99,Standard,4.82,69.27,Credit Card,Delivered,3.0,,False
79515666,415267,2024-11-09,Clothing,Men's T-Shirt,1,46.35,0.0,46.35,12.99,Express,0.0,59.34,Apple Pay,Delivered,3.0,,False
55685471,943393,2024-11-21,Home & Kitchen,Air Fryer,1,151.65,10.0,136.49,0.0,Standard,8.87,145.36,Debit Card,Shipped,,,False
11914384,262277,2024-05-18,Toys,Puzzle (1000pc),4,47.63,0.0,190.52,0.0,Standard,12.38,202.9,Debit Card,Delivered,5.0,,False
12840103,286486,2025-03-01,Beauty,Makeup Brush Set,5,18.72,10.0,84.24,0.0,Standard,5.48,89.72,Credit Card,Delivered,6.0,,False
16311550,496913,2025-06-22,Electronics,Wireless Earbuds,5,95.8,0.0,479.0,0.0,Standard,29.94,508.94,Debit Card,Delivered,4.0,,False
31054552,197599,2024-03-21,Electronics,USB-C Hub,2,168.95,0.0,337.9,0.0,Express,21.96,359.86,Credit Card,Processing,,,False
45669522,957642,2025-11-30,Clothing,Hoodie,2,55.45,0.0,110.9,0.0,Standard,6.93,117.83,Credit Card,Delivered,6.0,4.0,False
33073174,220192,2025-05-29,Clothing,Running Shoes,2,71.52,0.0,143.04,0.0,Standard,8.58,151.62,Debit Card,Shipped,,,False
77998108,431975,2025-12-16,Electronics,Wireless Earbuds,1,249.14,0.0,249.14,0.0,Express,15.57,264.71,Debit Card,Delivered,1.0,5.0,False
68755926,355438,2024-06-21,Home & Kitchen,Air Fryer,1,171.89,0.0,171.89,0.0,Standard,10.31,182.2,Credit Card,Delivered,6.0,,False
69335369,994006,2025-11-26,Home & Kitchen,Bed Sheets Set,2,151.38,10.0,272.48,0.0,Express,0.0,272.48,Debit Card,Delivered,2.0,,False
99908750,142347,2024-01-31,Home & Kitchen,Bed Sheets Set,1,213.97,0.0,213.97,0.0,Standard,17.65,231.62,Credit Card,Delivered,5.0,,True
99266484,862231,2024-12-02,Electronics,USB-C Hub,1,318.61,10.0,286.75,0.0,Standard,23.66,310.41,PayPal,Delivered,4.0,3.0,False
83916847,959182,2025-01-15,Toys,Remote Control Car,1,73.74,0.0,73.74,5.99,Standard,4.61,84.34,PayPal,Delivered,5.0,4.0,False
88087906,968744,2025-07-27,Clothing,Winter Jacket,1,88.4,15.0,75.14,0.0,Standard,6.2,81.34,Debit Card,Delivered,7.0,,False
78763822,753438,2025-05-23,Books,Cookbook,3,33.77,0.0,101.31,0.0,Express,2.94,104.25,Credit Card,Delivered,2.0,,False
53855429,998168,2024-12-27,Electronics,Smartwatch,4,221.58,0.0,886.32,0.0,Standard,55.4,941.72,PayPal,Delivered,8.0,,False
16137394,805775,2025-03-23,Beauty,Nail Polish Set,1,78.1,0.0,78.1,0.0,Standard,3.12,81.22,PayPal,Delivered,6.0,5.0,False
10866682,562945,2025-04-22,Grocery,Green Tea (Box),3,29.13,0.0,87.39,0.0,Next-Day,5.24,92.63,Credit Card,Delivered,1.0,5.0,False
39985207,114618,2024-04-24,Clothing,Winter Jacket,1,34.35,0.0,34.35,12.99,Express,2.06,49.4,Credit Card,Delivered,2.0,2.0,True
64354043,690831,2024-07-17,Toys,Board Game,1,31.41,0.0,31.41,5.99,Standard,1.88,39.28,Credit Card,Delivered,6.0,,False
29105316,167072,2024-04-15,Grocery,Organic Coffee Beans,5,28.36,5.0,134.71,0.0,Standard,11.96,146.67,Credit Card,Shipped,,,False
88649407,945168,2024-12-08,Clothing,Wool Sweater,1,157.58,5.0,149.7,0.0,Standard,9.36,159.06,Credit Card,Delivered,3.0,4.0,False
17281263,562945,2025-11-14,Clothing,Wool Sweater,1,96.96,0.0,96.96,0.0,Next-Day,5.82,102.78,Credit Card,Delivered,1.0,,False
71803368,724414,2025-11-17,Beauty,Hair Dryer,5,90.01,0.0,450.05,0.0,Standard,37.13,487.18,Credit Card,Cancelled,,,False
89737536,181268,2024-12-24,Grocery,Granola Bars (12-pack),1,15.95,10.0,14.36,12.99,Express,0.9,28.25,Gift Card,Delivered,2.0,4.0,False
60072595,910706,2024-09-26,Sports & Outdoors,Hiking Backpack,1,208.81,0.0,208.81,0.0,Standard,12.53,221.34,PayPal,Delivered,6.0,,False
47398781,975413,2024-02-09,Sports & Outdoors,Camping Tent,4,182.92,0.0,731.68,0.0,Express,64.94,796.62,Credit Card,Returned,3.0,,False
36387842,538319,2024-08-07,Books,Science Textbook,4,38.51,30.0,107.83,0.0,Standard,8.9,116.73,Credit Card,Delivered,5.0,,False
95825709,978433,2025-12-17,Beauty,Hair Dryer,3,33.18,0.0,99.54,0.0,Standard,6.22,105.76,Credit Card,Shipped,,,False
59519147,267090,2024-12-23,Clothing,Yoga Leggings,1,119.44,0.0,119.44,0.0,Standard,7.76,127.2,Debit Card,Delivered,7.0,3.0,False
79362398,779182,2025-06-17,Home & Kitchen,Bed Sheets Set,3,83.01,0.0,249.03,0.0,Express,11.83,260.86,Credit Card,Delivered,2.0,3.0,False
52816153,720530,2024-12-07,Sports & Outdoors,Camping Tent,1,341.17,25.0,255.88,0.0,Standard,15.99,271.87,PayPal,Delivered,5.0,,False
95013290,555576,2024-07-07,Clothing,Denim Jacket,1,69.47,0.0,69.47,5.99,Standard,4.34,79.8,Credit Card,Delivered,4.0,,False
93610633,848469,2025-04-09,Electronics,Wireless Earbuds,3,268.15,,804.45,0.0,Standard,71.39,875.84,Credit Card,Delivered,4.0,2.0,False
67132043,222246,2025-01-10,Books,Children's Picture Book,5,24.02,25.0,90.07,0.0,Standard,5.4,95.47,Gift Card,Delivered,5.0,,False
21835799,793675,2025-03-30,Electronics,4K Monitor,1,163.59,0.0,163.59,0.0,Express,14.52,178.11,Credit Card,Delivered,1.0,,False
11004364,780023,2024-03-12,Home & Kitchen,Cutlery Set,5,213.96,0.0,1069.8,0.0,Standard,64.19,1133.99,Debit Card,Delivered,6.0,3.0,False
43402199,752195,2025-01-19,Home & Kitchen,Bed Sheets Set,2,72.46,0.0,144.92,0.0,Standard,12.86,157.78,Credit Card,Delivered,4.0,,False
17353137,602443,2025-03-20,Home & Kitchen,Air Fryer,3,88.12,0.0,264.36,0.0,Standard,21.81,286.17,Credit Card,Delivered,6.0,1.0,False
53292706,114618,2024-11-01,Books,Self-Help Book,3,13.72,0.0,41.16,5.99,Standard,2.47,49.62,Credit Card,Shipped,,,False
85487963,678035,2025-04-30,Clothing,Women's Jeans,1,51.11,0.0,51.11,5.99,Standard,3.19,60.29,Debit Card,Delivered,7.0,,False
60888025,715861,2025-12-04,Grocery,Granola Bars (12-pack),2,16.75,0.0,33.5,5.99,Standard,1.88,41.37,Debit Card,Delivered,7.0,4.0,False
33136646,359108,2025-12-27,Home & Kitchen,Air Fryer,1,175.42,0.0,175.42,0.0,Standard,10.96,186.38,PayPal,Processing,,,False
44077978,409624,2024-01-11,Electronics,Smartwatch,3,150.28,0.0,450.84,0.0,Standard,27.05,477.89,Credit Card,Shipped,,,False
10027696,726144,2025-09-23,Books,Biography,2,15.08,0.0,30.16,5.99,Standard,1.81,37.96,Credit Card,Shipped,,,False
69739863,642667,2024-12-18,Clothing,Hoodie,2,49.08,0.0,98.16,0.0,Express,5.89,104.05,Apple Pay,Delivered,1.0,4.0,False
98725203,912674,2024-07-23,Home & Kitchen,Throw Pillow,2,198.94,0.0,397.88,0.0,Standard,23.87,421.75,PayPal,Delivered,3.0,,False
81950965,388002,2024-12-15,Beauty,Moisturizer,1,37.73,15.0,32.07,5.99,Standard,1.8,39.86,PayPal,Shipped,,,False
41235779,978433,2024-10-28,Electronics,Portable Charger,5,100.59,0.0,502.95,0.0,Standard,31.43,534.38,Debit Card,Delivered,4.0,2.0,False
56381223,266813,2025-02-28,Sports & Outdoors,Yoga Mat,2,137.05,10.0,246.69,0.0,Next-Day,11.72,258.41,Debit Card,Processing,,,False
64337320,156059,2025-12-20,Beauty,Shampoo & Conditioner Set,1,79.74,5.0,75.75,0.0,Standard,0.0,75.75,Credit Card,Delivered,7.0,3.0,False
10301763,356668,2024-07-01,Electronics,Wireless Earbuds,1,343.21,0.0,343.21,0.0,Standard,21.45,364.66,Credit Card,Returned,5.0,,True
75322879,793675,2024-12-13,Electronics,Wireless Earbuds,3,234.65,5.0,668.75,0.0,Standard,59.35,728.1,Debit Card,Cancelled,,,True
88364617,356668,2024-03-26,Electronics,Bluetooth Speaker,3,342.41,0.0,1027.23,0.0,Standard,64.2,1091.43,Credit Card,Delivered,5.0,4.0,False
94363939,108184,2025-12-12,Clothing,Denim Jacket,1,31.31,0.0,31.31,5.99,Standard,1.25,38.55,Credit Card,Delivered,7.0,4.0,False
49387065,656919,2024-12-31,Clothing,Summer Dress,2,64.93,5.0,123.37,0.0,Next-Day,7.71,131.08,PayPal,Delivered,1.0,4.0,False
90923849,709483,2025-08-07,Clothing,Denim Jacket,3,88.24,15.0,225.01,0.0,Standard,13.5,238.51,Credit Card,Delivered,6.0,,False
23630459,394360,2025-11-03,Sports & Outdoors,Dumbbell Set,1,366.84,20.0,293.47,0.0,Express,24.21,317.68,Debit Card,Delivered,2.0,3.0,False
12017333,994983,2025-11-29,Sports & Outdoors,Fishing Rod,2,184.63,0.0,369.26,0.0,Standard,23.08,392.34,Debit Card,Shipped,,,False
63026383,525664,2024-05-24,Home & Kitchen,Blender,1,65.65,0.0,65.65,5.99,Standard,2.63,74.27,Credit Card,Delivered,5.0,5.0,False
71787146,368754,2025-03-03,Toys,Art & Craft Kit,2,22.5,0.0,45.0,5.99,Standard,2.93,53.92,Credit Card,Delivered,6.0,4.0,False
28258968,635222,2024-05-11,Sports & Outdoors,Camping Tent,2,150.0,0.0,300.0,0.0,Standard,18.0,318.0,Credit Card,Cancelled,,,False
81145861,958338,2024-08-20,Books,Children's Picture Book,1,38.69,0.0,38.69,12.99,Express,2.42,54.1,Debit Card,Delivered,1.0,3.0,False
55805668,206781,2024-11-08,Clothing,Men's T-Shirt,1,70.57,0.0,70.57,5.99,Standard,3.95,80.51,Credit Card,Delivered,8.0,,False
14442577,616728,2025-06-14,Toys,Remote Control Car,1,24.91,15.0,21.17,5.99,Standard,0.61,27.77,Credit Card,Returned,7.0,,False
81087650,519553,2024-08-10,Clothing,Denim Jacket,1,12.0,0.0,12.0,12.99,Express,0.78,25.77,Credit Card,Shipped,,,False
85221734,562945,2025-06-24,Home & Kitchen,Coffee Maker,2,237.76,0.0,475.52,0.0,Next-Day,28.53,504.05,PayPal,Delivered,1.0,,True
89566039,108184,2025-09-15,Books,Biography,1,21.86,0.0,21.86,12.99,Express,0.87,35.72,Credit Card,Returned,1.0,,False
62400779,150447,2025-06-20,Toys,Action Figure,4,37.86,0.0,151.44,0.0,Standard,8.48,159.92,Credit Card,Delivered,4.0,,True
42595130,803050,2025-01-08,Home & Kitchen,Vacuum Cleaner,1,197.47,0.0,197.47,0.0,Standard,11.35,208.82,Credit Card,Delivered,5.0,3.0,False
99482973,320999,2025-05-01,Electronics,Bluetooth Speaker,4,58.84,0.0,235.36,0.0,Next-Day,14.12,249.48,PayPal,Delivered,1.0,,True
53034395,568666,2024-03-07,Clothing,Hoodie,1,59.2,15.0,50.32,12.99,Express,2.01,65.32,Debit Card,Delivered,1.0,,False
21320401,750415,2024-11-26,Home & Kitchen,Throw Pillow,2,123.5,0.0,247.0,0.0,Standard,13.83,260.83,Credit Card,Delivered,5.0,,False
46880685,841384,2025-04-25,Sports & Outdoors,Dumbbell Set,2,90.83,0.0,181.66,0.0,Standard,8.63,190.29,PayPal,Cancelled,,,False
49369125,950421,2025-11-09,Electronics,Laptop Stand,1,87.01,0.0,87.01,0.0,Standard,5.44,92.45,Credit Card,Delivered,6.0,,False
68429958,301091,2025-12-22,Electronics,Bluetooth Speaker,1,175.37,0.0,175.37,0.0,Express,0.0,175.37,Credit Card,Delivered,3.0,,False
16654996,215560,2025-04-14,Sports & Outdoors,Dumbbell Set,1,326.28,0.0,326.28,0.0,Standard,26.92,353.2,PayPal,Delivered,5.0,4.0,False
41231033,815544,2025-12-04,Books,Poetry Collection,2,20.67,15.0,35.14,5.99,Standard,2.28,43.41,Debit Card,Delivered,6.0,,False
48569041,519553,2025-07-23,Beauty,Perfume,5,72.84,0.0,364.2,0.0,Express,23.67,387.87,Credit Card,Processing,,,False
86688820,986803,2024-02-07,Books,Children's Picture Book,1,15.3,0.0,15.3,5.99,Standard,1.36,22.65,Apple Pay,Delivered,6.0,,False
42968658,834273,2024-04-18,Sports & Outdoors,Bicycle Helmet,1,283.6,0.0,283.6,0.0,Express,0.0,283.6,Credit Card,Processing,,,False
96918693,262277,2025-12-14,Electronics,Noise Cancelling Headphones,1,156.79,15.0,133.27,0.0,Standard,8.66,141.93,Credit Card,Delivered,5.0,4.0,False
96893390,423125,2024-11-27,Home & Kitchen,Bed Sheets Set,1,165.84,0.0,165.84,0.0,Express,13.68,179.52,Apple Pay,Delivered,3.0,,False
56618527,262277,2025-02-19,Electronics,USB-C Hub,1,284.03,0.0,284.03,0.0,Next-Day,18.46,302.49,Credit Card,Delivered,1.0,5.0,False
47195377,451437,2024-06-08,Clothing,Denim Jacket,1,49.53,0.0,49.53,5.99,Standard,2.35,57.87,PayPal,Processing,,,False
25403932,539820,2025-05-12,Home & Kitchen,Blender,1,144.84,5.0,137.6,0.0,Express,8.6,146.2,PayPal,Cancelled,,,False
28660914,265756,2025-03-14,Sports & Outdoors,Camping Tent,1,279.24,0.0,279.24,0.0,Standard,24.78,304.02,PayPal,Delivered,5.0,5.0,False
51880118,534988,2024-02-20,Electronics,Wireless Earbuds,5,145.0,0.0,725.0,0.0,Standard,43.5,768.5,PayPal,Delivered,4.0,5.0,False
17586163,867788,2025-10-15,Electronics,Noise Cancelling Headphones,1,91.07,0.0,91.07,0.0,Standard,2.64,93.71,Debit Card,Shipped,,,False
73329636,917055,2024-02-17,Clothing,Summer Dress,4,98.28,0.0,393.12,0.0,Standard,18.67,411.79,PayPal,Delivered,4.0,,False
38337685,778621,2025-03-10,Electronics,4K Monitor,1,141.05,0.0,141.05,0.0,Express,8.82,149.87,Gift Card,Cancelled,,,False
36804064,562945,2025-03-21,Electronics,Gaming Mouse,2,86.18,5.0,163.74,0.0,Express,9.82,173.56,Debit Card,Delivered,3.0,,False
37152379,531175,2024-12-03,Home & Kitchen,Non-Stick Pan,1,93.94,0.0,93.94,0.0,Standard,2.72,96.66,PayPal,Delivered,6.0,,False
52385741,562945,2024-03-05,Home & Kitchen,Bed Sheets Set,1,121.96,0.0,121.96,0.0,Standard,7.32,129.28,PayPal,Cancelled,,,False
28893782,471945,2024-12-21,Home & Kitchen,Air Fryer,1,49.24,0.0,49.24,5.99,Standard,4.06,59.29,Debit Card,Shipped,,,False
43205295,688573,2025-02-17,Home & Kitchen,Air Fryer,1,164.02,0.0,164.02,0.0,Standard,9.84,173.86,PayPal,Delivered,4.0,,False
45103599,738327,2025-10-24,Clothing,Women's Jeans,2,132.37,5.0,251.5,0.0,Standard,15.72,267.22,Credit Card,Delivered,8.0,3.0,False
88193551,181525,2024-03-12,Home & Kitchen,Coffee Maker,1,110.48,5.0,104.96,0.0,Standard,6.3,111.26,Credit Card,Delivered,4.0,4.0,False
15924942,346636,2024-05-09,Books,Poetry Collection,1,28.36,0.0,28.36,12.99,Express,1.13,42.48,Gift Card,Processing,,,False
57994263,932663,2025-07-14,Beauty,Lipstick,1,117.17,0.0,117.17,0.0,Standard,6.74,123.91,Debit Card,Shipped,,,True
36836207,562418,2025-12-11,Books,Cookbook,1,20.92,0.0,20.92,12.99,Express,1.31,35.22,Gift Card,Delivered,3.0,3.0,True
34559944,127697,2024-11-14,Clothing,Hoodie,1,41.83,0.0,41.83,5.99,Standard,2.61,50.43,Credit Card,Cancelled,,,False
84561468,827295,2024-08-22,Electronics,Bluetooth Speaker,1,50.47,0.0,50.47,5.99,Standard,3.15,59.61,Apple Pay,Delivered,7.0,,False
71806599,994983,2024-12-29,Electronics,Bluetooth Speaker,1,433.87,0.0,433.87,0.0,Standard,27.12,460.99,Credit Card,Delivered,5.0,2.0,False
56160853,192141,2024-01-03,Electronics,Laptop Stand,2,145.57,0.0,291.14,0.0,Standard,18.2,309.34,Debit Card,Delivered,6.0,4.0,False
91101924,361096,2025-05-05,Home & Kitchen,Bed Sheets Set,1,83.92,0.0,83.92,0.0,Next-Day,5.04,88.96,Credit Card,Returned,1.0,,False
76306303,145270,2024-01-11,Electronics,Gaming Mouse,3,98.36,0.0,295.08,0.0,Standard,18.44,313.52,PayPal,Delivered,7.0,,False
58029723,995308,2024-11-07,Clothing,Wool Sweater,1,111.67,0.0,111.67,0.0,Standard,6.98,118.65,Credit Card,Delivered,6.0,,False
92498776,161769,2024-12-09,Sports & Outdoors,Bicycle Helmet,5,114.99,0.0,574.95,0.0,Standard,34.5,609.45,Apple Pay,Delivered,6.0,,False
56349605,180716,2025-11-29,Electronics,Gaming Mouse,1,42.31,10.0,38.08,12.99,Express,3.38,54.45,Credit Card,Processing,,,True
27513009,150555,2025-12-24,Electronics,Wireless Earbuds,3,153.43,5.0,437.28,0.0,Standard,25.14,462.42,Gift Card,Shipped,,,False
97400486,454854,2025-05-15,Electronics,Bluetooth Speaker,1,113.43,0.0,113.43,0.0,Next-Day,9.36,122.79,Debit Card,Delivered,1.0,,False
99650641,102475,2025-09-23,Electronics,Smartphone Case,3,283.75,5.0,808.69,0.0,Standard,50.54,859.23,Credit Card,Delivered,5.0,,False
92230582,433152,2024-12-15,Electronics,Wireless Earbuds,1,209.29,0.0,209.29,0.0,Standard,13.08,222.37,Credit Card,Delivered,7.0,5.0,False
59573138,253760,2024-04-22,Electronics,Laptop Stand,2,339.53,15.0,577.2,0.0,Standard,36.08,613.28,Credit Card,Returned,4.0,,False
78541350,562945,2025-09-25,Sports & Outdoors,Resistance Bands,2,124.35,0.0,248.7,0.0,Express,14.92,263.62,PayPal,Delivered,2.0,,False
89472549,567751,2024-11-21,Sports & Outdoors,Resistance Bands,1,139.51,0.0,139.51,0.0,Standard,7.81,147.32,Credit Card,Delivered,5.0,,False
80569253,871382,2025-08-30,Clothing,Denim Jacket,1,63.65,0.0,63.65,22.99,Next-Day,5.65,92.29,PayPal,Delivered,1.0,,True
65810203,633917,2024-08-13,Toys,Board Game,1,38.35,0.0,38.35,5.99,Standard,3.16,47.5,Credit Card,Delivered,6.0,4.0,False
35039192,862525,2025-11-22,Beauty,Shampoo & Conditioner Set,2,72.17,0.0,144.34,0.0,Standard,8.66,153.0,PayPal,Shipped,,,False
75387957,106403,2024-11-14,Beauty,Moisturizer,1,27.41,0.0,27.41,5.99,Standard,1.78,35.18,Debit Card,Delivered,6.0,2.0,False
44104907,945168,2024-10-03,Toys,Building Block Set,3,47.02,0.0,141.06,0.0,Standard,8.82,149.88,PayPal,Shipped,,,False
39751231,665342,2024-12-10,Beauty,Lipstick,1,97.29,0.0,97.29,0.0,Express,4.62,101.91,Debit Card,Delivered,3.0,5.0,False
32738773,865712,2025-09-16,Electronics,Smartphone Case,1,69.08,5.0,65.63,5.99,Standard,3.77,75.39,Debit Card,Delivered,6.0,,False
16057373,370507,2024-05-27,Clothing,Yoga Leggings,1,68.32,0.0,68.32,5.99,Standard,3.83,78.14,Credit Card,Delivered,4.0,,False
27872361,957642,2025-08-11,Beauty,Makeup Brush Set,1,49.41,0.0,49.41,5.99,Standard,3.09,58.49,Debit Card,Delivered,5.0,,False
68105405,415267,2025-07-14,Beauty,Hair Dryer,1,73.55,0.0,73.55,5.99,Standard,0.0,79.54,Credit Card,Delivered,4.0,,False
74624956,150447,2025-10-23,Clothing,Socks (3-pack),1,46.66,0.0,46.66,5.99,Standard,2.61,55.26,Debit Card,Delivered,7.0,4.0,False
69421724,369304,2025-04-20,Books,Biography,5,16.63,0.0,83.15,0.0,Standard,6.86,90.01,Credit Card,Cancelled,,,False
17773083,471843,2025-12-19,Electronics,Bluetooth Speaker,1,150.3,15.0,127.76,0.0,Standard,5.11,132.87,PayPal,Delivered,3.0,,False
62270424,244629,2024-11-20,Grocery,Granola Bars (12-pack),2,12.33,0.0,24.66,5.99,Standard,1.38,32.03,Credit Card,Processing,,,False
94844751,783804,2024-09-19,Electronics,USB-C Hub,1,89.45,0.0,89.45,0.0,Next-Day,5.81,95.26,PayPal,Returned,1.0,,False
22842929,506364,2024-11-03,Beauty,Lipstick,1,43.08,0.0,43.08,5.99,Standard,2.8,51.87,Credit Card,Delivered,5.0,4.0,False
89379993,579703,2024-10-13,Books,Cookbook,1,25.65,0.0,25.65,12.99,Express,1.54,40.18,PayPal,Delivered,1.0,,False
79187177,642047,2024-11-13,Electronics,Smartwatch,1,237.33,0.0,237.33,0.0,Standard,13.29,250.62,Apple Pay,Delivered,6.0,3.0,False
17917954,106403,2024-11-14,Home & Kitchen,Vacuum Cleaner,3,200.3,5.0,570.86,0.0,Standard,37.11,607.97,PayPal,Delivered,6.0,3.0,False
25485788,968744,2024-07-09,Home & Kitchen,Table Lamp,1,92.01,0.0,92.01,0.0,Standard,7.59,99.6,Apple Pay,Shipped,,,True
25017758,938521,2024-12-03,Clothing,Wool Sweater,2,37.84,5.0,71.9,5.99,Standard,3.42,81.31,Debit Card,Delivered,7.0,,False
69655085,827794,2025-03-21,Sports & Outdoors,Hiking Backpack,1,218.25,0.0,218.25,0.0,Standard,13.64,231.89,PayPal,Cancelled,,,False
12189211,273042,2025-09-04,Home & Kitchen,Table Lamp,2,260.73,0.0,521.46,0.0,Standard,29.2,550.66,Credit Card,Returned,7.0,,False
70646911,886180,2024-09-14,Beauty,Sunscreen SPF50,1,43.6,0.0,43.6,5.99,Standard,3.87,53.46,Credit Card,Shipped,,,False
89048944,328532,2025-09-21,Electronics,Smartphone Case,1,291.48,0.0,291.48,0.0,Express,24.05,315.53,Credit Card,Returned,2.0,,False
56348415,767655,2025-09-20,Beauty,Shampoo & Conditioner Set,1,57.38,0.0,57.38,12.99,Express,3.59,73.96,Credit Card,Delivered,2.0,,False
48515511,569291,2024-12-20,Beauty,Lipstick,4,41.96,15.0,142.66,0.0,Express,11.77,154.43,Apple Pay,Shipped,,,False
69435682,459569,2024-01-24,Beauty,Moisturizer,1,76.56,0.0,76.56,0.0,Standard,6.79,83.35,Debit Card,Delivered,6.0,3.0,True
68920936,110773,2025-12-23,Beauty,Lipstick,2,32.18,0.0,64.36,5.99,Standard,5.71,76.06,Apple Pay,Delivered,5.0,,False
23650229,724848,2024-12-03,Electronics,Bluetooth Speaker,1,60.62,0.0,60.62,12.99,Express,5.0,78.61,Debit Card,Delivered,2.0,,False
24282276,975413,2025-12-30,Electronics,Smartwatch,3,390.92,0.0,1172.76,0.0,Express,104.08,1276.84,Debit Card,Processing,,,False
76960840,475610,2024-09-29,Clothing,Socks (3-pack),1,113.1,5.0,107.44,0.0,Standard,6.45,113.89,PayPal,Delivered,6.0,,False
86915563,286239,2025-10-18,Sports & Outdoors,Golf Balls (12-pack),1,199.64,0.0,199.64,0.0,Standard,0.0,199.64,Credit Card,Delivered,5.0,4.0,False
54790913,993866,2025-08-06,Home & Kitchen,Throw Pillow,1,120.1,0.0,120.1,0.0,Standard,7.21,127.31,Credit Card,Delivered,7.0,3.0,False
56884991,471843,2024-11-26,Home & Kitchen,Table Lamp,1,65.73,0.0,65.73,22.99,Next-Day,2.63,91.35,Debit Card,Delivered,1.0,4.0,False
66138385,656919,2025-11-21,Clothing,Winter Jacket,1,64.34,0.0,64.34,22.99,Next-Day,4.02,91.35,Credit Card,Delivered,1.0,,False
65056181,355438,2024-11-15,Clothing,Socks (3-pack),1,28.58,30.0,20.01,5.99,Standard,1.2,27.2,Apple Pay,Delivered,4.0,,False
76591658,533743,2025-06-18,Sports & Outdoors,Hiking Backpack,2,78.79,0.0,157.58,0.0,Standard,9.85,167.43,Debit Card,Delivered,5.0,,False
44452982,115886,2025-10-09,Clothing,Yoga Leggings,5,80.29,0.0,401.45,0.0,Express,33.12,434.57,Credit Card,Delivered,1.0,,True
70870028,562945,2024-12-02,Electronics,Portable Charger,1,197.5,5.0,187.62,0.0,Standard,11.26,198.88,Debit Card,Delivered,4.0,4.0,False
75732528,262277,2025-11-05,Clothing,Men's T-Shirt,4,34.6,5.0,131.48,0.0,Standard,8.55,140.03,Debit Card,Delivered,6.0,,False
70244714,966334,2024-08-16,Electronics,Smartphone Case,1,268.18,0.0,268.18,0.0,Standard,16.09,284.27,Debit Card,Delivered,5.0,3.0,False
68101607,620065,2025-03-30,Clothing,Summer Dress,1,39.57,5.0,37.59,22.99,Next-Day,2.26,62.84,Gift Card,Delivered,1.0,,False
41454220,921402,2025-12-06,Electronics,Gaming Mouse,1,250.29,0.0,250.29,0.0,Express,10.01,260.3,PayPal,Processing,,,False
50828777,142237,2025-01-15,Electronics,Bluetooth Speaker,1,147.19,10.0,132.47,0.0,Standard,11.76,144.23,Credit Card,Delivered,5.0,4.0,False
90821161,597707,2024-11-22,Clothing,Denim Jacket,2,37.66,10.0,67.79,12.99,Express,6.02,86.8,Debit Card,Returned,3.0,,False
79312884,517512,2025-12-03,Clothing,Summer Dress,2,73.79,15.0,125.44,0.0,Standard,11.13,136.57,PayPal,Delivered,8.0,3.0,True
69494288,730556,2024-06-28,Electronics,Wireless Earbuds,1,152.87,20.0,122.3,0.0,Standard,10.09,132.39,PayPal,Returned,6.0,,False
68153037,617300,2024-06-04,Toys,Board Game,4,34.89,0.0,139.56,0.0,Standard,8.72,148.28,PayPal,Delivered,4.0,3.0,False
21773238,183720,2025-08-17,Electronics,Laptop Stand,2,71.38,0.0,142.76,0.0,Express,7.99,150.75,Credit Card,Delivered,2.0,,False
36195821,106403,2024-06-11,Clothing,Yoga Leggings,1,112.08,10.0,100.87,0.0,Standard,6.56,107.43,Debit Card,Shipped,,,False
29059967,645647,2024-11-29,Sports & Outdoors,Yoga Mat,1,225.21,0.0,225.21,0.0,Standard,19.99,245.2,Credit Card,Delivered,4.0,4.0,False
44891255,150447,2024-04-11,Grocery,Protein Powder,1,27.87,0.0,27.87,12.99,Express,1.56,42.42,PayPal,Delivered,2.0,3.0,False
18602115,217837,2025-06-19,Clothing,Yoga Leggings,3,154.28,0.0,462.84,0.0,Standard,38.18,501.02,Debit Card,Delivered,7.0,,False
93685339,363028,2025-08-29,Sports & Outdoors,Fishing Rod,1,190.23,5.0,180.72,0.0,Standard,11.75,192.47,Gift Card,Delivered,6.0,2.0,False
24487192,100667,2025-08-29,Electronics,Noise Cancelling Headphones,2,261.35,15.0,444.3,0.0,Standard,36.65,480.95,Credit Card,Shipped,,,False
69245777,681619,2025-12-22,Electronics,Portable Charger,2,150.59,10.0,271.06,0.0,Express,24.06,295.12,PayPal,Delivered,3.0,3.0,False
57338677,991288,2024-11-06,Electronics,Bluetooth Speaker,1,148.25,20.0,118.6,0.0,Standard,5.63,124.23,Apple Pay,Delivered,7.0,,False
65297055,206328,2024-05-04,Home & Kitchen,Vacuum Cleaner,3,119.37,0.0,358.11,0.0,Standard,20.59,378.7,PayPal,Delivered,6.0,2.0,False
42783254,176521,2024-05-28,Electronics,4K Monitor,1,246.9,0.0,246.9,0.0,Standard,16.05,262.95,Credit Card,Delivered,7.0,3.0,False
53128124,798441,2025-02-16,Home & Kitchen,Table Lamp,1,144.87,0.0,144.87,0.0,Express,4.2,149.07,Apple Pay,Cancelled,,,False
57917252,642494,2025-09-03,Toys,Plush Toy,1,45.98,10.0,41.38,5.99,Standard,2.38,49.75,PayPal,Shipped,,,False
12249665,252894,2024-10-29,Home & Kitchen,Vacuum Cleaner,1,174.64,0.0,174.64,0.0,Standard,0.0,174.64,Credit Card,Delivered,7.0,3.0,False
38774523,654605,2024-12-29,Toys,Action Figure,1,49.24,0.0,49.24,22.99,Next-Day,3.08,75.31,Apple Pay,Delivered,1.0,,False
91483547,360610,2024-06-25,Home & Kitchen,Storage Bins,1,99.59,15.0,84.65,0.0,Standard,2.45,87.1,PayPal,Delivered,5.0,,False
47857714,616728,2025-06-05,Sports & Outdoors,Jump Rope,3,226.73,0.0,680.19,0.0,Standard,19.73,699.92,Credit Card,Delivered,6.0,2.0,False
23183231,504017,2024-12-11,Sports & Outdoors,Yoga Mat,2,90.01,0.0,180.02,0.0,Standard,8.55,188.57,Debit Card,Delivered,6.0,4.0,False
95254272,169397,2025-09-01,Beauty,Moisturizer,2,39.62,0.0,79.24,0.0,Standard,4.75,83.99,PayPal,Cancelled,,,False
19229236,255238,2025-07-25,Toys,Action Figure,3,37.99,0.0,113.97,0.0,Standard,5.41,119.38,Credit Card,Delivered,5.0,4.0,False
46488819,979391,2024-09-08,Sports & Outdoors,Fishing Rod,2,198.4,0.0,396.8,0.0,Express,35.22,432.02,Debit Card,Delivered,3.0,4.0,False
13923110,845092,2025-06-02,Beauty,Hair Dryer,1,71.76,0.0,71.76,5.99,Standard,5.92,83.67,Credit Card,Delivered,7.0,,False
99696109,353168,2024-03-03,Electronics,Gaming Mouse,1,163.29,0.0,163.29,0.0,Next-Day,10.21,173.5,PayPal,Delivered,2.0,,False
11572469,638021,2025-07-03,Electronics,Smartphone Case,2,23.49,10.0,42.28,12.99,Express,3.49,58.76,Credit Card,Delivered,3.0,,False
43696421,515088,2024-05-29,Beauty,Shampoo & Conditioner Set,2,57.72,0.0,115.44,0.0,Express,7.21,122.65,Credit Card,Returned,2.0,,False
90546219,525664,2025-11-19,Books,Poetry Collection,1,24.84,0.0,24.84,5.99,Standard,0.99,31.82,Credit Card,Delivered,5.0,,False
65792092,180716,2025-07-07,Home & Kitchen,Non-Stick Pan,1,95.7,0.0,95.7,0.0,Standard,8.49,104.19,PayPal,Delivered,5.0,4.0,False
96871961,968744,2024-04-21,Books,Children's Picture Book,1,16.11,0.0,16.11,22.99,Next-Day,1.33,40.43,Credit Card,Delivered,1.0,4.0,False
18162712,374221,2025-12-20,Beauty,Makeup Brush Set,1,91.67,0.0,91.67,0.0,Standard,5.96,97.63,Credit Card,Delivered,5.0,,False
96341827,150555,2025-06-07,Grocery,Green Tea (Box),1,18.2,0.0,18.2,5.99,Standard,1.05,25.24,Credit Card,Delivered,8.0,,False
74155832,437427,2024-08-25,Electronics,Wireless Earbuds,1,391.05,0.0,391.05,0.0,Express,32.26,423.31,PayPal,Delivered,2.0,4.0,False
83641194,262277,2024-06-27,Sports & Outdoors,Fishing Rod,2,30.91,0.0,61.82,5.99,Standard,4.02,71.83,PayPal,Delivered,4.0,,False
66436330,791592,2024-09-03,Grocery,Protein Powder,1,15.6,0.0,15.6,12.99,Express,0.9,29.49,Credit Card,Delivered,3.0,3.0,False
26086750,233335,2025-03-13,Clothing,Hoodie,2,41.34,0.0,82.68,0.0,Standard,7.34,90.02,Credit Card,Delivered,7.0,4.0,False
53791024,373772,2024-05-25,Home & Kitchen,Vacuum Cleaner,2,253.13,0.0,506.26,0.0,Standard,30.38,536.64,Credit Card,Processing,,,False
27642867,958338,2024-12-04,Sports & Outdoors,Hiking Backpack,2,195.67,5.0,371.77,0.0,Standard,23.24,395.01,PayPal,Cancelled,,,False
95960041,957642,2024-01-12,Home & Kitchen,Bed Sheets Set,1,209.1,0.0,209.1,0.0,Standard,13.07,222.17,Debit Card,Delivered,2.0,,False
28448978,120400,2024-04-07,Electronics,Bluetooth Speaker,1,170.32,0.0,170.32,0.0,Standard,10.22,180.54,Debit Card,Returned,6.0,,False
13124156,486914,2025-08-10,Beauty,Hair Dryer,1,39.99,0.0,39.99,22.99,Next-Day,2.5,65.48,Gift Card,Delivered,1.0,4.0,False
19457805,968744,2024-12-13,Sports & Outdoors,Golf Balls (12-pack),1,140.19,5.0,133.18,0.0,Standard,10.99,144.17,Debit Card,Delivered,5.0,3.0,False
22763009,851678,2024-09-05,Grocery,Pasta & Sauce Bundle,2,20.81,5.0,39.54,5.99,Standard,2.47,48.0,Debit Card,Delivered,3.0,3.0,False
27917386,833249,2024-10-04,Beauty,Shampoo & Conditioner Set,1,82.81,0.0,82.81,0.0,Standard,4.76,87.57,Apple Pay,Delivered,5.0,,False
22413499,991288,2025-04-14,Sports & Outdoors,Golf Balls (12-pack),1,151.99,0.0,151.99,0.0,Express,7.22,159.21,Debit Card,Delivered,2.0,3.0,False
41063330,851678,2025-12-18,Beauty,Hair Dryer,1,95.01,0.0,95.01,0.0,Standard,5.94,100.95,PayPal,Delivered,6.0,,False
23991431,654605,2025-07-26,Beauty,Makeup Brush Set,1,106.59,0.0,106.59,0.0,Standard,6.66,113.25,Credit Card,Delivered,7.0,3.0,False
31914156,991288,2024-09-12,Beauty,Shampoo & Conditioner Set,1,108.41,0.0,108.41,0.0,Express,5.15,113.56,Credit Card,Delivered,3.0,,False
42259757,423125,2025-03-18,Clothing,Summer Dress,1,69.84,0.0,69.84,5.99,Standard,5.76,81.59,Credit Card,Delivered,6.0,3.0,False
85299124,206649,2025-11-13,Clothing,Men's T-Shirt,1,104.39,0.0,104.39,0.0,Standard,9.26,113.65,Debit Card,Returned,3.0,,False
76064904,709483,2024-10-26,Clothing,Women's Jeans,1,78.0,0.0,78.0,0.0,Standard,4.68,82.68,PayPal,Shipped,,,False
59505138,834179,2025-04-04,Home & Kitchen,Vacuum Cleaner,1,11.0,0.0,11.0,5.99,Standard,0.66,17.65,Credit Card,Delivered,5.0,,False
10893286,355438,2025-03-05,Grocery,Vitamin Supplements,1,53.47,0.0,53.47,22.99,Next-Day,3.21,79.67,Debit Card,Delivered,1.0,3.0,False
89579778,579703,2025-03-21,Electronics,Wireless Earbuds,2,154.41,0.0,308.82,0.0,Standard,18.53,327.35,Debit Card,Delivered,5.0,,False
79836887,504586,2024-01-23,Home & Kitchen,Storage Bins,2,212.58,0.0,425.16,0.0,Standard,27.64,452.8,PayPal,Delivered,7.0,,False
10694066,545031,2025-12-19,Sports & Outdoors,Fishing Rod,2,246.86,,493.72,0.0,Standard,32.09,525.81,Debit Card,Shipped,,,True
74064751,654375,2025-12-18,Toys,Building Block Set,2,36.24,0.0,72.48,5.99,Standard,4.53,83.0,Debit Card,Cancelled,,,False
91954302,491813,2024-07-20,Electronics,Bluetooth Speaker,2,152.42,0.0,304.84,0.0,Next-Day,25.15,329.99,Credit Card,Delivered,1.0,4.0,False
37626246,151519,2025-06-26,Toys,Remote Control Car,1,58.55,0.0,58.55,5.99,Standard,3.51,68.05,Apple Pay,Delivered,6.0,,True
36393550,515088,2025-12-29,Clothing,Hoodie,1,55.52,0.0,55.52,22.99,Next-Day,3.47,81.98,Credit Card,Processing,,,False
27939222,773663,2025-11-03,Home & Kitchen,Storage Bins,5,77.57,,349.06,0.0,Next-Day,13.96,363.02,Apple Pay,Delivered,1.0,5.0,False
20199429,654375,2025-09-10,Electronics,4K Monitor,4,145.72,0.0,582.88,0.0,Standard,36.43,619.31,Debit Card,Shipped,,,False
64676099,921402,2024-11-07,Electronics,Gaming Mouse,3,403.59,0.0,1210.77,0.0,Express,48.43,1259.2,Apple Pay,Delivered,2.0,,False
77736422,419662,2025-04-07,Toys,Plush Toy,1,20.9,0.0,20.9,5.99,Standard,1.72,28.61,Debit Card,Delivered,4.0,3.0,False
16604734,126546,2025-08-10,Beauty,Makeup Brush Set,5,18.8,0.0,94.0,0.0,Standard,8.34,102.34,Credit Card,Delivered,7.0,3.0,False
69735947,833249,2025-08-27,Sports & Outdoors,Yoga Mat,1,83.26,0.0,83.26,0.0,Standard,4.79,88.05,Credit Card,Cancelled,,,False
93764906,700634,2024-11-03,Sports & Outdoors,Water Bottle,1,247.7,5.0,235.31,0.0,Standard,15.3,250.61,Apple Pay,Delivered,4.0,4.0,False
70624274,504017,2024-09-22,Electronics,Gaming Mouse,2,144.8,0.0,289.6,0.0,Standard,13.76,303.36,PayPal,Delivered,7.0,4.0,False
42579350,328532,2024-05-31,Books,Science Textbook,5,19.57,0.0,97.85,0.0,Standard,8.07,105.92,Debit Card,Delivered,7.0,,False
99249793,152017,2025-01-14,Books,Poetry Collection,5,16.68,0.0,83.4,0.0,Standard,5.42,88.82,Debit Card,Processing,,,False
24365116,957570,2025-12-07,Sports & Outdoors,Resistance Bands,1,391.18,0.0,391.18,0.0,Standard,32.27,423.45,Debit Card,Delivered,5.0,3.0,False
76465591,104547,2025-11-02,Sports & Outdoors,Golf Balls (12-pack),1,139.68,5.0,132.7,0.0,Standard,10.95,143.65,Credit Card,Delivered,6.0,,False
86586124,440865,2024-09-27,Beauty,Shampoo & Conditioner Set,1,127.21,0.0,127.21,0.0,Express,11.29,138.5,Debit Card,Delivered,3.0,2.0,False
76532158,278745,2025-08-03,Home & Kitchen,Coffee Maker,5,110.86,0.0,554.3,0.0,Standard,49.19,603.49,Credit Card,Delivered,6.0,4.0,False
75178169,501401,2024-05-23,Electronics,4K Monitor,1,123.55,0.0,123.55,0.0,Standard,7.41,130.96,Debit Card,Returned,5.0,,False
61550400,862231,2024-10-06,Books,Fiction Novel,1,30.75,0.0,30.75,5.99,Standard,2.54,39.28,Debit Card,Delivered,7.0,2.0,True
20913508,329274,2024-02-21,Grocery,Granola Bars (12-pack),2,35.83,0.0,71.66,22.99,Next-Day,4.66,99.31,Credit Card,Delivered,1.0,,False
22557182,635222,2024-08-17,Home & Kitchen,Non-Stick Pan,1,145.03,0.0,145.03,0.0,Standard,8.7,153.73,Gift Card,Delivered,6.0,2.0,False
54080074,250854,2024-11-28,Home & Kitchen,Blender,4,207.54,0.0,830.16,0.0,Standard,51.88,882.04,Gift Card,Delivered,5.0,,False
15471585,779182,2025-08-19,Beauty,Nail Polish Set,2,41.74,0.0,83.48,0.0,Standard,3.97,87.45,Apple Pay,Delivered,7.0,2.0,False
56811878,278362,2024-01-26,Clothing,Hoodie,3,106.66,10.0,287.98,0.0,Standard,17.28,305.26,Credit Card,Delivered,6.0,,False
22129610,362674,2024-02-06,Grocery,Granola Bars (12-pack),1,29.61,0.0,29.61,5.99,Standard,1.85,37.45,Credit Card,Cancelled,,,False
82383457,437318,2025-03-12,Electronics,Bluetooth Speaker,1,314.94,0.0,314.94,0.0,Standard,20.47,335.41,Credit Card,Delivered,6.0,,False
41960255,678035,2025-06-08,Home & Kitchen,Air Fryer,2,145.54,10.0,261.97,0.0,Standard,16.37,278.34,Credit Card,Delivered,7.0,5.0,False
31507568,149433,2025-10-08,Electronics,Smartphone Case,1,346.51,0.0,346.51,0.0,Standard,10.05,356.56,Credit Card,Delivered,6.0,4.0,False
55883944,867788,2025-07-31,Electronics,Gaming Mouse,2,175.92,0.0,351.84,0.0,Standard,10.2,362.04,Debit Card,Delivered,6.0,3.0,False
79059667,504586,2024-10-22,Electronics,Smartphone Case,2,239.1,0.0,478.2,0.0,Standard,31.08,509.28,Apple Pay,Delivered,4.0,,False
72662799,161769,2024-08-06,Sports & Outdoors,Hiking Backpack,1,313.6,10.0,282.24,0.0,Standard,16.93,299.17,Debit Card,Delivered,6.0,5.0,False
78858809,142347,2025-12-17,Toys,Board Game,3,71.66,10.0,193.48,0.0,Express,15.96,209.44,Credit Card,Delivered,1.0,4.0,False
92665797,626883,2025-11-19,Electronics,Laptop Stand,1,181.26,5.0,172.2,0.0,Standard,9.64,181.84,PayPal,Shipped,,,False
21383650,489801,2025-08-11,Beauty,Body Lotion,2,87.2,0.0,174.4,0.0,Standard,10.9,185.3,Apple Pay,Delivered,6.0,,False
26983441,394867,2025-05-17,Clothing,Running Shoes,2,33.93,0.0,67.86,12.99,Express,3.22,84.07,Credit Card,Delivered,3.0,,False
47625510,751366,2024-12-21,Electronics,4K Monitor,1,151.91,0.0,151.91,0.0,Standard,13.48,165.39,Apple Pay,Cancelled,,,False
37843477,628668,2025-03-10,Books,Cookbook,4,14.91,0.0,59.64,5.99,Standard,3.58,69.21,PayPal,Shipped,,,False
87567807,227598,2024-02-26,Electronics,Smartwatch,2,126.58,10.0,227.84,0.0,Standard,9.11,236.95,Debit Card,Delivered,5.0,4.0,False
99553691,481010,2025-12-31,Toys,Puzzle (1000pc),1,35.71,10.0,32.14,12.99,Express,2.85,47.98,Credit Card,Shipped,,,False
97740351,871382,2024-08-02,Books,Poetry Collection,2,16.77,0.0,33.54,5.99,Standard,2.98,42.51,Apple Pay,Processing,,,False
61431162,150447,2025-10-28,Electronics,4K Monitor,1,68.93,0.0,68.93,22.99,Next-Day,3.86,95.78,Gift Card,Delivered,3.0,,False
22722538,278950,2024-07-26,Home & Kitchen,Non-Stick Pan,2,216.76,0.0,433.52,0.0,Standard,20.59,454.11,Apple Pay,Cancelled,,,False
45510712,221412,2025-02-25,Clothing,Women's Jeans,1,137.22,0.0,137.22,0.0,Standard,11.32,148.54,Apple Pay,Processing,,,False
31824166,779402,2024-10-23,Clothing,Denim Jacket,3,82.02,0.0,246.06,0.0,Express,15.38,261.44,Credit Card,Returned,2.0,,False
41695891,353168,2024-09-10,Electronics,Wireless Earbuds,1,239.36,0.0,239.36,0.0,Standard,14.96,254.32,Gift Card,Delivered,6.0,,False
97416561,936730,2025-09-30,Electronics,Portable Charger,1,250.62,25.0,187.97,0.0,Express,10.53,198.5,PayPal,Delivered,5.0,4.0,False
64015968,453806,2025-10-29,Sports & Outdoors,Dumbbell Set,1,76.61,5.0,72.78,22.99,Next-Day,4.73,100.5,Credit Card,Delivered,1.0,5.0,False
32504442,690831,2024-07-21,Books,Poetry Collection,1,10.99,15.0,9.34,5.99,Standard,0.56,15.89,Credit Card,Processing,,,False
40005547,968744,2024-09-11,Clothing,Summer Dress,1,64.39,15.0,54.73,5.99,Standard,4.52,65.24,Debit Card,Delivered,5.0,4.0,False
77615319,767655,2024-01-29,Clothing,Socks (3-pack),1,35.3,0.0,35.3,5.99,Standard,2.21,43.5,Debit Card,Delivered,6.0,,False
10885685,435649,2024-07-14,Beauty,Nail Polish Set,1,100.8,0.0,100.8,0.0,Standard,6.3,107.1,Credit Card,Delivered,5.0,5.0,False
57207571,614646,2024-03-02,Sports & Outdoors,Camping Tent,1,81.12,0.0,81.12,0.0,Standard,5.07,86.19,Credit Card,Returned,5.0,,False
55978077,721397,2025-08-25,Electronics,Gaming Mouse,3,267.97,0.0,803.91,0.0,Standard,46.22,850.13,Credit Card,Delivered,4.0,3.0,False
79422604,778853,2025-12-17,Clothing,Men's T-Shirt,1,66.47,0.0,66.47,5.99,Standard,3.72,76.18,Debit Card,Delivered,5.0,,False
41698085,777395,2024-05-05,Electronics,Noise Cancelling Headphones,1,151.94,10.0,136.75,0.0,Next-Day,8.89,145.64,PayPal,Delivered,1.0,,False
86089972,471843,2024-10-17,Home & Kitchen,Air Fryer,3,272.96,10.0,736.99,0.0,Standard,29.48,766.47,Credit Card,Delivered,5.0,,False
81125101,921341,2024-03-22,Clothing,Hoodie,1,32.67,0.0,32.67,5.99,Standard,2.04,40.7,Credit Card,Delivered,5.0,,False
19374062,750586,2024-06-02,Books,Mystery Thriller,1,43.76,,43.76,5.99,,2.73,52.48,Credit Card,Processing,,,True
46325724,562945,2024-08-24,Beauty,Body Lotion,1,66.84,0.0,66.84,5.99,Standard,4.01,76.84,Credit Card,Delivered,7.0,3.0,False
49001512,531607,2024-05-05,Beauty,Hair Dryer,2,25.97,0.0,51.94,5.99,Standard,2.08,60.01,Apple Pay,Delivered,6.0,2.0,False
84451471,579703,2025-12-30,Books,Self-Help Book,5,26.7,0.0,133.5,0.0,Express,8.01,141.51,Debit Card,Cancelled,,,False
42207490,781581,2024-08-18,Beauty,Body Lotion,2,53.06,0.0,106.12,0.0,Standard,5.94,112.06,Apple Pay,Delivered,6.0,5.0,False
42551076,921402,2025-11-09,Clothing,Winter Jacket,1,56.79,10.0,51.11,5.99,Standard,2.04,59.14,PayPal,Delivered,6.0,,True
52044665,328532,2025-12-30,Home & Kitchen,Cutlery Set,3,88.8,0.0,266.4,0.0,Standard,21.98,288.38,Credit Card,Shipped,,,False
17510666,142263,2024-08-21,Home & Kitchen,Coffee Maker,4,190.22,15.0,646.75,0.0,Express,53.36,700.11,Debit Card,Processing,,,False
47230706,642667,2024-09-06,Clothing,Denim Jacket,1,89.9,0.0,89.9,0.0,Next-Day,5.39,95.29,Credit Card,Delivered,1.0,3.0,False
81617480,784246,2025-11-22,Grocery,Granola Bars (12-pack),4,27.39,10.0,98.6,0.0,Standard,5.67,104.27,Debit Card,Shipped,,,False
66529292,353168,2024-11-05,Electronics,Noise Cancelling Headphones,1,151.99,0.0,151.99,0.0,Standard,9.5,161.49,Credit Card,Delivered,7.0,4.0,False
82999717,353168,2024-04-30,Books,Mystery Thriller,2,15.49,0.0,30.98,5.99,Standard,1.94,38.91,Credit Card,Processing,,,False
57786883,353168,2025-11-03,Sports & Outdoors,Hiking Backpack,2,290.5,0.0,581.0,0.0,Standard,36.31,617.31,Credit Card,Returned,7.0,,False
96230317,142347,2024-07-16,Grocery,Protein Powder,1,33.33,0.0,33.33,5.99,Standard,2.75,42.07,Debit Card,Delivered,5.0,2.0,False
17158847,150447,2025-12-26,Electronics,Laptop Stand,1,110.77,0.0,110.77,0.0,Standard,6.2,116.97,Credit Card,Delivered,8.0,2.0,False
76796967,531428,2025-12-16,Electronics,Smartwatch,1,260.74,5.0,247.7,0.0,Express,15.48,263.18,Debit Card,Delivered,3.0,,False
50663397,936730,2024-11-09,Books,Science Textbook,2,41.11,0.0,82.22,0.0,Standard,4.6,86.82,Credit Card,Delivered,6.0,5.0,False
30874908,845842,2025-02-15,Electronics,Laptop Stand,4,399.35,0.0,1597.4,0.0,Express,99.84,1697.24,Credit Card,Delivered,2.0,3.0,False
48593844,635222,2024-08-09,Clothing,Summer Dress,2,93.62,0.0,187.24,0.0,Standard,11.23,198.47,PayPal,Delivered,3.0,,False
77741665,945168,2025-03-27,Clothing,Winter Jacket,4,87.56,10.0,315.22,0.0,Next-Day,19.7,334.92,Debit Card,Delivered,1.0,3.0,False
79972556,965973,2024-04-18,Home & Kitchen,Cutlery Set,1,114.73,0.0,114.73,0.0,Express,10.18,124.91,Gift Card,Delivered,1.0,,False
91678458,834179,2024-10-24,Electronics,Smartwatch,1,358.43,0.0,358.43,0.0,Standard,21.51,379.94,PayPal,Delivered,5.0,4.0,False
90449272,504586,2024-08-17,Home & Kitchen,Throw Pillow,1,128.17,0.0,128.17,0.0,Standard,8.33,136.5,Credit Card,Delivered,5.0,4.0,False
96884474,594403,2024-12-27,Sports & Outdoors,Fishing Rod,1,100.25,30.0,70.17,22.99,Next-Day,5.79,98.95,Apple Pay,Delivered,1.0,,False
15670478,479646,2024-03-27,Home & Kitchen,Blender,1,82.16,0.0,82.16,0.0,Standard,6.78,88.94,Gift Card,Delivered,5.0,4.0,False
38717533,336331,2025-06-11,Electronics,Noise Cancelling Headphones,1,131.55,10.0,118.4,0.0,Standard,0.0,118.4,Debit Card,Delivered,6.0,,False
34782520,327694,2025-04-02,Electronics,USB-C Hub,1,243.24,0.0,243.24,0.0,Standard,11.55,254.79,Credit Card,Delivered,6.0,2.0,False
17800076,269434,2024-12-17,Clothing,Hoodie,1,42.2,20.0,33.76,5.99,Standard,2.03,41.78,Debit Card,Delivered,6.0,2.0,False
30144976,703269,2024-10-25,Sports & Outdoors,Water Bottle,2,83.06,0.0,166.12,0.0,Standard,14.74,180.86,Apple Pay,Cancelled,,,False
84550877,504017,2024-11-22,Sports & Outdoors,Water Bottle,4,116.7,10.0,420.12,0.0,Standard,19.96,440.08,PayPal,Shipped,,,False
54166834,412756,2024-06-14,Beauty,Perfume,1,43.8,0.0,43.8,5.99,Standard,2.74,52.53,Debit Card,Returned,6.0,,False
50004620,360610,2025-09-14,Clothing,Socks (3-pack),2,94.47,0.0,188.94,0.0,Express,5.48,194.42,Debit Card,Delivered,4.0,4.0,True
14433330,995308,2025-11-04,Clothing,Wool Sweater,1,49.53,0.0,49.53,5.99,Standard,3.1,58.62,Debit Card,Shipped,,,False
22603872,760624,2024-04-19,Books,Science Textbook,3,24.15,0.0,72.45,5.99,Standard,3.44,81.88,Gift Card,Delivered,7.0,,False
26022084,773663,2024-10-03,Books,Self-Help Book,1,26.04,0.0,26.04,5.99,Standard,1.04,33.07,Credit Card,Delivered,4.0,2.0,False
88375415,756144,2025-10-02,Clothing,Winter Jacket,1,143.89,0.0,143.89,0.0,Standard,8.06,151.95,PayPal,Delivered,7.0,3.0,False
99671911,681576,2024-11-17,Electronics,Noise Cancelling Headphones,1,68.03,10.0,61.23,5.99,Standard,3.83,71.05,Credit Card,Shipped,,,False
24891408,690831,2025-12-21,Electronics,Noise Cancelling Headphones,3,95.69,0.0,287.07,0.0,Standard,17.22,304.29,Credit Card,Delivered,5.0,,False
17846873,900550,2024-04-10,Clothing,Yoga Leggings,1,41.82,0.0,41.82,5.99,Standard,2.61,50.42,Debit Card,Delivered,4.0,5.0,False
95112171,357070,2024-03-23,Beauty,Shampoo & Conditioner Set,2,146.65,0.0,293.3,0.0,Express,26.03,319.33,PayPal,Delivered,1.0,4.0,False
73746108,527742,2024-06-21,Sports & Outdoors,Resistance Bands,3,148.42,0.0,445.26,0.0,Standard,39.52,484.78,Credit Card,Cancelled,,,False
39731752,736679,2024-12-24,Home & Kitchen,Storage Bins,3,145.37,0.0,436.11,0.0,Standard,17.44,453.55,Debit Card,Delivered,6.0,5.0,False
19228601,115886,2025-11-24,Home & Kitchen,Table Lamp,1,143.62,0.0,143.62,0.0,Standard,11.85,155.47,PayPal,Cancelled,,,False
96693988,161769,2024-11-09,Books,Mystery Thriller,1,40.36,0.0,40.36,5.99,Standard,2.42,48.77,Debit Card,Delivered,5.0,,False
19803593,510757,2024-07-17,Clothing,Hoodie,5,114.95,5.0,546.01,0.0,Standard,48.46,594.47,Credit Card,Shipped,,,False
95001833,113123,2024-12-25,Toys,Remote Control Car,1,88.72,5.0,84.28,0.0,Standard,4.85,89.13,Apple Pay,Delivered,4.0,,False
82079872,862525,2025-12-24,Beauty,Sunscreen SPF50,1,64.07,0.0,64.07,5.99,Standard,3.84,73.9,Apple Pay,Delivered,5.0,,False
89158509,653662,2025-10-10,Clothing,Men's T-Shirt,1,89.91,0.0,89.91,0.0,Standard,5.39,95.3,Credit Card,Delivered,9.0,3.0,False
21814268,161769,2025-03-17,Books,Cookbook,4,29.36,0.0,117.44,0.0,Standard,7.05,124.49,PayPal,Delivered,8.0,3.0,False
97369657,977660,2025-05-09,Electronics,Wireless Earbuds,2,63.61,0.0,127.22,0.0,Express,7.95,135.17,Credit Card,Delivered,3.0,,False
64043766,933473,2025-10-09,Electronics,Smartwatch,5,81.4,0.0,407.0,0.0,Express,25.44,432.44,Credit Card,Delivered,3.0,,True
33622305,867788,2025-05-09,Clothing,Winter Jacket,2,82.03,0.0,164.06,0.0,Standard,4.76,168.82,Credit Card,Delivered,6.0,3.0,False
38180531,484415,2024-03-01,Clothing,Men's T-Shirt,2,59.51,0.0,119.02,0.0,Standard,7.74,126.76,Credit Card,Delivered,5.0,,False
55072216,779182,2025-06-18,Beauty,Moisturizer,1,109.61,15.0,93.17,0.0,Standard,4.43,97.6,Debit Card,Cancelled,,,False
14900186,184650,2025-10-24,Home & Kitchen,Bed Sheets Set,2,30.28,0.0,60.56,5.99,Standard,3.63,70.18,Debit Card,Delivered,6.0,3.0,False
29835906,414532,2024-05-10,Books,Biography,4,25.3,0.0,101.2,0.0,Standard,8.35,109.55,PayPal,Delivered,7.0,3.0,False
68665825,251434,2024-12-13,Clothing,Winter Jacket,1,59.49,0.0,59.49,5.99,Standard,4.91,70.39,Credit Card,Processing,,,False
23440674,744297,2024-12-18,Electronics,Laptop Stand,3,127.87,10.0,345.25,0.0,Standard,21.58,366.83,Credit Card,Delivered,4.0,5.0,False
15402833,635222,2024-11-01,Clothing,Wool Sweater,1,36.81,5.0,34.97,5.99,Standard,2.1,43.06,PayPal,Delivered,8.0,3.0,False
46371468,642667,2025-05-17,Sports & Outdoors,Camping Tent,1,95.94,0.0,95.94,0.0,Standard,5.76,101.7,PayPal,Shipped,,,False
22519077,910706,2025-07-06,Electronics,Wireless Earbuds,2,112.49,0.0,224.98,0.0,Standard,13.5,238.48,Credit Card,Delivered,5.0,4.0,False
78594313,779182,2024-11-29,Electronics,Laptop Stand,1,197.49,0.0,197.49,0.0,Standard,9.38,206.87,Debit Card,Processing,,,False
83214558,991288,2025-08-05,Sports & Outdoors,Water Bottle,1,102.11,10.0,91.9,0.0,Standard,4.37,96.27,PayPal,Delivered,7.0,,False
60464813,666258,2024-12-24,Toys,Building Block Set,1,67.68,15.0,57.53,5.99,Standard,3.6,67.12,Credit Card,Processing,,,False
40593219,101688,2025-12-31,Clothing,Yoga Leggings,3,124.97,0.0,374.91,0.0,Standard,15.0,389.91,Credit Card,Shipped,,,False
93349357,950421,2024-11-12,Electronics,Gaming Mouse,1,319.14,0.0,319.14,0.0,Standard,19.95,339.09,Credit Card,Processing,,,False
48797848,101688,2025-10-24,Clothing,Women's Jeans,1,138.81,0.0,138.81,0.0,Standard,5.55,144.36,Credit Card,Processing,,,False
84688233,113123,2024-12-09,Toys,Puzzle (1000pc),1,29.6,10.0,26.64,12.99,Express,1.53,41.16,PayPal,Delivered,2.0,2.0,False
42913755,424543,2025-08-28,Home & Kitchen,Storage Bins,1,55.81,0.0,55.81,5.99,Standard,2.65,64.45,PayPal,Cancelled,,,False
34476424,957642,2024-11-28,Home & Kitchen,Vacuum Cleaner,2,245.97,0.0,491.94,0.0,Express,30.75,522.69,Debit Card,Shipped,,,False
34997915,957570,2025-02-26,Beauty,Perfume,1,58.9,0.0,58.9,5.99,Standard,4.86,69.75,Credit Card,Delivered,7.0,4.0,False
78777202,346636,2024-08-25,Grocery,Green Tea (Box),2,31.59,0.0,63.18,5.99,Standard,2.53,71.7,Gift Card,Delivered,4.0,,False
41790776,516800,2024-01-27,Beauty,Moisturizer,1,38.48,0.0,38.48,5.99,Standard,2.4,46.87,Debit Card,Delivered,6.0,2.0,False
20909690,754794,2024-10-03,Beauty,Sunscreen SPF50,1,42.05,0.0,42.05,12.99,Express,2.63,57.67,Credit Card,Delivered,2.0,5.0,False
94918268,352636,2024-10-12,Electronics,Smartwatch,4,389.41,0.0,1557.64,0.0,Standard,101.25,1658.89,Gift Card,Delivered,7.0,,False
23289305,236446,2024-03-30,Electronics,Smartwatch,1,247.06,15.0,210.0,0.0,Standard,12.6,222.6,Credit Card,Delivered,6.0,,True
85605344,301091,2024-09-22,Clothing,Yoga Leggings,1,62.63,15.0,53.24,22.99,Next-Day,0.0,76.23,Credit Card,Delivered,1.0,3.0,False
78011276,884309,2025-04-01,Toys,Building Block Set,1,39.23,0.0,39.23,5.99,Standard,1.86,47.08,PayPal,Processing,,,False
40063719,812713,2024-09-29,Electronics,Wireless Earbuds,4,53.6,0.0,214.4,0.0,Next-Day,8.58,222.98,Credit Card,Delivered,1.0,4.0,False
19568603,376515,2024-05-14,Electronics,Laptop Stand,3,312.07,0.0,936.21,0.0,Standard,56.17,992.38,Credit Card,Delivered,5.0,5.0,False
52046041,717805,2025-09-17,Clothing,Running Shoes,1,106.33,,106.33,0.0,Standard,5.95,112.28,Credit Card,Delivered,7.0,2.0,False
40643892,141729,2025-09-24,Sports & Outdoors,Jump Rope,1,85.42,0.0,85.42,0.0,Standard,3.42,88.84,Credit Card,Processing,,,False
12092597,778853,2025-06-21,Electronics,Gaming Mouse,3,191.68,0.0,575.04,0.0,Standard,32.2,607.24,Credit Card,Shipped,,,False
67245483,305669,2025-06-09,Books,Children's Picture Book,2,20.27,0.0,40.54,5.99,Standard,3.34,49.87,Debit Card,Delivered,5.0,4.0,False
20800420,853594,2024-08-26,Beauty,Makeup Brush Set,1,28.2,0.0,28.2,5.99,Standard,2.5,36.69,Credit Card,Returned,5.0,,False
29216354,642667,2024-11-16,Beauty,Body Lotion,1,90.72,25.0,68.04,12.99,Express,4.08,85.11,PayPal,Delivered,2.0,,False
99417940,433152,2025-02-16,Beauty,Nail Polish Set,1,65.0,5.0,61.75,5.99,Standard,3.86,71.6,Credit Card,Cancelled,,,False
45253771,933473,2025-06-12,Clothing,Socks (3-pack),1,146.45,0.0,146.45,0.0,Standard,9.15,155.6,PayPal,Cancelled,,,False
96561779,715861,2025-12-14,Home & Kitchen,Bed Sheets Set,1,160.77,5.0,152.73,0.0,Express,8.55,161.28,Debit Card,Delivered,3.0,4.0,False
75393702,106059,2025-09-03,Home & Kitchen,Bed Sheets Set,4,155.58,0.0,622.32,0.0,Express,51.34,673.66,Gift Card,Delivered,4.0,4.0,False
23641444,633917,2024-11-20,Electronics,Laptop Stand,1,334.12,10.0,300.71,0.0,Standard,24.81,325.52,Apple Pay,Delivered,6.0,,False
56846958,475610,2025-08-31,Sports & Outdoors,Golf Balls (12-pack),1,277.04,0.0,277.04,0.0,,16.62,293.66,Credit Card,Returned,5.0,,False
19939374,285598,2024-05-15,Electronics,Smartphone Case,2,162.8,0.0,325.6,0.0,Express,26.86,352.46,Debit Card,Delivered,3.0,5.0,False
47442943,859423,2024-12-27,Clothing,Women's Jeans,1,42.74,0.0,42.74,5.99,Standard,2.56,51.29,Debit Card,Shipped,,,False
62082022,414532,2024-12-31,Electronics,Smartphone Case,1,262.25,5.0,249.14,0.0,Next-Day,20.55,269.69,Apple Pay,Processing,,,False
33184105,865307,2024-11-25,Home & Kitchen,Cutlery Set,2,63.78,0.0,127.56,0.0,Standard,7.14,134.7,Debit Card,Delivered,5.0,,False
22896592,457298,2024-05-28,Home & Kitchen,Storage Bins,2,180.61,0.0,361.22,0.0,Standard,21.67,382.89,Debit Card,Delivered,5.0,,True
42867513,936730,2025-12-12,Beauty,Shampoo & Conditioner Set,1,117.61,0.0,117.61,0.0,Standard,6.59,124.2,PayPal,Delivered,7.0,,False
81376502,738327,2024-02-09,Home & Kitchen,Vacuum Cleaner,1,122.4,0.0,122.4,0.0,Standard,7.65,130.05,PayPal,Delivered,6.0,3.0,False
90288198,918807,2025-09-21,Clothing,Men's T-Shirt,2,14.25,10.0,25.65,5.99,Standard,1.03,32.67,Debit Card,Delivered,5.0,,True
64326264,832368,2025-04-10,Beauty,Sunscreen SPF50,3,28.13,0.0,84.39,0.0,Next-Day,6.96,91.35,Debit Card,Delivered,1.0,4.0,False
25818674,592240,2024-08-14,Beauty,Face Serum,1,93.01,0.0,93.01,0.0,Standard,5.21,98.22,PayPal,Delivered,5.0,4.0,False
31614362,455782,2024-08-02,Home & Kitchen,Storage Bins,1,192.24,0.0,192.24,0.0,Standard,12.02,204.26,Credit Card,Delivered,6.0,,False
84717398,506364,2025-12-26,Toys,Remote Control Car,1,30.14,10.0,27.13,5.99,Standard,1.76,34.88,Credit Card,Delivered,7.0,,False
43883314,105585,2024-12-31,Clothing,Winter Jacket,2,49.64,0.0,99.28,0.0,Standard,6.21,105.49,Debit Card,Delivered,5.0,3.0,False
96983000,777395,2025-05-21,Electronics,Smartphone Case,1,219.62,0.0,219.62,0.0,Standard,14.28,233.9,Credit Card,Delivered,5.0,4.0,False
49186711,540073,2025-04-18,Books,Biography,1,25.61,0.0,25.61,5.99,Standard,1.02,32.62,Debit Card,Delivered,7.0,2.0,False
46980449,471945,2024-02-08,Grocery,Organic Coffee Beans,1,7.21,0.0,7.21,12.99,Express,0.59,20.79,Credit Card,Shipped,,,False
59002290,981087,2024-11-17,Electronics,USB-C Hub,3,197.21,0.0,591.63,0.0,Standard,23.67,615.3,Credit Card,Returned,3.0,,False
45095217,635222,2024-12-05,Clothing,Summer Dress,2,71.98,0.0,143.96,0.0,Standard,8.64,152.6,Apple Pay,Delivered,5.0,,False
14656003,120400,2025-01-10,Home & Kitchen,Cutlery Set,1,229.94,0.0,229.94,0.0,Standard,13.8,243.74,PayPal,Delivered,6.0,2.0,False
98379858,150447,2024-11-18,Beauty,Moisturizer,1,30.41,0.0,30.41,12.99,Express,1.7,45.1,Apple Pay,Delivered,2.0,,False
57099233,620065,2025-10-15,Home & Kitchen,Cutlery Set,2,193.09,0.0,386.18,0.0,Standard,23.17,409.35,PayPal,Cancelled,,,False
35463198,409624,2024-04-11,Clothing,Yoga Leggings,2,28.78,0.0,57.56,5.99,Standard,3.45,67.0,PayPal,Delivered,5.0,5.0,False
40333042,167072,2025-05-24,Grocery,Organic Coffee Beans,5,23.0,0.0,115.0,0.0,Standard,10.21,125.21,Apple Pay,Delivered,6.0,,False
17225670,635222,2025-06-02,Electronics,Portable Charger,1,137.8,0.0,137.8,0.0,Standard,8.27,146.07,PayPal,Delivered,6.0,5.0,False
69461031,616728,2025-12-12,Clothing,Wool Sweater,2,93.9,0.0,187.8,0.0,Standard,5.45,193.25,Credit Card,Delivered,8.0,4.0,False
57676804,924197,2024-11-20,Beauty,Hair Dryer,1,55.6,0.0,55.6,5.99,Standard,1.61,63.2,Credit Card,Returned,7.0,,False
63290324,544582,2024-12-11,Clothing,Socks (3-pack),1,134.32,0.0,134.32,0.0,Next-Day,11.08,145.4,Credit Card,Delivered,1.0,,False
77608053,948424,2025-03-09,Grocery,Granola Bars (12-pack),1,25.3,10.0,22.77,22.99,Next-Day,2.02,47.78,Debit Card,Shipped,,,False
69935853,766443,2025-09-26,Toys,Board Game,1,48.1,0.0,48.1,22.99,Next-Day,3.97,75.06,Credit Card,Delivered,1.0,,False
81609827,562945,2024-09-17,Electronics,USB-C Hub,3,261.76,0.0,785.28,0.0,Standard,47.12,832.4,Credit Card,Processing,,,False
59477263,912391,2024-12-12,Sports & Outdoors,Fishing Rod,1,72.78,10.0,65.5,5.99,Standard,4.09,75.58,Apple Pay,Delivered,7.0,,False
77498786,884309,2024-07-24,Clothing,Running Shoes,1,53.65,0.0,53.65,12.99,Express,2.55,69.19,PayPal,Delivered,2.0,4.0,False
16130620,567801,2025-12-25,Sports & Outdoors,Camping Tent,2,239.16,5.0,454.4,0.0,Standard,37.49,491.89,PayPal,Delivered,4.0,,False
99258394,901983,2025-11-15,Electronics,Noise Cancelling Headphones,2,90.84,0.0,181.68,0.0,Express,11.36,193.04,PayPal,Delivered,6.0,,False
76366921,376515,2025-11-01,Clothing,Women's Jeans,4,59.0,5.0,224.2,0.0,Standard,13.45,237.65,Credit Card,Delivered,6.0,,False
95117101,531428,2024-06-27,Electronics,Noise Cancelling Headphones,1,152.97,15.0,130.02,0.0,Standard,8.13,138.15,Debit Card,Delivered,5.0,,False
76362171,424543,2024-11-15,Home & Kitchen,Cutlery Set,1,102.89,30.0,72.02,5.99,Standard,3.42,81.43,Debit Card,Delivered,2.0,,False
51982139,627699,2024-05-09,Sports & Outdoors,Hiking Backpack,1,226.61,0.0,226.61,0.0,Standard,12.69,239.3,Gift Card,Cancelled,,,False
63794430,357070,2024-11-04,Books,Mystery Thriller,2,21.14,0.0,42.28,12.99,Express,3.75,59.02,Credit Card,Delivered,4.0,,False
53740517,354993,2025-03-25,Sports & Outdoors,Dumbbell Set,2,129.03,0.0,258.06,0.0,Standard,15.48,273.54,Debit Card,Delivered,6.0,,False
51958105,165217,2024-09-30,Electronics,USB-C Hub,1,114.18,0.0,114.18,0.0,Express,6.57,120.75,PayPal,Delivered,2.0,3.0,False
68769215,181268,2025-10-20,Clothing,Running Shoes,1,41.61,0.0,41.61,22.99,Next-Day,2.6,67.2,Credit Card,Delivered,1.0,4.0,False
61842214,910706,2024-04-13,Sports & Outdoors,Water Bottle,2,248.6,5.0,472.34,0.0,Standard,28.34,500.68,Debit Card,Shipped,,,False
53212762,142347,2025-11-04,Clothing,Yoga Leggings,3,95.47,0.0,286.41,0.0,Standard,23.63,310.04,Credit Card,Delivered,6.0,3.0,False
11013747,981087,2025-01-17,Grocery,Granola Bars (12-pack),2,11.44,0.0,22.88,5.99,Standard,0.92,29.79,Apple Pay,Returned,6.0,,False
35947657,736679,2024-01-28,Beauty,Makeup Brush Set,1,40.43,0.0,40.43,5.99,Standard,1.62,48.04,Debit Card,Processing,,,False
37240484,816060,2024-12-31,Electronics,Laptop Stand,1,266.36,5.0,253.04,0.0,Express,15.81,268.85,PayPal,Processing,,,False
70911311,968744,2025-03-06,Electronics,4K Monitor,2,202.52,0.0,405.04,0.0,Standard,33.42,438.46,PayPal,Delivered,4.0,4.0,False
67401617,211282,2024-11-28,Books,Poetry Collection,2,30.12,0.0,60.24,5.99,Standard,0.0,66.23,Debit Card,Delivered,6.0,,False
75367625,381705,2024-11-04,Clothing,Hoodie,3,91.61,10.0,247.35,0.0,Standard,20.41,267.76,PayPal,Delivered,4.0,3.0,False
54671723,360610,2024-11-17,Grocery,Organic Coffee Beans,2,18.66,5.0,35.45,5.99,Standard,1.03,42.47,Credit Card,Delivered,4.0,,False
50688858,958338,2025-08-19,Electronics,Bluetooth Speaker,2,136.88,0.0,273.76,0.0,Express,17.11,290.87,Credit Card,Shipped,,,True
20413530,912391,2025-02-27,Clothing,Yoga Leggings,3,62.69,0.0,188.07,0.0,Standard,11.75,199.82,Apple Pay,Delivered,5.0,4.0,False
83642120,275133,2024-04-16,Home & Kitchen,Table Lamp,4,90.91,0.0,363.64,0.0,Next-Day,22.73,386.37,Apple Pay,Returned,1.0,,False
10695559,397949,2025-08-16,Clothing,Running Shoes,1,58.81,0.0,58.81,12.99,Express,3.53,75.33,Debit Card,Delivered,2.0,3.0,False
62492541,183571,2024-12-02,Grocery,Protein Powder,2,19.19,0.0,38.38,5.99,Standard,2.3,46.67,PayPal,Delivered,7.0,,False
24888708,106059,2024-07-30,Home & Kitchen,Air Fryer,3,181.62,0.0,544.86,0.0,Next-Day,44.95,589.81,Debit Card,Cancelled,,,False
86184443,911575,2024-09-27,Home & Kitchen,Non-Stick Pan,2,219.81,0.0,439.62,0.0,Standard,17.58,457.2,Credit Card,Processing,,,False
69012827,635222,2024-09-02,Home & Kitchen,Vacuum Cleaner,1,134.03,0.0,134.03,0.0,Standard,8.04,142.07,Credit Card,Cancelled,,,False
87383616,911910,2024-11-17,Electronics,Bluetooth Speaker,1,272.74,0.0,272.74,0.0,,17.73,290.47,Apple Pay,Delivered,7.0,,False
41138062,521111,2025-02-26,Clothing,Denim Jacket,4,116.55,0.0,466.2,0.0,Standard,27.97,494.17,PayPal,Delivered,5.0,2.0,False
66436807,950096,2024-12-09,Beauty,Face Serum,1,132.44,0.0,132.44,0.0,Standard,10.93,143.37,PayPal,Delivered,5.0,,False
50918687,839134,2024-08-04,Books,Biography,1,19.34,25.0,14.5,12.99,Express,0.83,28.32,PayPal,Delivered,2.0,,False
61833375,760624,2024-12-31,Electronics,Wireless Earbuds,1,89.87,0.0,89.87,0.0,Standard,4.27,94.14,PayPal,Delivered,6.0,,False
33392829,936730,2025-11-30,Clothing,Hoodie,2,62.17,5.0,118.12,0.0,Standard,6.61,124.73,Apple Pay,Delivered,4.0,,False
43643911,965004,2025-11-24,Electronics,USB-C Hub,4,57.25,0.0,229.0,0.0,Express,14.31,243.31,Credit Card,Delivered,1.0,3.0,False
58679358,991288,2024-01-15,Clothing,Hoodie,3,42.53,0.0,127.59,0.0,Standard,6.06,133.65,Credit Card,Delivered,4.0,3.0,False
16139863,592307,2024-08-06,Home & Kitchen,Storage Bins,1,184.29,0.0,184.29,0.0,Standard,15.2,199.49,Apple Pay,Delivered,6.0,4.0,False
69234465,512461,2024-11-08,Home & Kitchen,Table Lamp,4,56.4,15.0,191.76,0.0,Express,15.82,207.58,Apple Pay,Returned,3.0,,False
21220074,562945,2025-12-18,Sports & Outdoors,Golf Balls (12-pack),3,203.97,10.0,550.72,0.0,Standard,33.04,583.76,Credit Card,Delivered,5.0,,True
89397283,858722,2025-12-06,Beauty,Moisturizer,1,100.08,5.0,95.08,0.0,Standard,5.94,101.02,Credit Card,Shipped,,,False
90696163,715861,2024-01-04,Clothing,Wool Sweater,1,59.01,0.0,59.01,12.99,Express,3.3,75.3,PayPal,Shipped,,,False
78710073,150555,2025-08-26,Clothing,Running Shoes,1,57.78,0.0,57.78,5.99,Standard,3.32,67.09,Debit Card,Delivered,4.0,,False
19044688,525664,2025-11-12,Electronics,USB-C Hub,2,57.1,0.0,114.2,0.0,,4.57,118.77,PayPal,Processing,,,True
79966518,668093,2024-05-09,Sports & Outdoors,Fishing Rod,2,229.74,15.0,390.56,0.0,Standard,24.41,414.97,PayPal,Delivered,6.0,,False
10945180,276171,2024-06-06,Electronics,Bluetooth Speaker,1,382.4,0.0,382.4,0.0,Express,22.94,405.34,Credit Card,Cancelled,,,False
16815539,847482,2025-11-01,Electronics,Bluetooth Speaker,1,107.15,5.0,101.79,0.0,Express,5.7,107.49,Apple Pay,Delivered,1.0,4.0,False
68571137,614646,2024-08-22,Clothing,Winter Jacket,3,50.97,0.0,152.91,0.0,Standard,9.56,162.47,Credit Card,Delivered,4.0,,False
69250262,510987,2024-11-07,Books,Fiction Novel,3,26.12,10.0,70.52,5.99,Standard,5.82,82.33,PayPal,Delivered,7.0,4.0,False
84202792,991288,2025-06-08,Clothing,Women's Jeans,1,67.21,0.0,67.21,5.99,Standard,3.19,76.39,Debit Card,Delivered,5.0,2.0,False
48062607,968744,2025-09-05,Electronics,4K Monitor,2,271.61,20.0,434.58,0.0,Standard,35.85,470.43,Credit Card,Delivered,8.0,4.0,False
72876969,101688,2025-04-03,Grocery,Protein Powder,1,14.41,0.0,14.41,12.99,Express,0.58,27.98,Credit Card,Cancelled,,,False
68373721,549361,2025-02-02,Home & Kitchen,Vacuum Cleaner,3,165.83,0.0,497.49,0.0,Standard,29.85,527.34,Credit Card,Delivered,6.0,3.0,False
68749491,753483,2025-05-13,Clothing,Women's Jeans,1,61.42,0.0,61.42,22.99,Next-Day,3.99,88.4,Debit Card,Delivered,2.0,,False
20355793,409228,2025-04-15,Clothing,Running Shoes,1,35.84,0.0,35.84,5.99,Standard,1.43,43.26,Credit Card,Processing,,,False
38064733,961935,2024-11-08,Beauty,Nail Polish Set,3,87.69,0.0,263.07,0.0,Standard,15.78,278.85,PayPal,Returned,6.0,,False
36054101,251262,2024-01-26,Home & Kitchen,Vacuum Cleaner,1,221.33,0.0,221.33,0.0,Standard,12.39,233.72,Credit Card,Processing,,,True
30339804,806515,2025-12-10,Beauty,Shampoo & Conditioner Set,1,26.57,0.0,26.57,12.99,Express,1.06,40.62,Debit Card,Delivered,2.0,,False
19223318,360610,2024-08-05,Electronics,Smartphone Case,1,99.88,0.0,99.88,0.0,Express,2.9,102.78,Credit Card,Returned,1.0,,False
19554770,206781,2024-10-26,Beauty,Moisturizer,1,57.29,0.0,57.29,12.99,Express,3.21,73.49,Apple Pay,Returned,1.0,,False
39592251,768390,2025-12-31,Sports & Outdoors,Golf Balls (12-pack),2,116.85,0.0,233.7,0.0,Standard,13.09,246.79,Credit Card,Cancelled,,,False
12373564,280698,2024-05-25,Electronics,USB-C Hub,1,138.57,0.0,138.57,0.0,Next-Day,6.58,145.15,Credit Card,Delivered,2.0,4.0,False
72489168,137895,2024-12-12,Electronics,Wireless Earbuds,2,161.68,15.0,274.86,0.0,Express,10.99,285.85,Credit Card,Delivered,1.0,3.0,False
18264414,481010,2025-10-05,Electronics,Bluetooth Speaker,1,261.69,0.0,261.69,0.0,Standard,23.22,284.91,Apple Pay,Shipped,,,True
91130393,678035,2025-07-10,Toys,Board Game,1,56.28,0.0,56.28,5.99,Standard,3.52,65.79,Credit Card,Delivered,6.0,5.0,False
27178329,919601,2025-10-11,Grocery,Organic Coffee Beans,1,16.54,0.0,16.54,12.99,Express,1.47,31.0,Credit Card,Delivered,1.0,4.0,False
93341377,621129,2024-12-25,Electronics,Smartphone Case,1,197.88,0.0,197.88,0.0,Next-Day,9.4,207.28,Debit Card,Delivered,2.0,,False
86528471,789354,2024-03-12,Clothing,Wool Sweater,2,30.16,0.0,60.32,5.99,Standard,2.87,69.18,Debit Card,Delivered,8.0,,False
95023249,181571,2025-04-14,Books,Cookbook,1,17.99,0.0,17.99,5.99,Standard,1.01,24.99,Credit Card,Cancelled,,,True
37069913,269842,2025-08-15,Books,Children's Picture Book,2,16.32,0.0,32.64,5.99,Standard,1.96,40.59,PayPal,Delivered,3.0,3.0,False
44974309,440795,2025-12-04,Toys,Remote Control Car,1,38.66,20.0,30.93,12.99,Express,1.93,45.85,Debit Card,Processing,,,False
89624077,633917,2025-09-24,Home & Kitchen,Vacuum Cleaner,2,260.18,15.0,442.31,0.0,Standard,36.49,478.8,PayPal,Delivered,6.0,5.0,False
77991730,660209,2024-08-13,Home & Kitchen,Vacuum Cleaner,2,59.54,0.0,119.08,0.0,Express,9.82,128.9,Credit Card,Delivered,2.0,,False
84246986,957642,2024-08-19,Home & Kitchen,Table Lamp,1,123.91,0.0,123.91,0.0,Standard,7.74,131.65,Apple Pay,Delivered,6.0,,False
28386027,958338,2024-03-05,Clothing,Denim Jacket,1,28.26,0.0,28.26,22.99,Next-Day,1.77,53.02,Credit Card,Cancelled,,,False
52939183,262277,2025-01-09,Electronics,Smartwatch,1,139.71,0.0,139.71,0.0,Standard,9.08,148.79,Apple Pay,Delivered,7.0,,False
31166779,594403,2024-11-15,Beauty,Makeup Brush Set,3,26.95,0.0,80.85,0.0,Standard,6.67,87.52,Credit Card,Cancelled,,,False
54437487,866450,2024-07-09,Home & Kitchen,Air Fryer,2,268.78,0.0,537.56,0.0,Standard,33.6,571.16,Credit Card,Delivered,5.0,,False
64298434,262277,2025-08-26,Electronics,Smartwatch,1,292.16,0.0,292.16,0.0,Standard,18.99,311.15,PayPal,Delivered,6.0,,False
28817937,178518,2025-12-27,Home & Kitchen,Coffee Maker,1,138.82,10.0,124.94,0.0,Standard,7.18,132.12,Debit Card,Shipped,,,False
17980816,869221,2025-12-07,Home & Kitchen,Storage Bins,1,77.21,15.0,65.63,12.99,Express,4.27,82.89,PayPal,Delivered,1.0,,False
49251284,192141,2025-03-05,Toys,Building Block Set,1,71.21,10.0,64.09,5.99,Standard,4.01,74.09,Credit Card,Processing,,,False
70086715,150447,2024-12-03,Toys,Board Game,2,12.98,0.0,25.96,5.99,Standard,1.45,33.4,Credit Card,Delivered,2.0,4.0,False
74399961,414522,2024-12-16,Home & Kitchen,Throw Pillow,1,105.26,0.0,105.26,0.0,Standard,6.05,111.31,Credit Card,Delivered,5.0,,False
21396184,867788,2025-08-23,Clothing,Men's T-Shirt,3,75.64,0.0,226.92,0.0,Standard,6.58,233.5,PayPal,Delivered,6.0,4.0,False
22343540,632607,2024-12-14,Electronics,Bluetooth Speaker,1,279.31,5.0,265.34,0.0,Standard,23.55,288.89,Credit Card,Delivered,5.0,,False
57805951,181525,2024-06-24,Electronics,USB-C Hub,1,253.11,0.0,253.11,0.0,Express,15.19,268.3,Apple Pay,Shipped,,,False
21179826,867788,2025-12-25,Beauty,Nail Polish Set,1,61.97,0.0,61.97,12.99,Express,1.8,76.76,PayPal,Delivered,3.0,3.0,False
60224667,440630,2024-07-26,Sports & Outdoors,Dumbbell Set,1,210.14,0.0,210.14,0.0,Standard,12.61,222.75,Credit Card,Delivered,7.0,,False
95980358,951659,2025-11-23,Electronics,Laptop Stand,1,350.01,0.0,350.01,0.0,Standard,21.88,371.89,PayPal,Delivered,6.0,4.0,False
68955929,342503,2024-03-04,Toys,Remote Control Car,2,63.49,10.0,114.28,0.0,Express,5.43,119.71,Credit Card,Delivered,2.0,4.0,False
52913740,280698,2025-11-11,Grocery,Snack Variety Pack,3,48.0,20.0,115.2,0.0,Standard,5.47,120.67,Credit Card,Delivered,5.0,4.0,False
29543964,319615,2025-08-27,Sports & Outdoors,Bicycle Helmet,1,79.34,5.0,75.37,0.0,Standard,4.52,79.89,Credit Card,Delivered,4.0,5.0,True
73778005,919830,2024-11-01,Clothing,Summer Dress,4,55.19,0.0,220.76,0.0,Express,13.8,234.56,Apple Pay,Delivered,2.0,,False
64102362,859253,2024-09-30,Clothing,Denim Jacket,1,110.29,0.0,110.29,0.0,Express,6.89,117.18,Credit Card,Delivered,4.0,,False
54853083,516875,2025-03-13,Books,Mystery Thriller,3,33.62,0.0,100.86,0.0,Standard,8.95,109.81,Apple Pay,Delivered,7.0,3.0,False
92981825,656919,2024-11-02,Electronics,Wireless Earbuds,1,29.74,5.0,28.25,5.99,Standard,1.77,36.01,Credit Card,Delivered,5.0,,False
31908699,165217,2025-03-08,Sports & Outdoors,Golf Balls (12-pack),3,172.11,25.0,387.25,0.0,,22.27,409.52,Gift Card,Delivered,4.0,4.0,False
68005166,262277,2024-06-19,Beauty,Lipstick,3,33.54,0.0,100.62,0.0,Standard,6.54,107.16,Credit Card,Delivered,6.0,,True
75778446,153940,2024-07-10,Electronics,Noise Cancelling Headphones,1,31.17,0.0,31.17,5.99,Standard,1.48,38.64,Debit Card,Delivered,6.0,,False
47579002,957642,2025-11-10,Electronics,4K Monitor,3,121.04,0.0,363.12,0.0,Standard,22.7,385.82,Debit Card,Delivered,4.0,,False
21216785,579703,2025-11-12,Clothing,Winter Jacket,1,43.16,0.0,43.16,5.99,Standard,2.59,51.74,PayPal,Delivered,6.0,,False
48222815,827295,2024-12-19,Beauty,Sunscreen SPF50,2,48.86,0.0,97.72,0.0,Standard,6.11,103.83,Debit Card,Delivered,6.0,4.0,False
66183150,768390,2024-04-10,Sports & Outdoors,Fishing Rod,1,138.29,20.0,110.63,0.0,Standard,6.2,116.83,PayPal,Delivered,4.0,,False
89120488,409624,2025-05-11,Books,Biography,2,14.84,0.0,29.68,5.99,Standard,1.78,37.45,PayPal,Shipped,,,False
70735167,744297,2024-02-24,Beauty,Lipstick,3,56.99,25.0,128.23,0.0,Next-Day,8.01,136.24,Credit Card,Processing,,,False
58566816,715861,2024-07-16,Home & Kitchen,Blender,1,189.47,0.0,189.47,0.0,Standard,10.61,200.08,Debit Card,Delivered,6.0,,False
90509833,312414,2024-01-25,Electronics,USB-C Hub,5,205.66,0.0,1028.3,0.0,Express,91.26,1119.56,PayPal,Cancelled,,,True
96120410,335153,2024-02-08,Clothing,Men's T-Shirt,1,93.89,0.0,93.89,0.0,Next-Day,5.26,99.15,Credit Card,Delivered,1.0,5.0,False
51783111,289311,2025-05-15,Home & Kitchen,Storage Bins,2,118.57,25.0,177.85,0.0,Express,0.0,177.85,Debit Card,Returned,1.0,,True
78292557,968744,2025-12-03,Electronics,Noise Cancelling Headphones,1,207.81,0.0,207.81,0.0,Standard,17.14,224.95,Credit Card,Delivered,6.0,,False
12885745,958338,2025-09-24,Grocery,Olive Oil,3,20.06,0.0,60.18,12.99,Express,3.76,76.93,Credit Card,Delivered,4.0,,False
18863073,565158,2025-09-18,Sports & Outdoors,Dumbbell Set,1,101.75,0.0,101.75,0.0,Express,6.61,108.36,Debit Card,Delivered,2.0,2.0,False
74912041,781209,2024-11-23,Electronics,Wireless Earbuds,1,209.87,0.0,209.87,0.0,Express,9.97,219.84,Credit Card,Delivered,2.0,,False
10130662,313802,2024-06-18,Electronics,Wireless Earbuds,3,81.91,0.0,245.73,0.0,Standard,0.0,245.73,Gift Card,Delivered,5.0,,False
18842081,813261,2025-11-20,Beauty,Body Lotion,3,12.95,0.0,38.85,5.99,Standard,2.33,47.17,Debit Card,Delivered,4.0,4.0,False
66812821,867788,2024-06-30,Toys,Doll House,2,85.75,0.0,171.5,0.0,Express,4.97,176.47,Credit Card,Delivered,2.0,,False
42204919,156042,2024-03-20,Toys,Board Game,3,83.15,0.0,249.45,0.0,Express,15.59,265.04,Credit Card,Delivered,3.0,3.0,False
83647215,486914,2025-11-20,Clothing,Wool Sweater,1,40.79,0.0,40.79,5.99,Standard,2.55,49.33,Credit Card,Delivered,6.0,,False
21165859,896619,2024-12-11,Sports & Outdoors,Water Bottle,2,124.56,5.0,236.66,0.0,Standard,11.24,247.9,Debit Card,Delivered,6.0,5.0,True
95882872,223412,2024-09-10,Home & Kitchen,Non-Stick Pan,1,203.18,0.0,203.18,0.0,Standard,12.7,215.88,PayPal,Delivered,7.0,,False
15820205,760624,2024-04-30,Home & Kitchen,Bed Sheets Set,4,103.37,0.0,413.48,0.0,Standard,19.64,433.12,Credit Card,Delivered,4.0,5.0,False
56372746,356668,2024-03-12,Clothing,Denim Jacket,1,29.76,0.0,29.76,5.99,Standard,1.86,37.61,Debit Card,Delivered,6.0,2.0,False
59841860,816376,2024-03-14,Electronics,Noise Cancelling Headphones,2,90.15,0.0,180.3,0.0,Express,5.23,185.53,Credit Card,Shipped,,,False
69425738,131665,2025-08-04,Toys,Action Figure,1,70.2,0.0,70.2,12.99,Express,4.39,87.58,Credit Card,Delivered,3.0,4.0,False
80801401,176521,2025-06-06,Beauty,Lipstick,1,14.59,0.0,14.59,12.99,Express,0.95,28.53,Credit Card,Delivered,4.0,,False
64928770,381632,2024-05-12,Beauty,Lipstick,3,78.38,0.0,235.14,0.0,Express,13.17,248.31,Apple Pay,Delivered,1.0,4.0,False
31925285,991288,2024-12-27,Books,Children's Picture Book,5,11.52,0.0,57.6,5.99,Standard,2.74,66.33,Gift Card,Processing,,,False
68833606,332762,2025-09-23,Electronics,Portable Charger,1,353.3,0.0,353.3,0.0,Standard,21.2,374.5,Credit Card,Delivered,6.0,,False
87433348,742559,2025-11-04,Books,Biography,1,12.52,0.0,12.52,5.99,Standard,0.78,19.29,Debit Card,Delivered,5.0,3.0,False
21912786,165878,2024-08-10,Beauty,Perfume,2,114.4,5.0,217.36,0.0,Standard,8.69,226.05,PayPal,Delivered,6.0,2.0,False
40550532,385804,2025-12-19,Home & Kitchen,Coffee Maker,1,79.73,0.0,79.73,0.0,Standard,0.0,79.73,PayPal,Delivered,5.0,,False
13113098,547839,2025-08-18,Grocery,Olive Oil,1,39.25,0.0,39.25,5.99,Standard,2.26,47.5,Debit Card,Cancelled,,,False
96240974,525664,2024-05-18,Grocery,Organic Coffee Beans,4,17.21,5.0,65.4,5.99,Standard,2.62,74.01,Debit Card,Delivered,5.0,,False
55555234,356668,2024-12-28,Toys,Art & Craft Kit,3,55.52,15.0,141.58,0.0,Standard,8.85,150.43,Apple Pay,Delivered,5.0,3.0,False
48961190,745835,2024-09-08,Beauty,Nail Polish Set,1,77.73,0.0,77.73,0.0,Standard,6.41,84.14,PayPal,Delivered,6.0,,False
35141348,883545,2025-11-20,Electronics,Bluetooth Speaker,1,158.66,0.0,158.66,0.0,Standard,0.0,158.66,Credit Card,Delivered,9.0,,False
46454691,869221,2025-02-22,Electronics,Laptop Stand,2,103.44,0.0,206.88,0.0,Standard,13.45,220.33,Credit Card,Delivered,5.0,,False
84597245,153957,2025-09-07,Toys,Board Game,3,27.43,0.0,82.29,0.0,Standard,4.94,87.23,Credit Card,Delivered,6.0,1.0,False
58942843,262277,2024-07-29,Home & Kitchen,Blender,1,232.55,0.0,232.55,0.0,Standard,15.12,247.67,Gift Card,Delivered,5.0,,False
66058865,262277,2024-11-30,Electronics,Bluetooth Speaker,2,166.65,0.0,333.3,0.0,Standard,21.66,354.96,PayPal,Delivered,5.0,,False
73476129,355438,2024-11-16,Clothing,Running Shoes,3,94.55,0.0,283.65,0.0,Standard,17.02,300.67,Apple Pay,Delivered,6.0,4.0,False
40657409,220192,2024-12-09,Beauty,Body Lotion,1,53.81,5.0,51.12,12.99,Express,3.07,67.18,Gift Card,Cancelled,,,False
58437077,606888,2024-08-06,Clothing,Summer Dress,1,51.03,0.0,51.03,22.99,Next-Day,3.19,77.21,Credit Card,Delivered,1.0,,True
11512650,620065,2024-06-15,Home & Kitchen,Non-Stick Pan,1,191.1,0.0,191.1,0.0,Express,11.47,202.57,Debit Card,Delivered,2.0,,False
65502572,839134,2025-03-27,Electronics,USB-C Hub,1,155.08,0.0,155.08,0.0,Express,8.92,164.0,PayPal,Delivered,2.0,,False
80883134,357070,2025-06-14,Sports & Outdoors,Camping Tent,2,314.24,0.0,628.48,0.0,Standard,55.78,684.26,Apple Pay,Delivered,6.0,5.0,False
28816294,267090,2024-08-29,Beauty,Perfume,2,105.76,0.0,211.52,0.0,Standard,13.75,225.27,Credit Card,Processing,,,False
40075531,151519,2025-05-06,Home & Kitchen,Coffee Maker,3,152.39,0.0,457.17,0.0,Standard,27.43,484.6,Credit Card,Delivered,7.0,4.0,False
70133191,936730,2025-11-11,Books,Biography,1,22.11,0.0,22.11,22.99,Next-Day,1.24,46.34,Credit Card,Cancelled,,,False
22717601,261815,2025-12-13,Books,Cookbook,1,14.3,0.0,14.3,5.99,Standard,0.89,21.18,Gift Card,Delivered,5.0,4.0,False
88165119,368754,2025-10-15,Clothing,Running Shoes,2,76.51,0.0,153.02,0.0,Standard,9.95,162.97,PayPal,Delivered,6.0,,False
84713868,767655,2025-11-22,Sports & Outdoors,Resistance Bands,1,124.22,10.0,111.8,0.0,Express,6.99,118.79,PayPal,Delivered,3.0,5.0,False
71409108,447566,2025-09-20,Books,Poetry Collection,2,19.6,5.0,37.24,5.99,Standard,1.08,44.31,Debit Card,Delivered,7.0,,False
33719728,896180,2024-08-13,Electronics,Gaming Mouse,4,289.27,25.0,867.81,0.0,Standard,77.02,944.83,Apple Pay,Cancelled,,,False
13012406,751366,2024-12-29,Home & Kitchen,Non-Stick Pan,1,168.49,30.0,117.94,0.0,Express,10.47,128.41,Credit Card,Shipped,,,False
79162544,562945,2025-01-13,Electronics,Portable Charger,5,136.39,0.0,681.95,0.0,Express,40.92,722.87,Credit Card,Delivered,2.0,,False
39951123,409624,2025-11-08,Home & Kitchen,Blender,1,127.83,0.0,127.83,0.0,Next-Day,7.67,135.5,Credit Card,Delivered,1.0,4.0,False
96712419,373069,2024-05-30,Clothing,Socks (3-pack),3,114.54,0.0,343.62,0.0,Express,21.48,365.1,Credit Card,Delivered,5.0,3.0,False
81248043,815076,2024-07-22,Sports & Outdoors,Camping Tent,1,106.34,0.0,106.34,0.0,Express,6.65,112.99,PayPal,Delivered,3.0,4.0,False
31329725,223412,2024-12-21,Beauty,Body Lotion,1,53.18,0.0,53.18,5.99,Standard,3.32,62.49,Apple Pay,Delivered,5.0,4.0,False
53239807,878904,2025-10-08,Grocery,Granola Bars (12-pack),2,20.2,0.0,40.4,12.99,Express,2.52,55.91,PayPal,Delivered,2.0,2.0,False
50604818,982601,2025-05-10,Electronics,USB-C Hub,5,41.53,15.0,176.5,0.0,Standard,11.47,187.97,Debit Card,Delivered,4.0,3.0,False
17768857,150447,2025-11-08,Beauty,Sunscreen SPF50,3,31.79,5.0,90.6,0.0,Standard,5.07,95.67,Apple Pay,Delivered,5.0,,False
17014199,409624,2025-10-30,Books,Self-Help Book,2,11.13,0.0,22.26,5.99,Standard,1.34,29.59,Debit Card,Delivered,5.0,3.0,False
23386608,435649,2025-10-08,Toys,Building Block Set,1,36.29,0.0,36.29,5.99,Standard,2.27,44.55,Credit Card,Delivered,4.0,,False
92164162,270886,2024-12-26,Electronics,USB-C Hub,1,328.81,5.0,312.37,0.0,Standard,18.74,331.11,Debit Card,Delivered,6.0,4.0,False
85882540,764907,2024-01-19,Clothing,Running Shoes,5,75.08,0.0,375.4,0.0,Standard,30.97,406.37,Debit Card,Delivered,5.0,,False
68184088,262277,2025-12-24,Beauty,Perfume,1,32.53,0.0,32.53,5.99,Standard,2.11,40.63,Credit Card,Delivered,5.0,4.0,False
29553576,779182,2025-08-09,Electronics,Smartwatch,2,216.64,0.0,433.28,0.0,Express,20.58,453.86,PayPal,Delivered,3.0,4.0,False
83309985,927372,2024-11-02,Beauty,Face Serum,1,57.07,5.0,54.22,5.99,Standard,3.25,63.46,Gift Card,Returned,4.0,,False
51599589,632607,2025-01-27,Sports & Outdoors,Resistance Bands,2,155.22,0.0,310.44,0.0,Standard,27.55,337.99,PayPal,Delivered,4.0,,False
13174880,865712,2024-05-29,Electronics,Smartphone Case,5,143.89,15.0,611.53,0.0,Standard,35.16,646.69,Debit Card,Delivered,6.0,,False
50258332,294470,2024-08-01,Electronics,USB-C Hub,2,98.07,10.0,176.53,0.0,Express,10.59,187.12,PayPal,Delivered,3.0,,False
39561414,356668,2024-03-19,Clothing,Summer Dress,1,59.77,0.0,59.77,5.99,Standard,3.74,69.5,Credit Card,Delivered,6.0,2.0,False
17851365,370507,2024-04-20,Toys,Art & Craft Kit,1,33.12,0.0,33.12,5.99,Standard,1.85,40.96,Debit Card,Delivered,4.0,,False
79960524,357833,2025-10-05,Electronics,Gaming Mouse,2,175.41,0.0,350.82,0.0,Standard,21.05,371.87,Debit Card,Delivered,7.0,3.0,True
17301464,512762,2025-11-19,Grocery,Granola Bars (12-pack),1,16.8,0.0,16.8,5.99,Standard,1.01,23.8,PayPal,Cancelled,,,False
83770330,352636,2025-12-30,Clothing,Wool Sweater,1,134.51,0.0,134.51,0.0,Express,8.74,143.25,Credit Card,Shipped,,,False
61176679,812521,2025-12-28,Clothing,Summer Dress,3,139.3,30.0,292.53,0.0,Express,18.28,310.81,Apple Pay,Processing,,,False
74435991,867788,2024-12-14,Beauty,Nail Polish Set,3,46.51,0.0,139.53,0.0,Standard,4.05,143.58,Credit Card,Delivered,6.0,4.0,False
64701557,602443,2024-12-20,Toys,Board Game,1,67.71,5.0,64.32,5.99,Standard,5.31,75.62,Apple Pay,Shipped,,,True
79246644,108184,2025-01-10,Sports & Outdoors,Camping Tent,3,281.38,0.0,844.14,0.0,Standard,33.77,877.91,PayPal,Delivered,3.0,5.0,False
95387191,604586,2025-04-20,Toys,Board Game,2,56.79,0.0,113.58,0.0,Standard,6.81,120.39,PayPal,Delivered,5.0,4.0,False
54641247,354993,2025-11-14,Electronics,Laptop Stand,1,214.14,0.0,214.14,0.0,Express,12.85,226.99,Credit Card,Delivered,2.0,,False
52258181,635222,2024-09-09,Sports & Outdoors,Camping Tent,1,278.16,0.0,278.16,0.0,Standard,16.69,294.85,PayPal,Delivered,6.0,,False
19879946,983557,2024-09-27,Clothing,Hoodie,1,75.76,0.0,75.76,0.0,Next-Day,4.55,80.31,Debit Card,Delivered,1.0,,False
40465263,874829,2024-11-14,Beauty,Perfume,3,106.47,0.0,319.41,0.0,Standard,26.35,345.76,Gift Card,Delivered,5.0,,False
13326548,166029,2024-12-27,Electronics,Laptop Stand,1,117.73,0.0,117.73,0.0,Standard,6.59,124.32,Apple Pay,Delivered,4.0,3.0,False
71933450,894429,2024-04-04,Electronics,Bluetooth Speaker,1,326.14,0.0,326.14,0.0,Express,26.91,353.05,PayPal,Shipped,,,False
47749188,118393,2025-04-28,Books,Cookbook,1,22.78,0.0,22.78,5.99,Standard,1.42,30.19,Debit Card,Delivered,2.0,4.0,False
77646596,717635,2025-12-05,Clothing,Men's T-Shirt,3,73.38,0.0,220.14,0.0,Express,13.21,233.35,Credit Card,Processing,,,False
11355195,805775,2025-05-01,Electronics,Noise Cancelling Headphones,3,438.5,0.0,1315.5,0.0,Standard,52.62,1368.12,Credit Card,Delivered,7.0,,False
80346733,773663,2024-12-06,Sports & Outdoors,Yoga Mat,2,131.93,15.0,224.28,0.0,Express,8.97,233.25,Credit Card,Cancelled,,,False
56227496,397949,2025-06-10,Clothing,Socks (3-pack),3,67.54,0.0,202.62,0.0,Standard,12.16,214.78,Credit Card,Delivered,6.0,3.0,False
33016610,751366,2025-10-04,Home & Kitchen,Throw Pillow,1,248.64,0.0,248.64,0.0,Standard,22.07,270.71,Apple Pay,Delivered,7.0,4.0,False
79664668,958338,2024-12-14,Beauty,Sunscreen SPF50,1,35.55,0.0,35.55,5.99,Standard,2.22,43.76,PayPal,Delivered,5.0,3.0,False
97780390,987040,2024-12-03,Sports & Outdoors,Jump Rope,5,93.68,5.0,444.98,0.0,Express,36.71,481.69,Credit Card,Delivered,3.0,3.0,True
68895849,812521,2024-06-12,Clothing,Running Shoes,1,41.08,30.0,28.76,5.99,Standard,1.8,36.55,Gift Card,Delivered,7.0,,False
19009457,273308,2025-01-01,Beauty,Moisturizer,1,55.37,25.0,41.53,12.99,Express,2.49,57.01,PayPal,Returned,4.0,,False
31528926,573010,2024-07-04,Books,Biography,1,15.51,0.0,15.51,5.99,Standard,0.89,22.39,Credit Card,Delivered,7.0,3.0,False
81121248,206781,2025-06-10,Beauty,Nail Polish Set,1,116.89,0.0,116.89,0.0,Standard,6.55,123.44,PayPal,Delivered,4.0,3.0,False
12606775,862231,2025-02-21,Books,Poetry Collection,1,19.96,0.0,19.96,12.99,Express,1.65,34.6,Credit Card,Delivered,1.0,4.0,False
25424033,262277,2025-09-19,Home & Kitchen,Cutlery Set,2,167.75,20.0,268.4,0.0,Express,17.45,285.85,PayPal,Returned,4.0,,False
64829944,181525,2024-02-14,Sports & Outdoors,Resistance Bands,1,213.25,0.0,213.25,0.0,Standard,12.79,226.04,Credit Card,Delivered,5.0,,False
26852065,568684,2024-11-18,Home & Kitchen,Vacuum Cleaner,2,96.0,15.0,163.2,0.0,Standard,10.2,173.4,Credit Card,Delivered,5.0,,False
93840976,490754,2024-11-21,Toys,Puzzle (1000pc),1,56.48,0.0,56.48,5.99,Standard,3.16,65.63,PayPal,Delivered,5.0,,False
52392151,668562,2024-11-10,Electronics,Portable Charger,1,158.01,0.0,158.01,0.0,Standard,13.04,171.05,Debit Card,Delivered,5.0,5.0,False
13308102,924543,2024-09-05,Clothing,Wool Sweater,1,82.86,0.0,82.86,0.0,Express,4.97,87.83,Credit Card,Delivered,2.0,,False
84421804,506511,2025-02-07,Clothing,Winter Jacket,1,81.16,10.0,73.04,5.99,Standard,6.03,85.06,Credit Card,Delivered,8.0,,False
40704586,496915,2024-09-14,Beauty,Hair Dryer,2,109.72,0.0,219.44,0.0,Standard,12.29,231.73,Credit Card,Delivered,6.0,2.0,True
32179488,562945,2024-03-15,Home & Kitchen,Storage Bins,1,39.82,0.0,39.82,5.99,Standard,2.39,48.2,Debit Card,Delivered,5.0,3.0,True
16529721,233544,2025-04-07,Home & Kitchen,Storage Bins,1,287.14,0.0,287.14,0.0,Standard,25.48,312.62,PayPal,Delivered,4.0,,False
35574283,528226,2024-07-18,Books,Cookbook,1,16.42,5.0,15.6,5.99,Standard,0.97,22.56,Credit Card,Delivered,5.0,4.0,False
98769289,199234,2025-04-28,Sports & Outdoors,Hiking Backpack,1,290.29,0.0,290.29,0.0,Express,18.14,308.43,Credit Card,Shipped,,,False
64988246,262277,2024-12-25,Electronics,USB-C Hub,3,408.08,25.0,918.18,0.0,Standard,59.68,977.86,Credit Card,Processing,,,False
15723790,991288,2024-11-26,Sports & Outdoors,Fishing Rod,1,345.52,5.0,328.24,0.0,Standard,15.59,343.83,PayPal,Cancelled,,,False
83770875,325640,2025-02-01,Books,Fiction Novel,1,29.35,0.0,29.35,5.99,Standard,2.42,37.76,Credit Card,Delivered,5.0,,False
79625208,321588,2024-08-09,Toys,Puzzle (1000pc),2,26.45,5.0,50.25,22.99,Next-Day,2.89,76.13,Apple Pay,Delivered,2.0,,False
89529860,455782,2024-04-28,Electronics,Portable Charger,1,137.39,0.0,137.39,0.0,Standard,8.59,145.98,Credit Card,Processing,,,False
96459916,798441,2025-05-21,Books,Self-Help Book,2,32.1,0.0,64.2,5.99,Standard,1.86,72.05,Credit Card,Returned,7.0,,False
69370723,278072,2024-11-23,Clothing,Hoodie,2,97.72,0.0,195.44,0.0,Standard,16.12,211.56,Apple Pay,Delivered,4.0,,False
88781762,178518,2025-04-08,Clothing,Winter Jacket,2,82.37,0.0,164.74,0.0,Standard,9.47,174.21,Apple Pay,Delivered,6.0,2.0,False
37777200,505710,2025-03-13,Beauty,Hair Dryer,3,28.75,0.0,86.25,0.0,Standard,5.17,91.42,Credit Card,Delivered,5.0,,False
50025786,669175,2025-12-28,Electronics,Smartphone Case,1,89.6,15.0,76.16,0.0,Next-Day,3.62,79.78,Credit Card,Shipped,,,False
70170011,986967,2024-04-08,Clothing,Winter Jacket,1,54.87,0.0,54.87,12.99,Express,3.43,71.29,Credit Card,Delivered,2.0,5.0,False
32320613,851678,2025-09-27,Toys,Action Figure,1,66.86,0.0,66.86,5.99,Standard,4.18,77.03,Credit Card,Processing,,,False
95611499,215714,2025-04-29,Beauty,Hair Dryer,1,91.86,0.0,91.86,0.0,Express,5.14,97.0,Credit Card,Delivered,1.0,,False
62713650,504586,2024-10-16,Clothing,Yoga Leggings,4,91.83,0.0,367.32,0.0,Standard,23.88,391.2,Debit Card,Delivered,6.0,4.0,False
42598187,880473,2024-11-04,Clothing,Men's T-Shirt,5,85.8,0.0,429.0,0.0,Express,26.81,455.81,Apple Pay,Delivered,3.0,3.0,False
78184756,262277,2024-12-11,Beauty,Perfume,2,94.61,0.0,189.22,0.0,Express,12.3,201.52,PayPal,Delivered,2.0,,False
33479231,678035,2025-12-21,Electronics,Gaming Mouse,2,134.56,0.0,269.12,0.0,Standard,16.82,285.94,Credit Card,Cancelled,,,True
45147242,757216,2024-03-02,Clothing,Running Shoes,1,140.23,0.0,140.23,0.0,Next-Day,5.61,145.84,Credit Card,Delivered,1.0,4.0,False
75420681,737353,2025-03-07,Clothing,Women's Jeans,3,44.5,10.0,120.15,0.0,Standard,4.81,124.96,Apple Pay,Delivered,5.0,5.0,False
93709869,544683,2024-11-07,Electronics,Laptop Stand,1,202.76,5.0,192.62,0.0,,15.89,208.51,PayPal,Delivered,6.0,,False
44704683,753872,2025-02-15,Electronics,USB-C Hub,1,251.11,5.0,238.55,0.0,Next-Day,15.51,254.06,Apple Pay,Delivered,1.0,,False
35158505,278950,2024-10-01,Beauty,Perfume,1,140.48,0.0,140.48,0.0,Express,6.67,147.15,PayPal,Cancelled,,,False
13358362,289311,2024-11-30,Electronics,Wireless Earbuds,1,73.0,0.0,73.0,12.99,Express,0.0,85.99,Apple Pay,Delivered,2.0,,False
48763484,262277,2024-09-26,Books,Children's Picture Book,3,19.85,0.0,59.55,5.99,Standard,3.87,69.41,Debit Card,Processing,,,False
17831085,118675,2025-03-31,Clothing,Hoodie,1,66.39,0.0,66.39,12.99,Express,2.66,82.04,PayPal,Delivered,4.0,,False
84897026,517213,2025-09-23,Clothing,Yoga Leggings,2,42.41,0.0,84.82,0.0,Standard,3.39,88.21,Credit Card,Delivered,3.0,2.0,False
93219076,614646,2024-01-26,Beauty,Sunscreen SPF50,3,79.62,0.0,238.86,0.0,Express,14.93,253.79,Credit Card,Delivered,3.0,,False
49063068,779182,2025-12-06,Clothing,Summer Dress,1,64.82,10.0,58.34,5.99,Standard,2.77,67.1,Apple Pay,Delivered,7.0,5.0,False
81381732,215883,2025-05-16,Electronics,Gaming Mouse,2,63.0,0.0,126.0,0.0,Express,11.18,137.18,Credit Card,Delivered,2.0,,False
41012689,215714,2024-08-06,Clothing,Men's T-Shirt,1,68.34,0.0,68.34,5.99,Standard,3.83,78.16,PayPal,Delivered,7.0,,False
74546188,350668,2025-11-07,Clothing,Men's T-Shirt,1,134.64,0.0,134.64,0.0,Standard,8.08,142.72,Debit Card,Delivered,5.0,,False
55124787,661037,2024-08-21,Home & Kitchen,Non-Stick Pan,3,174.07,0.0,522.21,0.0,Standard,33.94,556.15,Debit Card,Delivered,6.0,2.0,False
92275747,267090,2024-12-17,Sports & Outdoors,Dumbbell Set,2,91.67,0.0,183.34,0.0,Standard,11.92,195.26,PayPal,Delivered,6.0,4.0,False
80909601,951659,2024-11-24,Electronics,Noise Cancelling Headphones,2,132.3,0.0,264.6,0.0,Standard,16.54,281.14,Apple Pay,Delivered,7.0,,False
93303538,997877,2025-12-10,Beauty,Face Serum,1,129.43,5.0,122.96,0.0,Standard,7.99,130.95,Credit Card,Delivered,4.0,,False
28985137,442950,2025-06-30,Sports & Outdoors,Bicycle Helmet,1,141.96,0.0,141.96,0.0,Standard,8.52,150.48,Debit Card,Delivered,5.0,,False
15735576,753483,2025-09-12,Home & Kitchen,Throw Pillow,2,98.74,15.0,167.86,0.0,Express,10.91,178.77,PayPal,Delivered,2.0,3.0,False
64233459,246651,2025-11-11,Toys,Action Figure,1,27.77,20.0,22.22,5.99,Standard,1.83,30.04,Credit Card,Delivered,6.0,,False
96597001,288886,2025-07-30,Books,Mystery Thriller,3,38.16,0.0,114.48,0.0,Standard,6.87,121.35,Credit Card,Delivered,4.0,,False
64817978,896180,2025-11-24,Grocery,Vitamin Supplements,3,38.84,5.0,110.69,0.0,Standard,9.82,120.51,Debit Card,Delivered,8.0,,False
98786938,918807,2025-02-13,Beauty,Makeup Brush Set,1,26.96,0.0,26.96,5.99,Standard,1.08,34.03,Debit Card,Delivered,5.0,,False
93322271,642047,2024-05-20,Toys,Board Game,1,33.39,30.0,23.37,5.99,Standard,1.31,30.67,Credit Card,Delivered,7.0,4.0,False
19968994,409228,2025-05-05,Electronics,Noise Cancelling Headphones,2,211.15,10.0,380.07,0.0,Next-Day,15.2,395.27,Debit Card,Delivered,2.0,,False
50940159,728511,2025-08-24,Sports & Outdoors,Bicycle Helmet,1,27.15,0.0,27.15,5.99,Standard,1.09,34.23,Credit Card,Cancelled,,,False
11768024,608483,2024-03-04,Electronics,Smartwatch,1,230.9,25.0,173.18,0.0,Standard,15.37,188.55,Gift Card,Processing,,,False
65909942,736679,2025-09-06,Beauty,Perfume,1,127.89,0.0,127.89,0.0,Express,5.12,133.01,Credit Card,Delivered,2.0,,True
95636580,106059,2024-08-27,Clothing,Hoodie,1,27.97,15.0,23.77,5.99,Standard,1.96,31.72,Credit Card,Delivered,4.0,2.0,False
44186455,796365,2024-12-31,Beauty,Sunscreen SPF50,3,20.24,5.0,57.68,5.99,Standard,5.12,68.79,Credit Card,Processing,,,False
75339797,815544,2025-11-14,Sports & Outdoors,Resistance Bands,1,75.52,0.0,75.52,0.0,Standard,4.91,80.43,Debit Card,Shipped,,,False
48989096,325640,2025-05-19,Toys,Plush Toy,1,33.61,0.0,33.61,12.99,Express,2.77,49.37,Debit Card,Delivered,1.0,4.0,False
52556795,479646,2025-12-31,Electronics,Gaming Mouse,1,41.77,10.0,37.59,5.99,Standard,3.1,46.68,PayPal,Cancelled,,,False
55550920,360610,2024-01-07,Sports & Outdoors,Golf Balls (12-pack),1,56.67,0.0,56.67,5.99,Standard,1.64,64.3,PayPal,Returned,8.0,,False
12080367,567801,2024-11-14,Toys,Building Block Set,4,18.45,10.0,66.42,12.99,Express,5.48,84.89,PayPal,Delivered,6.0,3.0,False
34101370,597707,2024-08-25,Home & Kitchen,Storage Bins,1,78.45,5.0,74.53,5.99,Standard,6.61,87.13,PayPal,Delivered,6.0,4.0,False
93207393,372352,2025-04-02,Home & Kitchen,Cutlery Set,1,249.96,0.0,249.96,0.0,Standard,15.62,265.58,Credit Card,Delivered,6.0,,False
46486659,155691,2025-11-05,Beauty,Hair Dryer,1,44.71,0.0,44.71,5.99,Standard,3.69,54.39,Credit Card,Delivered,7.0,,False
80239569,142347,2024-05-06,Sports & Outdoors,Camping Tent,3,133.25,0.0,399.75,0.0,Express,32.98,432.73,Debit Card,Cancelled,,,False
37472547,901983,2025-06-06,Home & Kitchen,Bed Sheets Set,1,135.13,20.0,108.1,0.0,Standard,6.76,114.86,PayPal,Processing,,,False
94262620,124876,2025-11-02,Toys,Board Game,2,23.3,0.0,46.6,12.99,Express,3.03,62.62,Credit Card,Delivered,3.0,3.0,False
74964185,986803,2024-02-28,Home & Kitchen,Storage Bins,1,216.72,0.0,216.72,0.0,Next-Day,19.23,235.95,Debit Card,Delivered,1.0,,False
77153551,547976,2025-10-26,Home & Kitchen,Blender,2,209.87,0.0,419.74,0.0,Next-Day,34.63,454.37,Credit Card,Cancelled,,,True
13118131,246651,2024-06-23,Beauty,Perfume,3,104.27,0.0,312.81,0.0,Standard,25.81,338.62,Debit Card,Delivered,4.0,4.0,False
86611725,388002,2024-11-29,Books,Self-Help Book,1,37.32,5.0,35.45,5.99,Standard,1.99,43.43,PayPal,Delivered,8.0,,True
47673640,262277,2025-11-03,Electronics,Smartphone Case,4,134.58,0.0,538.32,0.0,Standard,34.99,573.31,Credit Card,Processing,,,False
39552519,556417,2024-12-28,Clothing,Winter Jacket,1,89.98,10.0,80.98,0.0,Standard,6.68,87.66,Debit Card,Delivered,7.0,4.0,False
86360766,454208,2025-06-05,Sports & Outdoors,Resistance Bands,1,189.37,0.0,189.37,0.0,Express,15.62,204.99,Credit Card,Delivered,1.0,4.0,False
71592906,846102,2024-01-14,Toys,Board Game,2,13.08,0.0,26.16,5.99,Standard,1.5,33.65,Credit Card,Delivered,6.0,4.0,False
23649815,867788,2024-05-10,Electronics,4K Monitor,1,345.16,0.0,345.16,0.0,Express,10.01,355.17,PayPal,Delivered,3.0,4.0,False
45791363,381705,2024-12-01,Toys,Doll House,2,87.57,10.0,157.63,0.0,Standard,13.0,170.63,Credit Card,Delivered,6.0,5.0,True
47691881,873824,2025-11-11,Clothing,Yoga Leggings,1,29.29,0.0,29.29,12.99,Express,1.76,44.04,Credit Card,Cancelled,,,False
76115368,423328,2025-08-01,Grocery,Snack Variety Pack,1,25.05,10.0,22.55,5.99,Standard,1.86,30.4,Credit Card,Delivered,4.0,,False
28405672,633917,2024-04-28,Clothing,Summer Dress,1,49.24,0.0,49.24,12.99,Express,4.06,66.29,PayPal,Delivered,1.0,4.0,False
52360648,360610,2024-12-09,Clothing,Summer Dress,1,73.41,0.0,73.41,12.99,Express,2.13,88.53,Debit Card,Delivered,4.0,3.0,False
50779577,423125,2024-12-28,Sports & Outdoors,Golf Balls (12-pack),3,187.28,5.0,533.75,0.0,Standard,44.03,577.78,Debit Card,Delivered,6.0,3.0,False
46744220,528226,2025-08-28,Books,Children's Picture Book,3,15.69,5.0,44.72,5.99,Standard,2.79,53.5,Debit Card,Delivered,7.0,3.0,False
15219134,723573,2024-09-17,Beauty,Body Lotion,1,30.55,0.0,30.55,5.99,Standard,2.52,39.06,PayPal,Delivered,7.0,3.0,False
28101655,118114,2025-02-15,Sports & Outdoors,Camping Tent,1,342.53,,291.15,0.0,Express,24.02,315.17,Gift Card,Cancelled,,,False
78951594,545031,2025-02-23,Toys,Doll House,2,38.01,0.0,76.02,0.0,Express,4.94,80.96,Credit Card,Delivered,3.0,3.0,False
62968293,542007,2024-12-16,Home & Kitchen,Air Fryer,1,46.76,0.0,46.76,5.99,Standard,2.81,55.56,Credit Card,Shipped,,,False
38489846,140937,2024-05-28,Electronics,4K Monitor,1,298.86,5.0,283.92,0.0,Standard,17.04,300.96,PayPal,Delivered,4.0,3.0,False
87361891,354993,2024-01-02,Toys,Building Block Set,1,36.68,0.0,36.68,5.99,Standard,2.2,44.87,Credit Card,Delivered,6.0,3.0,False
31830860,945168,2024-11-05,Home & Kitchen,Cutlery Set,1,48.31,0.0,48.31,12.99,Express,3.02,64.32,PayPal,Delivered,3.0,,False
39185839,894429,2025-10-01,Electronics,Portable Charger,1,121.09,0.0,121.09,0.0,Standard,9.99,131.08,Gift Card,Delivered,6.0,4.0,False
69471740,882208,2025-12-11,Beauty,Body Lotion,2,106.72,5.0,202.77,0.0,Express,12.17,214.94,PayPal,Shipped,,,False
56668519,504586,2024-07-01,Home & Kitchen,Cutlery Set,1,200.06,20.0,160.05,0.0,Standard,10.4,170.45,Debit Card,Delivered,5.0,,False
24780221,184650,2025-09-30,Electronics,Smartphone Case,2,284.41,5.0,540.38,0.0,Express,32.42,572.8,Debit Card,Delivered,2.0,3.0,False
88325083,544877,2025-01-17,Electronics,Noise Cancelling Headphones,1,188.67,0.0,188.67,0.0,Standard,12.26,200.93,Credit Card,Delivered,6.0,5.0,False
24090309,528226,2024-03-02,Sports & Outdoors,Yoga Mat,1,254.89,0.0,254.89,0.0,Standard,15.93,270.82,Credit Card,Processing,,,False
33194002,262277,2024-04-24,Electronics,Portable Charger,2,148.68,0.0,297.36,0.0,Standard,19.33,316.69,PayPal,Delivered,5.0,,False
73613002,901983,2024-02-09,Home & Kitchen,Cutlery Set,1,155.63,0.0,155.63,0.0,Express,9.73,165.36,Debit Card,Processing,,,False
64347556,977008,2024-06-12,Home & Kitchen,Air Fryer,1,30.33,0.0,30.33,5.99,Standard,1.9,38.22,PayPal,Delivered,4.0,,False
98655665,105585,2024-04-26,Clothing,Winter Jacket,1,66.41,25.0,49.81,5.99,Standard,3.11,58.91,Credit Card,Delivered,5.0,,False
95502413,351676,2024-11-21,Clothing,Wool Sweater,1,26.31,5.0,24.99,12.99,Express,1.62,39.6,PayPal,Delivered,3.0,5.0,False
65465856,479622,2024-11-24,Home & Kitchen,Cutlery Set,3,216.24,5.0,616.28,0.0,Standard,34.51,650.79,Credit Card,Delivered,2.0,3.0,False
41851636,871000,2024-01-01,Electronics,Noise Cancelling Headphones,3,58.58,0.0,175.74,0.0,Standard,10.98,186.72,Debit Card,Delivered,5.0,,False
31294817,347245,2025-05-17,Books,Mystery Thriller,1,39.0,0.0,39.0,5.99,Standard,3.22,48.21,Credit Card,Delivered,4.0,,True
73518337,568666,2025-11-22,Books,Fiction Novel,4,21.61,0.0,86.44,0.0,Standard,3.46,89.9,Debit Card,Processing,,,False
94254423,760624,2025-11-27,Beauty,Face Serum,1,63.24,0.0,63.24,5.99,Standard,3.0,72.23,Apple Pay,Delivered,5.0,4.0,True
15967881,339643,2024-11-30,Home & Kitchen,Coffee Maker,1,126.94,5.0,120.59,0.0,Next-Day,7.54,128.13,Gift Card,Delivered,1.0,3.0,True
80254418,921341,2025-09-17,Electronics,4K Monitor,1,140.44,0.0,140.44,0.0,Standard,8.78,149.22,Debit Card,Delivered,5.0,,False
80330134,720230,2025-08-07,Grocery,Pasta & Sauce Bundle,2,13.7,0.0,27.4,12.99,Express,1.78,42.17,Credit Card,Delivered,2.0,3.0,False
74995050,112765,2025-02-14,Electronics,Portable Charger,1,104.91,0.0,104.91,0.0,Standard,9.31,114.22,PayPal,Shipped,,,False
19258413,562945,2024-01-11,Electronics,Gaming Mouse,1,118.71,0.0,118.71,0.0,Standard,7.12,125.83,Gift Card,Shipped,,,False
66882331,442950,2025-05-01,Home & Kitchen,Table Lamp,1,264.68,0.0,264.68,0.0,Standard,15.88,280.56,Credit Card,Delivered,5.0,,False
51224577,958338,2025-08-25,Clothing,Winter Jacket,3,42.37,15.0,108.04,0.0,Standard,6.75,114.79,Gift Card,Delivered,6.0,,False
67106453,360610,2025-05-10,Electronics,4K Monitor,5,118.11,0.0,590.55,0.0,Next-Day,17.13,607.68,Credit Card,Delivered,1.0,,True
98580315,243838,2024-06-27,Clothing,Denim Jacket,1,37.9,0.0,37.9,5.99,Standard,3.13,47.02,PayPal,Delivered,4.0,,False
91009737,176588,2024-08-02,Home & Kitchen,Throw Pillow,1,113.64,0.0,113.64,0.0,Express,3.3,116.94,Debit Card,Delivered,3.0,4.0,False
60652936,525664,2025-02-02,Clothing,Winter Jacket,1,171.88,0.0,171.88,0.0,Standard,6.88,178.76,Debit Card,Shipped,,,False
54037773,266711,2025-10-08,Home & Kitchen,Throw Pillow,3,138.59,0.0,415.77,0.0,Standard,16.63,432.4,Credit Card,Delivered,6.0,2.0,False
85226725,415959,2025-04-03,Electronics,Smartphone Case,2,304.41,0.0,608.82,0.0,Standard,50.23,659.05,PayPal,Delivered,7.0,4.0,False
94556069,100060,2024-11-12,Grocery,Green Tea (Box),1,40.41,20.0,32.33,12.99,Express,1.54,46.86,Credit Card,Delivered,4.0,5.0,False
19995105,547976,2024-10-18,Books,Self-Help Book,1,36.19,10.0,32.57,12.99,Express,2.69,48.25,Debit Card,Delivered,4.0,5.0,False
39747105,234581,2025-12-26,Electronics,USB-C Hub,1,135.83,5.0,129.04,0.0,Standard,7.74,136.78,PayPal,Delivered,8.0,,False
69478685,791582,2025-11-01,Clothing,Summer Dress,1,124.34,15.0,105.69,0.0,Standard,5.92,111.61,Credit Card,Delivered,6.0,5.0,False
30085839,654605,2025-06-21,Toys,Board Game,1,30.42,0.0,30.42,12.99,Express,1.9,45.31,Credit Card,Shipped,,,False
74286283,607556,2025-02-17,Sports & Outdoors,Water Bottle,3,168.71,0.0,506.13,0.0,Express,30.37,536.5,PayPal,Delivered,2.0,,False
39804970,479646,2024-03-17,Grocery,Vitamin Supplements,1,46.55,0.0,46.55,5.99,Standard,3.84,56.38,Debit Card,Delivered,5.0,3.0,False
13958987,789354,2024-10-21,Home & Kitchen,Vacuum Cleaner,3,178.93,10.0,483.11,0.0,Express,22.95,506.06,Credit Card,Delivered,3.0,5.0,False
58442957,568764,2024-08-08,Electronics,Smartphone Case,1,284.56,0.0,284.56,0.0,Express,17.07,301.63,Apple Pay,Delivered,1.0,3.0,False
41741130,819608,2024-12-19,Books,Cookbook,1,17.78,0.0,17.78,5.99,Standard,0.84,24.61,PayPal,Delivered,6.0,2.0,False
86068051,125648,2024-09-14,Clothing,Men's T-Shirt,1,62.9,0.0,62.9,5.99,Standard,3.93,72.82,Debit Card,Processing,,,False
57072565,515674,2024-06-29,Clothing,Running Shoes,1,59.22,0.0,59.22,5.99,Standard,3.7,68.91,PayPal,Delivered,4.0,1.0,False
66170841,124876,2025-11-17,Electronics,Noise Cancelling Headphones,2,400.14,0.0,800.28,0.0,Express,52.02,852.3,PayPal,Delivered,4.0,4.0,False
80467257,413127,2024-01-03,Home & Kitchen,Storage Bins,1,174.62,0.0,174.62,0.0,Standard,15.5,190.12,Credit Card,Delivered,6.0,3.0,False
24971567,621129,2024-03-15,Grocery,Vitamin Supplements,1,29.2,0.0,29.2,5.99,Standard,1.39,36.58,Credit Card,Delivered,3.0,3.0,False
78881866,150447,2024-07-02,Electronics,Smartphone Case,1,312.11,0.0,312.11,0.0,Standard,17.48,329.59,Debit Card,Delivered,6.0,,False
21692988,431096,2025-09-13,Beauty,Body Lotion,3,27.39,0.0,82.17,0.0,Standard,4.72,86.89,Debit Card,Delivered,5.0,,False
98265433,958338,2024-10-19,Toys,Board Game,2,16.36,0.0,32.72,5.99,Standard,2.04,40.75,Credit Card,Returned,4.0,,False
39184554,357070,2025-08-20,Grocery,Olive Oil,2,12.53,0.0,25.06,22.99,Next-Day,2.22,50.27,Credit Card,Delivered,1.0,,False
67993795,858611,2024-10-28,Electronics,Gaming Mouse,4,340.08,30.0,952.22,0.0,Express,59.51,1011.73,PayPal,Delivered,5.0,,False
47221391,606888,2024-04-21,Electronics,Portable Charger,1,92.45,0.0,92.45,0.0,Standard,5.78,98.23,Apple Pay,Shipped,,,True
97393626,661037,2024-01-31,Books,Fiction Novel,3,14.82,15.0,37.79,5.99,Standard,2.46,46.24,Debit Card,Delivered,6.0,4.0,False
12411418,136888,2025-05-21,Clothing,Hoodie,2,38.48,15.0,65.42,5.99,Standard,3.76,75.17,Credit Card,Shipped,,,False
66603937,562945,2024-05-29,Toys,Board Game,1,42.87,0.0,42.87,5.99,Standard,2.57,51.43,Credit Card,Delivered,6.0,,False
72571016,278450,2024-09-07,Home & Kitchen,Coffee Maker,3,94.4,0.0,283.2,0.0,Standard,23.36,306.56,Credit Card,Shipped,,,False
97290190,625033,2024-11-26,Beauty,Hair Dryer,2,104.85,5.0,199.21,0.0,Standard,17.68,216.89,Debit Card,Delivered,6.0,,False
44779701,424543,2025-10-08,Clothing,Winter Jacket,2,65.36,0.0,130.72,0.0,Standard,6.21,136.93,Credit Card,Delivered,6.0,4.0,False
88898563,329274,2025-12-01,Toys,Building Block Set,1,34.56,5.0,32.83,5.99,Standard,2.13,40.95,Credit Card,Delivered,6.0,,False
16582355,262277,2024-01-16,Clothing,Denim Jacket,3,106.87,0.0,320.61,0.0,Standard,20.84,341.45,Apple Pay,Shipped,,,False
70037213,626883,2025-07-10,Sports & Outdoors,Fishing Rod,1,186.99,0.0,186.99,0.0,Standard,10.47,197.46,PayPal,Delivered,4.0,,False
66342835,968744,2025-02-23,Clothing,Denim Jacket,2,102.37,0.0,204.74,0.0,Standard,16.89,221.63,PayPal,Delivered,7.0,,False
77698244,363197,2024-12-24,Toys,Plush Toy,1,26.03,5.0,24.73,5.99,,0.99,31.71,Apple Pay,Delivered,8.0,,False
37004940,562945,2024-08-31,Electronics,Wireless Earbuds,1,217.94,0.0,217.94,0.0,Standard,13.08,231.02,Credit Card,Delivered,4.0,,False
83339329,262277,2025-11-28,Books,Mystery Thriller,1,31.03,0.0,31.03,5.99,Standard,2.02,39.04,Credit Card,Delivered,5.0,,False
60380775,862231,2025-08-09,Clothing,Running Shoes,1,39.35,10.0,35.41,12.99,Express,2.92,51.32,Credit Card,Delivered,2.0,,False
55772344,891092,2025-12-09,Beauty,Hair Dryer,3,100.57,30.0,211.2,0.0,Standard,8.45,219.65,Credit Card,Delivered,5.0,5.0,False
95037667,959122,2024-12-20,Electronics,Smartwatch,2,176.03,0.0,352.06,0.0,Standard,14.08,366.14,PayPal,Delivered,4.0,,False
16461646,363197,2025-08-14,Toys,Plush Toy,1,32.41,15.0,27.55,22.99,Next-Day,1.1,51.64,Gift Card,Delivered,2.0,3.0,False
74182729,525940,2024-05-24,Toys,Board Game,2,32.24,0.0,64.48,5.99,Standard,3.61,74.08,Credit Card,Delivered,5.0,2.0,False
58735722,307937,2025-03-09,Clothing,Denim Jacket,3,80.87,0.0,242.61,0.0,Express,15.16,257.77,Credit Card,Shipped,,,False
72576097,567801,2025-02-04,Electronics,Smartphone Case,2,339.86,30.0,475.8,0.0,Standard,39.25,515.05,PayPal,Delivered,4.0,4.0,False
43786680,642494,2024-10-11,Electronics,Laptop Stand,1,99.53,15.0,84.6,0.0,Standard,4.86,89.46,PayPal,Delivered,5.0,3.0,False
84411234,968744,2025-12-13,Books,Poetry Collection,2,34.54,0.0,69.08,5.99,Standard,5.7,80.77,Debit Card,Delivered,8.0,4.0,False
49292683,106403,2025-09-14,Electronics,4K Monitor,2,102.21,15.0,173.76,0.0,Standard,11.29,185.05,Credit Card,Cancelled,,,False
61697484,509048,2024-05-24,Books,Cookbook,3,31.6,0.0,94.8,0.0,Standard,7.82,102.62,Credit Card,Cancelled,,,False
87847492,932663,2025-09-08,Sports & Outdoors,Bicycle Helmet,1,106.34,0.0,106.34,0.0,Standard,6.11,112.45,Debit Card,Delivered,6.0,3.0,False
90617302,681576,2024-08-10,Home & Kitchen,Throw Pillow,2,65.46,0.0,130.92,0.0,Express,8.18,139.1,Credit Card,Delivered,5.0,,False
78541236,576134,2024-11-10,Toys,Doll House,1,14.66,15.0,12.46,5.99,Standard,1.03,19.48,Credit Card,Delivered,6.0,,False
87057284,702347,2024-09-25,Grocery,Green Tea (Box),1,45.18,0.0,45.18,5.99,,1.31,52.48,Credit Card,Delivered,7.0,,False
11390502,862525,2024-06-03,Electronics,4K Monitor,1,188.68,,132.08,0.0,Express,7.92,140.0,PayPal,Delivered,4.0,,False
82142536,225295,2025-02-13,Grocery,Organic Coffee Beans,2,49.66,0.0,99.32,0.0,Standard,5.96,105.28,Credit Card,Delivered,5.0,4.0,False
97612206,262277,2024-09-03,Beauty,Moisturizer,2,29.68,0.0,59.36,5.99,Standard,3.86,69.21,Apple Pay,Delivered,6.0,,False
82365535,479646,2024-05-27,Clothing,Socks (3-pack),5,90.71,5.0,430.87,0.0,Next-Day,35.55,466.42,Credit Card,Delivered,1.0,,False
17880892,562958,2024-09-08,Home & Kitchen,Storage Bins,2,217.07,0.0,434.14,0.0,Standard,26.05,460.19,Apple Pay,Delivered,4.0,4.0,False
78365853,262277,2025-11-11,Clothing,Women's Jeans,4,76.83,0.0,307.32,0.0,Standard,19.98,327.3,Credit Card,Cancelled,,,False
77009324,276268,2025-09-26,Grocery,Organic Coffee Beans,1,30.64,0.0,30.64,5.99,Standard,2.53,39.16,PayPal,Delivered,4.0,4.0,False
11600501,454854,2025-05-06,Beauty,Sunscreen SPF50,2,24.51,0.0,49.02,5.99,,4.04,59.05,Credit Card,Processing,,,True
69500884,223771,2025-09-08,Home & Kitchen,Bed Sheets Set,1,25.14,20.0,20.11,12.99,Express,1.26,34.36,Gift Card,Delivered,4.0,,False
60276427,437318,2024-09-25,Clothing,Yoga Leggings,2,103.55,0.0,207.1,0.0,Next-Day,13.46,220.56,PayPal,Delivered,1.0,4.0,False
94941446,149433,2025-02-11,Toys,Doll House,1,22.03,0.0,22.03,5.99,Standard,0.64,28.66,Debit Card,Delivered,5.0,5.0,False
69944710,378603,2025-11-24,Electronics,USB-C Hub,1,96.46,15.0,81.99,0.0,Standard,5.12,87.11,Credit Card,Delivered,10.0,,False
99735965,550379,2025-12-02,Electronics,Bluetooth Speaker,3,56.74,0.0,170.22,0.0,Standard,6.81,177.03,Credit Card,Delivered,3.0,2.0,False
51545448,236747,2025-12-23,Sports & Outdoors,Camping Tent,4,355.76,,1423.04,0.0,Standard,117.4,1540.44,Credit Card,Delivered,6.0,,False
54443391,618056,2024-05-09,Toys,Doll House,3,32.63,0.0,97.89,0.0,,5.87,103.76,Apple Pay,Delivered,1.0,3.0,True
17097049,628668,2025-11-22,Clothing,Socks (3-pack),2,121.67,5.0,231.17,0.0,Standard,13.87,245.04,PayPal,Processing,,,False
37868096,279656,2025-12-14,Clothing,Wool Sweater,2,124.99,15.0,212.48,0.0,Express,13.28,225.76,Debit Card,Returned,3.0,,False
99725511,437427,2025-05-19,Beauty,Face Serum,1,44.36,0.0,44.36,5.99,Standard,3.66,54.01,PayPal,Delivered,5.0,2.0,False
26495263,263426,2025-03-03,Home & Kitchen,Storage Bins,3,53.68,0.0,161.04,0.0,Express,10.47,171.51,Debit Card,Delivered,3.0,4.0,False
73055674,782906,2025-04-11,Sports & Outdoors,Hiking Backpack,2,74.67,0.0,149.34,0.0,Next-Day,8.36,157.7,Gift Card,Shipped,,,False
20514592,968744,2024-10-09,Electronics,Portable Charger,1,77.39,0.0,77.39,0.0,Standard,6.38,83.77,Credit Card,Delivered,5.0,2.0,False
36359250,579703,2025-08-28,Clothing,Yoga Leggings,2,38.14,0.0,76.28,0.0,Standard,4.58,80.86,Credit Card,Delivered,6.0,,False
97132396,311051,2024-06-12,Electronics,Portable Charger,2,125.0,0.0,250.0,0.0,Standard,15.62,265.62,PayPal,Shipped,,,False
21479670,521681,2024-10-23,Books,Biography,3,25.35,10.0,68.45,5.99,Standard,5.65,80.09,PayPal,Delivered,5.0,,False
64247779,781209,2024-02-02,Sports & Outdoors,Hiking Backpack,2,103.13,0.0,206.26,0.0,Standard,9.8,216.06,Debit Card,Delivered,5.0,4.0,True
67280840,137895,2024-09-07,Home & Kitchen,Bed Sheets Set,1,131.13,5.0,124.57,0.0,Express,4.98,129.55,Apple Pay,Delivered,1.0,4.0,False
18962289,570417,2024-10-14,Clothing,Denim Jacket,1,71.53,10.0,64.38,5.99,Standard,4.02,74.39,Gift Card,Returned,3.0,,True
56367086,416452,2024-10-26,Electronics,Noise Cancelling Headphones,1,147.23,0.0,147.23,0.0,Standard,8.83,156.06,Credit Card,Delivered,4.0,,False
98158969,411524,2025-04-12,Toys,Art & Craft Kit,4,68.11,0.0,272.44,0.0,,16.35,288.79,Debit Card,Delivered,6.0,5.0,False
10865738,307937,2025-12-24,Toys,Action Figure,3,43.38,15.0,110.62,0.0,Standard,6.91,117.53,PayPal,Delivered,4.0,4.0,False
78817599,995308,2025-05-13,Toys,Plush Toy,1,75.01,0.0,75.01,0.0,Express,4.69,79.7,Credit Card,Shipped,,,False
74819344,968744,2025-10-19,Electronics,Noise Cancelling Headphones,1,126.65,0.0,126.65,0.0,Standard,10.45,137.1,Debit Card,Shipped,,,False
48896793,606888,2024-10-11,Electronics,Noise Cancelling Headphones,1,406.3,15.0,345.36,0.0,Standard,21.59,366.95,Debit Card,Delivered,6.0,,False
26831061,309143,2024-11-30,Clothing,Summer Dress,2,99.51,5.0,189.07,0.0,Express,7.56,196.63,PayPal,Delivered,1.0,,False
37667267,637008,2024-12-18,Books,Biography,1,17.65,0.0,17.65,5.99,Standard,1.57,25.21,Credit Card,Delivered,6.0,,False
55789935,662879,2024-07-07,Electronics,Laptop Stand,2,167.5,25.0,251.25,0.0,Express,15.7,266.95,Credit Card,Delivered,2.0,3.0,False
42692990,263426,2025-06-20,Grocery,Granola Bars (12-pack),1,38.34,20.0,30.67,5.99,Standard,1.99,38.65,Credit Card,Processing,,,False
33969289,233335,2024-02-05,Sports & Outdoors,Hiking Backpack,2,337.08,15.0,573.04,0.0,Standard,50.86,623.9,Gift Card,Delivered,6.0,3.0,False
72183508,464362,2024-06-21,Books,Self-Help Book,5,28.02,0.0,140.1,0.0,Express,8.41,148.51,Credit Card,Delivered,3.0,,False
71498044,728511,2024-01-17,Clothing,Women's Jeans,1,59.26,0.0,59.26,12.99,Express,2.37,74.62,Debit Card,Delivered,4.0,3.0,False
14615142,360610,2024-03-26,Home & Kitchen,Bed Sheets Set,5,100.6,0.0,503.0,0.0,Standard,14.59,517.59,Credit Card,Delivered,6.0,3.0,False
11206943,124876,2024-06-05,Electronics,Gaming Mouse,1,98.71,0.0,98.71,0.0,Standard,6.42,105.13,Debit Card,Delivered,6.0,4.0,False
65963230,493092,2025-04-13,Beauty,Lipstick,2,63.88,0.0,127.76,0.0,Next-Day,7.99,135.75,Credit Card,Delivered,1.0,3.0,False
73001363,153940,2024-09-11,Sports & Outdoors,Dumbbell Set,2,297.14,0.0,594.28,0.0,Standard,28.23,622.51,Debit Card,Shipped,,,True
24845409,753438,2024-04-14,Sports & Outdoors,Water Bottle,1,155.03,0.0,155.03,0.0,Standard,4.5,159.53,PayPal,Delivered,7.0,3.0,False
30441303,712216,2025-05-06,Electronics,Noise Cancelling Headphones,1,108.2,5.0,102.79,0.0,Express,5.91,108.7,Credit Card,Shipped,,,False
27746830,262277,2024-09-17,Sports & Outdoors,Hiking Backpack,2,169.7,0.0,339.4,0.0,Standard,22.06,361.46,Debit Card,Delivered,4.0,3.0,False
12673648,349075,2025-06-18,Beauty,Makeup Brush Set,1,30.48,0.0,30.48,5.99,Standard,1.91,38.38,Debit Card,Delivered,5.0,,True
57885232,360610,2024-12-24,Electronics,Noise Cancelling Headphones,1,172.55,0.0,172.55,0.0,Express,5.0,177.55,Credit Card,Delivered,1.0,5.0,False
65822336,780023,2024-12-14,Beauty,Body Lotion,1,93.54,5.0,88.86,0.0,Standard,5.33,94.19,PayPal,Cancelled,,,False
47944781,360610,2025-12-15,Toys,Building Block Set,3,42.47,0.0,127.41,0.0,Standard,3.69,131.1,Credit Card,Delivered,6.0,,False
20059197,360610,2025-09-06,Sports & Outdoors,Camping Tent,1,133.61,0.0,133.61,0.0,Standard,3.87,137.48,Credit Card,Delivered,7.0,,False
73519454,665342,2025-03-30,Home & Kitchen,Vacuum Cleaner,3,154.25,0.0,462.75,0.0,Standard,21.98,484.73,PayPal,Delivered,5.0,,False
13784673,562945,2024-08-24,Clothing,Men's T-Shirt,2,124.04,0.0,248.08,0.0,Express,14.88,262.96,PayPal,Delivered,1.0,4.0,False
42505126,766398,2025-10-03,Toys,Board Game,3,65.96,5.0,187.99,0.0,Express,10.81,198.8,Debit Card,Returned,4.0,,False
27398102,969466,2025-10-05,Clothing,Winter Jacket,2,116.84,0.0,233.68,0.0,Next-Day,13.44,247.12,Credit Card,Delivered,1.0,3.0,False
21731140,562945,2024-08-31,Electronics,Gaming Mouse,1,99.17,,99.17,0.0,Express,5.95,105.12,PayPal,Delivered,1.0,,False
13568647,720530,2025-05-02,Beauty,Body Lotion,1,74.13,0.0,74.13,5.99,Standard,4.63,84.75,PayPal,Delivered,5.0,4.0,False
92313619,142237,2024-11-14,Electronics,Smartwatch,2,271.04,0.0,542.08,0.0,Standard,48.11,590.19,Credit Card,Delivered,6.0,1.0,False
38822099,199805,2025-10-05,Clothing,Women's Jeans,2,9.32,0.0,18.64,5.99,Standard,1.07,25.7,Debit Card,Delivered,6.0,,False
11042444,153957,2024-10-11,Beauty,Shampoo & Conditioner Set,1,45.58,0.0,45.58,5.99,Standard,2.73,54.3,Debit Card,Delivered,5.0,,False
75915324,445958,2025-05-07,Grocery,Green Tea (Box),1,24.03,0.0,24.03,5.99,Standard,1.5,31.52,Credit Card,Delivered,5.0,3.0,False
38188898,899690,2025-07-05,Sports & Outdoors,Water Bottle,3,155.23,0.0,465.69,0.0,Express,27.94,493.63,Debit Card,Delivered,2.0,,False
92899521,262277,2025-08-16,Sports & Outdoors,Resistance Bands,4,164.87,10.0,593.53,0.0,Express,38.58,632.11,Credit Card,Cancelled,,,False
31292693,793675,2024-07-03,Clothing,Women's Jeans,1,73.29,0.0,73.29,5.99,Standard,6.5,85.78,Debit Card,Delivered,4.0,5.0,False
22026763,453881,2025-12-08,Beauty,Body Lotion,1,104.45,0.0,104.45,0.0,Standard,5.85,110.3,Credit Card,Processing,,,False
27646648,354993,2024-01-20,Sports & Outdoors,Yoga Mat,2,112.24,0.0,224.48,0.0,Standard,13.47,237.95,Debit Card,Delivered,8.0,1.0,False
11609968,429136,2025-02-17,Clothing,Denim Jacket,3,65.27,0.0,195.81,0.0,Express,12.73,208.54,Debit Card,Delivered,2.0,4.0,False
20601512,753872,2025-11-15,Home & Kitchen,Vacuum Cleaner,2,168.37,0.0,336.74,0.0,Standard,21.89,358.63,Apple Pay,Delivered,6.0,3.0,False
75132572,674253,2025-08-07,Clothing,Socks (3-pack),1,47.01,0.0,47.01,5.99,Standard,2.63,55.63,Credit Card,Delivered,4.0,,False
76698449,968744,2025-12-06,Electronics,Noise Cancelling Headphones,2,112.05,10.0,201.69,0.0,Standard,16.64,218.33,Debit Card,Delivered,7.0,4.0,False
98166014,835164,2025-12-14,Electronics,Laptop Stand,1,146.15,0.0,146.15,0.0,Express,9.5,155.65,Credit Card,Delivered,3.0,5.0,False
34031644,950096,2025-11-15,Toys,Building Block Set,1,62.19,0.0,62.19,5.99,Standard,5.13,73.31,Credit Card,Delivered,5.0,,False
80533789,924197,2024-09-27,Home & Kitchen,Cutlery Set,3,151.37,5.0,431.4,0.0,Standard,12.51,443.91,PayPal,Delivered,5.0,3.0,False
55565212,735147,2025-11-19,Grocery,Pasta & Sauce Bundle,2,33.86,0.0,67.72,5.99,Standard,5.59,79.3,Credit Card,Delivered,6.0,3.0,False
86659060,217105,2024-03-09,Clothing,Summer Dress,1,68.25,0.0,68.25,12.99,Express,3.92,85.16,PayPal,Delivered,4.0,4.0,False
40346185,660209,2024-01-03,Home & Kitchen,Air Fryer,1,133.86,0.0,133.86,0.0,Standard,11.04,144.9,Debit Card,Delivered,6.0,,False
36659746,222246,2025-12-22,Clothing,Running Shoes,2,49.48,0.0,98.96,0.0,Express,5.94,104.9,Credit Card,Delivered,3.0,3.0,False
33476352,426751,2024-11-23,Home & Kitchen,Storage Bins,5,200.5,0.0,1002.5,0.0,Standard,88.97,1091.47,Credit Card,Delivered,7.0,2.0,False
94926486,355438,2024-07-08,Home & Kitchen,Blender,1,62.05,0.0,62.05,5.99,Standard,3.72,71.76,Debit Card,Delivered,6.0,3.0,False
47091220,715861,2024-04-11,Toys,Puzzle (1000pc),1,32.79,15.0,27.87,12.99,Express,1.56,42.42,Apple Pay,Delivered,2.0,,False
18347729,150447,2024-11-29,Home & Kitchen,Air Fryer,1,255.11,0.0,255.11,0.0,Express,14.29,269.4,Apple Pay,Delivered,4.0,4.0,False
71290009,181268,2024-03-07,Grocery,Protein Powder,2,50.95,0.0,101.9,0.0,Next-Day,6.37,108.27,Gift Card,Returned,1.0,,False
83103173,827295,2024-08-26,Clothing,Socks (3-pack),5,127.71,0.0,638.55,0.0,Standard,39.91,678.46,Credit Card,Delivered,6.0,2.0,False
84665133,742559,2024-05-01,Beauty,Lipstick,1,28.63,0.0,28.63,12.99,Express,1.79,43.41,Debit Card,Delivered,3.0,3.0,False
53420126,409228,2025-03-06,Electronics,Wireless Earbuds,1,331.29,0.0,331.29,0.0,Standard,13.25,344.54,Credit Card,Delivered,5.0,5.0,False
77734650,409624,2024-05-30,Sports & Outdoors,Resistance Bands,1,220.2,15.0,187.17,0.0,Standard,11.23,198.4,Debit Card,Delivered,5.0,4.0,False
20940921,749920,2025-11-25,Clothing,Running Shoes,1,127.7,0.0,127.7,0.0,Standard,7.98,135.68,PayPal,Returned,7.0,,False
87805363,950421,2024-11-16,Beauty,Moisturizer,3,61.45,5.0,175.13,0.0,Express,10.95,186.08,Credit Card,Delivered,2.0,4.0,False
21614791,945168,2025-01-02,Books,Self-Help Book,4,32.21,0.0,128.84,0.0,Standard,8.05,136.89,Debit Card,Delivered,3.0,3.0,False
63465478,455782,2025-06-30,Clothing,Women's Jeans,2,125.14,0.0,250.28,0.0,Express,15.64,265.92,Credit Card,Delivered,4.0,,False
32580403,724848,2024-08-17,Beauty,Face Serum,1,33.76,0.0,33.76,5.99,Standard,2.79,42.54,Credit Card,Delivered,5.0,4.0,False
32996920,859423,2025-09-18,Electronics,Smartwatch,1,296.5,0.0,296.5,0.0,Standard,17.79,314.29,PayPal,Delivered,6.0,,False
45006333,525664,2025-04-19,Clothing,Yoga Leggings,2,81.67,5.0,155.17,0.0,Next-Day,6.21,161.38,Apple Pay,Delivered,1.0,,False
46802674,645647,2025-05-31,Clothing,Denim Jacket,1,68.68,0.0,68.68,5.99,Standard,6.1,80.77,Debit Card,Shipped,,,False
79956840,659864,2025-08-19,Sports & Outdoors,Hiking Backpack,1,277.54,0.0,277.54,0.0,Express,24.63,302.17,Gift Card,Delivered,3.0,5.0,False
97009137,812521,2024-08-04,Electronics,Portable Charger,1,161.46,0.0,161.46,0.0,Standard,10.09,171.55,Credit Card,Delivered,6.0,4.0,False
21188333,768390,2024-06-12,Clothing,Running Shoes,2,119.44,0.0,238.88,0.0,Standard,13.38,252.26,Credit Card,Delivered,5.0,4.0,False
87345066,304849,2024-08-26,Toys,Building Block Set,1,53.76,0.0,53.76,5.99,Standard,4.77,64.52,PayPal,Delivered,7.0,3.0,False
96758236,924543,2025-05-18,Electronics,Bluetooth Speaker,2,107.3,0.0,214.6,0.0,Standard,12.88,227.48,Credit Card,Delivered,5.0,,False
54350460,688573,2024-04-07,Home & Kitchen,Coffee Maker,2,224.99,0.0,449.98,0.0,Express,27.0,476.98,PayPal,Shipped,,,False
96625309,791592,2025-08-21,Beauty,Nail Polish Set,3,101.34,0.0,304.02,0.0,Standard,17.48,321.5,Credit Card,Delivered,5.0,,False
39080125,984678,2025-07-30,Clothing,Wool Sweater,2,77.35,0.0,154.7,0.0,Standard,12.76,167.46,Debit Card,Processing,,,False
83720310,839134,2025-12-22,Clothing,Hoodie,2,65.69,0.0,131.38,0.0,Standard,7.55,138.93,PayPal,Shipped,,,False
81731248,262277,2025-03-12,Clothing,Socks (3-pack),2,94.19,0.0,188.38,0.0,Standard,12.24,200.62,Credit Card,Delivered,7.0,3.0,False
26716343,660209,2024-11-09,Clothing,Yoga Leggings,1,39.57,0.0,39.57,5.99,Standard,3.26,48.82,Credit Card,Delivered,5.0,3.0,False
75659231,878904,2025-05-04,Toys,Plush Toy,2,62.92,0.0,125.84,0.0,Standard,7.87,133.71,PayPal,Cancelled,,,False
60027923,867788,2024-04-11,Beauty,Face Serum,3,86.94,0.0,260.82,0.0,Standard,7.56,268.38,Debit Card,Delivered,5.0,3.0,False
22518396,102475,2025-07-01,Grocery,Protein Powder,2,28.8,0.0,57.6,5.99,Standard,3.6,67.19,Credit Card,Delivered,5.0,4.0,False
41439516,562945,2025-09-24,Electronics,Portable Charger,1,237.57,0.0,237.57,0.0,Standard,14.25,251.82,Debit Card,Delivered,7.0,,False
10748761,991288,2024-12-22,Sports & Outdoors,Water Bottle,1,106.08,5.0,100.78,0.0,Standard,4.79,105.57,PayPal,Delivered,9.0,,False
87145931,262277,2025-12-03,Electronics,Gaming Mouse,1,173.14,10.0,155.83,0.0,Standard,10.13,165.96,Debit Card,Processing,,,False
90680344,567801,2025-11-06,Clothing,Denim Jacket,3,80.11,0.0,240.33,0.0,Express,19.83,260.16,Debit Card,Shipped,,,False
61432483,262277,2025-07-27,Clothing,Socks (3-pack),1,49.72,0.0,49.72,12.99,Express,3.23,65.94,PayPal,Delivered,1.0,5.0,False
45711220,360610,2025-12-25,Electronics,Wireless Earbuds,1,176.72,0.0,176.72,0.0,Standard,5.12,181.84,Debit Card,Delivered,3.0,,False
84960948,223412,2024-12-29,Toys,Remote Control Car,1,30.51,,28.98,5.99,Standard,1.81,36.78,Debit Card,Delivered,5.0,5.0,False
68228713,525664,2025-12-10,Clothing,Winter Jacket,1,155.04,25.0,116.28,0.0,Standard,4.65,120.93,Debit Card,Delivered,6.0,4.0,False
24809769,654375,2025-02-01,Sports & Outdoors,Hiking Backpack,1,177.75,0.0,177.75,0.0,Standard,11.11,188.86,PayPal,Delivered,6.0,4.0,False
11699374,266813,2024-09-20,Electronics,Noise Cancelling Headphones,1,148.88,0.0,148.88,0.0,Standard,7.07,155.95,Gift Card,Cancelled,,,False
10393845,217837,2025-11-08,Toys,Board Game,2,21.33,0.0,42.66,12.99,Express,3.52,59.17,PayPal,Delivered,4.0,,False
78189249,562945,2025-12-22,Clothing,Hoodie,5,54.01,20.0,216.04,0.0,Standard,12.96,229.0,PayPal,Delivered,5.0,4.0,True
82947147,955115,2025-09-13,Home & Kitchen,Coffee Maker,1,43.83,0.0,43.83,5.99,Standard,3.62,53.44,Gift Card,Delivered,6.0,,False
32628817,161769,2024-12-07,Electronics,Noise Cancelling Headphones,4,50.72,5.0,192.74,0.0,Standard,11.56,204.3,Debit Card,Shipped,,,False
89346191,193195,2025-11-23,Grocery,Green Tea (Box),1,9.32,0.0,9.32,5.99,Standard,0.56,15.87,Credit Card,Returned,6.0,,False
84677890,360610,2024-09-10,Beauty,Makeup Brush Set,3,84.53,15.0,215.55,0.0,Standard,6.25,221.8,Credit Card,Cancelled,,,False
60104468,370507,2025-08-05,Home & Kitchen,Coffee Maker,1,98.95,0.0,98.95,0.0,Standard,5.54,104.49,Credit Card,Returned,4.0,,False
36909801,376515,2025-11-25,Home & Kitchen,Storage Bins,1,118.05,0.0,118.05,0.0,Express,7.08,125.13,Debit Card,Cancelled,,,False
10653605,150555,2024-09-21,Home & Kitchen,Blender,5,203.88,0.0,1019.4,0.0,Express,58.62,1078.02,Debit Card,Cancelled,,,False
32235199,259486,2024-11-22,Books,Biography,1,15.29,0.0,15.29,5.99,Standard,1.26,22.54,Debit Card,Delivered,5.0,3.0,False
20604593,562945,2024-03-28,Beauty,Hair Dryer,4,123.42,0.0,493.68,0.0,Express,29.62,523.3,PayPal,Delivered,5.0,3.0,True
91350653,299732,2024-06-28,Electronics,Smartwatch,1,270.94,0.0,270.94,0.0,Express,16.93,287.87,Debit Card,Delivered,2.0,3.0,False
50643117,975413,2024-07-26,Sports & Outdoors,Jump Rope,2,215.84,0.0,431.68,0.0,,38.31,469.99,Credit Card,Delivered,5.0,5.0,False
49654170,521813,2024-08-04,Clothing,Summer Dress,4,39.57,0.0,158.28,0.0,Standard,14.05,172.33,PayPal,Delivered,7.0,2.0,False
52049766,156059,2024-11-24,Beauty,Perfume,4,43.31,20.0,138.59,0.0,Standard,0.0,138.59,Credit Card,Delivered,6.0,4.0,False
61956379,984678,2024-12-05,Electronics,USB-C Hub,1,223.3,10.0,200.97,0.0,Express,16.58,217.55,Credit Card,Delivered,1.0,,False
80945345,141729,2024-04-24,Home & Kitchen,Table Lamp,1,91.63,0.0,91.63,0.0,Express,3.67,95.3,Credit Card,Delivered,4.0,3.0,False
50542061,602443,2025-03-01,Grocery,Pasta & Sauce Bundle,1,11.13,0.0,11.13,5.99,Standard,0.92,18.04,Credit Card,Delivered,7.0,,False
44866340,877973,2025-11-05,Electronics,Portable Charger,5,141.01,0.0,705.05,0.0,Standard,58.17,763.22,Credit Card,Delivered,7.0,4.0,False
75754181,617300,2025-12-15,Clothing,Men's T-Shirt,2,146.18,5.0,277.74,0.0,Next-Day,17.36,295.1,Debit Card,Returned,1.0,,True
98584498,562945,2024-12-26,Electronics,Gaming Mouse,5,187.96,0.0,939.8,0.0,Standard,56.39,996.19,Apple Pay,Delivered,5.0,,False
91799459,290240,2025-10-28,Clothing,Women's Jeans,1,134.58,0.0,134.58,0.0,Standard,5.38,139.96,Credit Card,Delivered,5.0,,False
61499327,181268,2025-09-18,Grocery,Green Tea (Box),3,29.1,0.0,87.3,0.0,Standard,5.46,92.76,Apple Pay,Delivered,6.0,,False
31466772,153957,2025-03-05,Sports & Outdoors,Dumbbell Set,2,89.79,0.0,179.58,0.0,Standard,10.77,190.35,Gift Card,Shipped,,,False
49064901,985973,2025-03-26,Sports & Outdoors,Hiking Backpack,2,109.91,0.0,219.82,0.0,Standard,13.19,233.01,Credit Card,Delivered,4.0,3.0,True
82209033,262277,2025-12-30,Clothing,Running Shoes,1,31.06,0.0,31.06,5.99,Standard,2.02,39.07,Credit Card,Shipped,,,False
25535339,567801,2024-11-08,Clothing,Running Shoes,1,70.02,0.0,70.02,5.99,Standard,5.78,81.79,Apple Pay,Delivered,6.0,,False
85343204,568666,2024-08-01,Beauty,Makeup Brush Set,1,37.62,0.0,37.62,5.99,Standard,1.5,45.11,PayPal,Delivered,6.0,3.0,False
98940258,862231,2024-11-24,Beauty,Sunscreen SPF50,2,49.63,10.0,89.33,0.0,Standard,7.37,96.7,Debit Card,Delivered,8.0,,False
63046347,950096,2025-11-10,Beauty,Makeup Brush Set,4,34.26,5.0,130.19,0.0,,10.74,140.93,Debit Card,Delivered,3.0,5.0,False
44306565,479622,2025-07-17,Clothing,Hoodie,1,100.68,0.0,100.68,0.0,Standard,5.64,106.32,Debit Card,Delivered,5.0,,False
29514952,357070,2025-09-04,Sports & Outdoors,Fishing Rod,4,261.04,0.0,1044.16,0.0,Express,92.67,1136.83,PayPal,Delivered,1.0,,False
65823315,933473,2025-11-16,Books,Fiction Novel,1,20.96,10.0,18.86,5.99,Standard,1.18,26.03,Credit Card,Delivered,5.0,3.0,False
88939475,901983,2024-09-29,Electronics,Laptop Stand,1,282.74,20.0,226.19,0.0,Standard,14.14,240.33,Credit Card,Delivered,3.0,,False
40501957,141729,2025-04-22,Books,Children's Picture Book,1,13.56,0.0,13.56,12.99,Express,0.54,27.09,PayPal,Delivered,2.0,,False
17678204,453806,2024-11-15,Home & Kitchen,Blender,1,243.36,0.0,243.36,0.0,Standard,15.82,259.18,Debit Card,Delivered,4.0,4.0,False
99083267,867788,2024-05-01,Books,Cookbook,1,27.58,15.0,23.44,5.99,Standard,0.68,30.11,Credit Card,Delivered,7.0,,False
12342006,274094,2024-01-15,Clothing,Denim Jacket,1,64.67,0.0,64.67,5.99,Standard,5.34,76.0,Credit Card,Delivered,6.0,,False
97837475,267355,2024-09-16,Sports & Outdoors,Resistance Bands,1,21.41,10.0,19.27,12.99,Express,1.59,33.85,Credit Card,Delivered,1.0,4.0,False
24167242,415267,2024-12-12,Home & Kitchen,Coffee Maker,2,85.41,15.0,145.2,0.0,Next-Day,0.0,145.2,Credit Card,Delivered,1.0,,False
64907498,646841,2024-03-05,Electronics,Noise Cancelling Headphones,1,245.78,0.0,245.78,0.0,Standard,14.13,259.91,Apple Pay,Delivered,6.0,4.0,True
71225148,533743,2024-11-08,Clothing,Winter Jacket,1,93.67,5.0,88.99,0.0,Standard,5.56,94.55,Credit Card,Shipped,,,False
22069189,206781,2025-03-06,Electronics,Gaming Mouse,5,396.81,0.0,1984.05,0.0,Standard,111.11,2095.16,PayPal,Delivered,6.0,4.0,False
18703673,934213,2024-02-20,Clothing,Yoga Leggings,2,75.97,10.0,136.75,0.0,Standard,11.28,148.03,Credit Card,Delivered,5.0,,False
37190261,867788,2025-03-31,Sports & Outdoors,Resistance Bands,1,163.05,0.0,163.05,0.0,Standard,4.73,167.78,Credit Card,Delivered,4.0,4.0,False
32026988,223412,2024-12-31,Electronics,4K Monitor,2,212.02,0.0,424.04,0.0,Standard,26.5,450.54,Debit Card,Delivered,7.0,3.0,False
10023510,609870,2025-12-19,Home & Kitchen,Throw Pillow,1,109.3,5.0,103.83,0.0,Express,6.49,110.32,Debit Card,Delivered,2.0,5.0,False
98901810,169983,2025-11-11,Electronics,Laptop Stand,1,363.62,0.0,363.62,0.0,Standard,30.0,393.62,Credit Card,Cancelled,,,False
37948333,789354,2024-01-23,Beauty,Lipstick,2,68.68,0.0,137.36,0.0,Standard,6.52,143.88,Debit Card,Delivered,5.0,,False
54150444,304850,2025-12-31,Clothing,Running Shoes,2,148.82,0.0,297.64,0.0,Standard,16.67,314.31,PayPal,Shipped,,,False
34164436,150447,2024-12-13,Grocery,Pasta & Sauce Bundle,1,32.88,10.0,29.59,22.99,Next-Day,1.66,54.24,Debit Card,Delivered,1.0,,False
41874656,958338,2025-11-17,Toys,Puzzle (1000pc),4,41.83,0.0,167.32,0.0,Standard,10.46,177.78,PayPal,Shipped,,,False
49258282,314363,2024-11-20,Sports & Outdoors,Water Bottle,3,112.88,25.0,253.98,0.0,Next-Day,15.87,269.85,Debit Card,Shipped,,,False
33804374,936730,2024-08-24,Electronics,4K Monitor,1,147.32,0.0,147.32,0.0,Standard,8.25,155.57,Credit Card,Processing,,,False
57029937,238541,2024-11-22,Books,Biography,1,31.18,10.0,28.06,5.99,Standard,2.49,36.54,Credit Card,Shipped,,,False
77399761,957297,2025-04-07,Home & Kitchen,Bed Sheets Set,3,197.06,5.0,561.62,0.0,Next-Day,33.7,595.32,Credit Card,Delivered,1.0,3.0,False
55508381,975413,2024-05-15,Sports & Outdoors,Water Bottle,3,262.81,0.0,788.43,0.0,Next-Day,69.97,858.4,Debit Card,Processing,,,True
41140565,478894,2024-11-05,Beauty,Perfume,2,34.1,10.0,61.38,5.99,Standard,1.78,69.15,Credit Card,Returned,3.0,,False
93860681,950421,2024-08-19,Clothing,Running Shoes,1,65.99,,56.09,5.99,Standard,3.51,65.59,PayPal,Delivered,6.0,,False
88547037,413424,2024-10-22,Home & Kitchen,Throw Pillow,2,94.94,0.0,189.88,0.0,Standard,11.39,201.27,Debit Card,Returned,6.0,,False
61821005,616728,2025-10-16,Home & Kitchen,Non-Stick Pan,5,116.0,0.0,580.0,0.0,Express,16.82,596.82,Gift Card,Delivered,2.0,,False
58250250,968744,2024-12-28,Books,Self-Help Book,1,15.44,,13.12,5.99,Standard,1.08,20.19,Credit Card,Delivered,5.0,4.0,False
94737159,544683,2024-03-21,Sports & Outdoors,Dumbbell Set,1,24.6,0.0,24.6,5.99,Standard,2.03,32.62,PayPal,Delivered,6.0,3.0,False
77611647,244629,2025-11-24,Home & Kitchen,Coffee Maker,1,279.17,0.0,279.17,0.0,Standard,15.63,294.8,Apple Pay,Delivered,5.0,5.0,False
78216263,105585,2025-01-09,Electronics,Bluetooth Speaker,4,152.83,0.0,611.32,0.0,Express,38.21,649.53,Debit Card,Delivered,3.0,,False
50978739,276268,2025-12-06,Books,Poetry Collection,2,20.44,0.0,40.88,5.99,Standard,3.37,50.24,Credit Card,Delivered,6.0,,False
85625984,424543,2025-12-22,Sports & Outdoors,Jump Rope,1,161.28,0.0,161.28,0.0,Standard,7.66,168.94,PayPal,Delivered,6.0,,False
79982162,642047,2025-01-08,Clothing,Men's T-Shirt,1,48.72,0.0,48.72,5.99,Standard,2.73,57.44,PayPal,Delivered,5.0,,False
20158371,846901,2024-10-31,Toys,Building Block Set,1,58.44,0.0,58.44,12.99,Express,3.65,75.08,Debit Card,Delivered,2.0,2.0,False
90529533,728511,2025-10-28,Clothing,Summer Dress,1,80.9,0.0,80.9,0.0,Standard,3.24,84.14,Debit Card,Delivered,8.0,3.0,False
76694009,491813,2024-11-25,Clothing,Yoga Leggings,3,36.81,0.0,110.43,0.0,Standard,9.11,119.54,Debit Card,Delivered,6.0,4.0,False
82013774,919830,2025-02-23,Clothing,Socks (3-pack),2,111.41,0.0,222.82,0.0,Standard,13.93,236.75,Credit Card,Delivered,7.0,4.0,False
43449402,453881,2025-03-27,Home & Kitchen,Non-Stick Pan,3,238.84,0.0,716.52,0.0,Express,40.13,756.65,Debit Card,Delivered,2.0,4.0,False
31465721,571051,2024-06-08,Electronics,Gaming Mouse,1,246.95,0.0,246.95,0.0,Standard,14.82,261.77,PayPal,Delivered,6.0,3.0,False
72843321,869221,2024-10-05,Clothing,Socks (3-pack),2,35.79,0.0,71.58,5.99,Standard,4.65,82.22,Debit Card,Cancelled,,,False
75845802,884309,2024-08-20,Beauty,Face Serum,1,93.19,0.0,93.19,0.0,Standard,4.43,97.62,Apple Pay,Delivered,7.0,4.0,False
20487303,751366,2024-02-03,Clothing,Summer Dress,1,101.69,0.0,101.69,0.0,Standard,9.02,110.71,Gift Card,Delivered,6.0,3.0,False
60774341,871382,2024-04-16,Home & Kitchen,Cutlery Set,5,43.08,0.0,215.4,0.0,Standard,19.12,234.52,Credit Card,Cancelled,,,False
40567818,853594,2025-11-24,Sports & Outdoors,Fishing Rod,2,103.22,15.0,175.47,0.0,Standard,15.57,191.04,Credit Card,Returned,5.0,,False
56158018,286239,2025-11-09,Sports & Outdoors,Bicycle Helmet,3,249.87,0.0,749.61,0.0,Standard,0.0,749.61,PayPal,Delivered,5.0,,False
78963946,187821,2024-10-27,Toys,Doll House,1,35.31,0.0,35.31,5.99,Standard,2.21,43.51,Credit Card,Shipped,,,False
61090700,920879,2025-12-08,Clothing,Running Shoes,1,47.59,0.0,47.59,5.99,Standard,2.97,56.55,Apple Pay,Delivered,6.0,4.0,False
50695034,815076,2024-09-29,Electronics,Portable Charger,2,90.95,0.0,181.9,0.0,Standard,11.37,193.27,PayPal,Delivered,5.0,,False
32182407,299732,2024-12-26,Electronics,Smartphone Case,1,262.06,0.0,262.06,0.0,Standard,16.38,278.44,Credit Card,Delivered,5.0,4.0,False
27678760,409624,2024-04-10,Clothing,Men's T-Shirt,1,60.13,0.0,60.13,22.99,Next-Day,3.61,86.73,Credit Card,Delivered,1.0,3.0,False
48934615,215560,2025-06-15,Home & Kitchen,Storage Bins,1,98.2,10.0,88.38,0.0,Express,7.29,95.67,PayPal,Delivered,4.0,5.0,False
83148400,901983,2024-04-26,Home & Kitchen,Vacuum Cleaner,3,98.62,0.0,295.86,0.0,Standard,18.49,314.35,PayPal,Delivered,5.0,3.0,False
96850326,755714,2025-09-16,Beauty,Hair Dryer,1,70.83,0.0,70.83,5.99,Standard,6.29,83.11,Debit Card,Shipped,,,False
11629348,342889,2025-09-07,Electronics,Noise Cancelling Headphones,3,86.08,0.0,258.24,0.0,Standard,14.85,273.09,PayPal,Delivered,6.0,,False
25619347,490754,2025-06-27,Clothing,Men's T-Shirt,1,48.05,0.0,48.05,12.99,Express,2.69,63.73,Credit Card,Shipped,,,True
29198360,628668,2024-09-27,Toys,Plush Toy,2,21.09,0.0,42.18,12.99,Express,2.53,57.7,Credit Card,Delivered,1.0,,False
29728747,968744,2025-11-30,Clothing,Denim Jacket,2,92.86,0.0,185.72,0.0,Standard,15.32,201.04,PayPal,Delivered,7.0,,False
33551223,834273,2025-12-10,Toys,Action Figure,5,55.75,10.0,250.88,0.0,Standard,0.0,250.88,Credit Card,Delivered,4.0,,False
72056870,812521,2025-12-05,Toys,Art & Craft Kit,1,33.65,0.0,33.65,12.99,Express,2.1,48.74,Credit Card,Delivered,2.0,,False
47115250,329274,2024-10-07,Sports & Outdoors,Dumbbell Set,3,81.68,20.0,196.03,0.0,Express,12.74,208.77,Credit Card,Returned,3.0,,False
28962125,379523,2025-06-02,Sports & Outdoors,Fishing Rod,1,208.98,0.0,208.98,0.0,Standard,13.06,222.04,Credit Card,Delivered,6.0,3.0,False
28777241,723573,2025-03-07,Electronics,Gaming Mouse,3,168.57,0.0,505.71,0.0,Standard,41.72,547.43,PayPal,Shipped,,,False
48563337,579703,2025-03-20,Home & Kitchen,Non-Stick Pan,2,113.46,0.0,226.92,0.0,Standard,13.62,240.54,Credit Card,Delivered,6.0,4.0,False
57769694,776024,2025-10-13,Home & Kitchen,Air Fryer,1,237.79,15.0,202.12,0.0,Express,16.67,218.79,Credit Card,Delivered,2.0,5.0,False
38760426,370507,2024-11-05,Sports & Outdoors,Yoga Mat,5,61.44,0.0,307.2,0.0,Standard,17.2,324.4,Credit Card,Returned,8.0,,False
53550951,503012,2024-03-18,Clothing,Running Shoes,1,70.18,0.0,70.18,12.99,Express,4.39,87.56,Credit Card,Delivered,3.0,4.0,False
89761458,451437,2024-07-23,Beauty,Sunscreen SPF50,1,29.84,5.0,28.35,5.99,Standard,1.35,35.69,Debit Card,Shipped,,,False
83912109,793675,2025-08-28,Electronics,Portable Charger,3,167.41,0.0,502.23,0.0,Standard,44.57,546.8,Credit Card,Delivered,6.0,,False
38462256,793675,2025-09-08,Sports & Outdoors,Dumbbell Set,5,271.95,0.0,1359.75,0.0,Standard,120.68,1480.43,Credit Card,Delivered,5.0,,False
72613197,717805,2024-01-08,Electronics,USB-C Hub,5,179.4,5.0,852.15,0.0,Standard,47.72,899.87,Credit Card,Delivered,5.0,4.0,False
42632748,666414,2025-02-14,Electronics,USB-C Hub,5,216.83,0.0,1084.15,0.0,Express,51.5,1135.65,Debit Card,Delivered,3.0,4.0,False
54564768,255538,2024-06-18,Home & Kitchen,Throw Pillow,2,57.01,0.0,114.02,0.0,Next-Day,5.42,119.44,Debit Card,Delivered,1.0,5.0,True
44427398,635222,2025-10-08,Grocery,Green Tea (Box),2,15.06,5.0,28.61,5.99,Standard,1.72,36.32,Credit Card,Delivered,5.0,,False
40334740,290240,2024-11-17,Electronics,Smartphone Case,2,69.23,25.0,103.84,0.0,Standard,4.15,107.99,Debit Card,Shipped,,,False
56613004,325360,2024-06-21,Beauty,Nail Polish Set,3,73.68,0.0,221.04,0.0,Standard,6.41,227.45,PayPal,Delivered,6.0,,False
55807209,363598,2025-12-14,Electronics,Laptop Stand,1,425.31,0.0,425.31,0.0,Standard,25.52,450.83,Gift Card,Delivered,7.0,3.0,False
71601407,287307,2025-05-20,Beauty,Perfume,3,59.62,0.0,178.86,0.0,Standard,14.76,193.62,Apple Pay,Returned,5.0,,False
60045961,105585,2025-12-15,Electronics,Laptop Stand,1,217.98,0.0,217.98,0.0,Standard,13.62,231.6,PayPal,Delivered,5.0,,False
60949102,244629,2025-11-04,Books,Poetry Collection,1,36.4,10.0,32.76,12.99,Express,1.83,47.58,Debit Card,Delivered,2.0,5.0,False
54473937,898248,2024-02-20,Books,Science Textbook,1,25.15,0.0,25.15,12.99,Express,0.73,38.87,Credit Card,Delivered,3.0,5.0,False
79576892,584769,2024-11-09,Electronics,USB-C Hub,1,124.48,0.0,124.48,0.0,Standard,7.78,132.26,Credit Card,Delivered,3.0,,False
94094719,960168,2024-02-08,Beauty,Lipstick,1,70.58,0.0,70.58,12.99,Express,3.95,87.52,Credit Card,Shipped,,,False
87119937,669983,2024-12-18,Books,Poetry Collection,4,10.8,20.0,34.56,12.99,Express,1.64,49.19,Credit Card,Delivered,4.0,,False
76844261,287711,2025-12-29,Electronics,Smartwatch,2,310.38,0.0,620.76,0.0,Standard,55.09,675.85,Credit Card,Processing,,,False
63729063,255491,2024-09-17,Electronics,4K Monitor,1,154.19,0.0,154.19,0.0,Standard,9.25,163.44,Credit Card,Delivered,5.0,,False
87298931,376515,2024-04-22,Clothing,Denim Jacket,2,61.78,0.0,123.56,0.0,Standard,7.41,130.97,Apple Pay,Processing,,,False
76033452,862525,2024-05-10,Electronics,USB-C Hub,1,230.3,0.0,230.3,0.0,Express,13.82,244.12,Debit Card,Delivered,2.0,,False
97281885,106146,2025-09-01,Toys,Plush Toy,1,71.6,0.0,71.6,5.99,Standard,4.47,82.06,PayPal,Shipped,,,False
19703130,991288,2024-12-20,Clothing,Denim Jacket,2,38.32,0.0,76.64,0.0,Standard,3.64,80.28,Debit Card,Delivered,5.0,,False
79323596,258311,2025-11-07,Books,Biography,1,31.93,20.0,25.54,5.99,Standard,1.6,33.13,Credit Card,Delivered,5.0,3.0,True
78546098,510757,2025-03-12,Beauty,Hair Dryer,1,84.81,0.0,84.81,0.0,Standard,7.53,92.34,Credit Card,Delivered,5.0,5.0,False
55745182,177411,2024-07-27,Beauty,Lipstick,1,89.86,20.0,71.89,12.99,Express,4.67,89.55,Credit Card,Delivered,1.0,,False
65917943,150447,2025-01-23,Books,Self-Help Book,2,19.75,0.0,39.5,5.99,Standard,2.21,47.7,Credit Card,Returned,5.0,,False
40273580,953386,2024-08-15,Beauty,Body Lotion,1,87.62,0.0,87.62,0.0,Express,7.23,94.85,PayPal,Returned,1.0,,False
13637492,524726,2024-05-19,Sports & Outdoors,Water Bottle,1,154.11,0.0,154.11,0.0,Standard,10.02,164.13,Credit Card,Delivered,4.0,,False
68662558,851678,2025-09-05,Clothing,Women's Jeans,3,35.87,0.0,107.61,0.0,Express,6.73,114.34,Debit Card,Delivered,1.0,3.0,False
33943285,884309,2025-08-07,Sports & Outdoors,Bicycle Helmet,2,94.63,5.0,179.8,0.0,Express,8.54,188.34,Debit Card,Delivered,3.0,,False
32370152,869221,2024-02-18,Clothing,Running Shoes,1,16.14,0.0,16.14,12.99,Express,1.05,30.18,Debit Card,Delivered,2.0,1.0,False
61299310,319615,2025-01-10,Electronics,Noise Cancelling Headphones,2,138.13,0.0,276.26,0.0,Standard,16.58,292.84,Credit Card,Processing,,,False
76039963,150447,2024-11-29,Sports & Outdoors,Hiking Backpack,2,101.28,10.0,182.3,0.0,Standard,10.21,192.51,Credit Card,Delivered,4.0,4.0,False
10869959,200688,2024-03-31,Home & Kitchen,Vacuum Cleaner,1,217.73,,217.73,0.0,Standard,12.52,230.25,PayPal,Shipped,,,False
56197075,900550,2025-10-21,Toys,Puzzle (1000pc),5,51.66,30.0,180.81,0.0,Express,11.3,192.11,Debit Card,Delivered,1.0,,False
86256284,822924,2024-08-15,Books,Self-Help Book,3,23.74,0.0,71.22,5.99,Standard,4.45,81.66,Credit Card,Processing,,,False
96149846,199805,2024-09-20,Clothing,Winter Jacket,1,68.03,0.0,68.03,12.99,Express,3.91,84.93,PayPal,Delivered,2.0,3.0,False
52656108,635222,2024-09-19,Sports & Outdoors,Golf Balls (12-pack),1,282.04,0.0,282.04,0.0,Standard,16.92,298.96,Apple Pay,Delivered,5.0,,False
42617863,409228,2024-12-17,Home & Kitchen,Air Fryer,3,262.88,0.0,788.64,0.0,Express,31.55,820.19,Credit Card,Delivered,3.0,4.0,False
37685134,681576,2024-05-16,Clothing,Winter Jacket,5,92.4,5.0,438.9,0.0,Standard,27.43,466.33,Credit Card,Delivered,5.0,5.0,False
71253149,516800,2025-01-07,Electronics,Smartwatch,1,84.63,0.0,84.63,0.0,Standard,5.29,89.92,Credit Card,Delivered,6.0,2.0,False
13273163,622930,2024-01-06,Home & Kitchen,Table Lamp,3,111.78,0.0,335.34,0.0,Standard,20.12,355.46,Credit Card,Delivered,6.0,,False
98051623,504586,2024-09-11,Electronics,Smartphone Case,1,195.87,0.0,195.87,0.0,Next-Day,12.73,208.6,Debit Card,Delivered,1.0,,False
30733909,363227,2025-11-12,Electronics,Noise Cancelling Headphones,1,287.75,10.0,258.98,0.0,Standard,12.3,271.28,PayPal,Cancelled,,,False
86965976,142347,2024-12-15,Home & Kitchen,Storage Bins,1,101.59,0.0,101.59,0.0,Express,8.38,109.97,Credit Card,Delivered,3.0,5.0,False
68120572,394360,2024-05-16,Home & Kitchen,Non-Stick Pan,3,44.13,15.0,112.53,0.0,Express,9.28,121.81,Apple Pay,Delivered,2.0,3.0,False
86195065,957642,2024-05-28,Electronics,Gaming Mouse,1,314.47,0.0,314.47,0.0,Standard,19.65,334.12,PayPal,Delivered,3.0,3.0,False
12877951,234581,2025-12-22,Electronics,Laptop Stand,1,233.01,0.0,233.01,0.0,Express,13.98,246.99,Credit Card,Shipped,,,False
20585363,360610,2025-12-02,Beauty,Face Serum,4,35.09,,140.36,0.0,Standard,4.07,144.43,Debit Card,Shipped,,,False
19729862,347245,2025-05-22,Clothing,Hoodie,1,87.53,0.0,87.53,0.0,Express,7.22,94.75,Debit Card,Delivered,2.0,3.0,False
23402398,251833,2024-02-14,Electronics,Portable Charger,1,142.19,5.0,135.08,0.0,Express,8.44,143.52,Credit Card,Delivered,2.0,,False
60844234,356668,2024-03-08,Electronics,Wireless Earbuds,4,118.35,0.0,473.4,0.0,Standard,29.59,502.99,Credit Card,Delivered,5.0,,False
19238321,215883,2024-11-13,Home & Kitchen,Vacuum Cleaner,3,234.1,5.0,667.18,0.0,Express,59.21,726.39,Credit Card,Returned,3.0,,False
47801241,967104,2024-07-29,Home & Kitchen,Coffee Maker,2,162.14,0.0,324.28,0.0,Standard,20.27,344.55,Gift Card,Delivered,6.0,4.0,False
94149962,681576,2024-09-02,Clothing,Winter Jacket,2,109.86,0.0,219.72,0.0,Standard,13.73,233.45,Debit Card,Processing,,,False
81450527,968744,2024-06-11,Clothing,Men's T-Shirt,3,155.65,0.0,466.95,0.0,Standard,38.52,505.47,Apple Pay,Delivered,2.0,4.0,False
21913048,459569,2024-12-02,Sports & Outdoors,Water Bottle,2,194.31,0.0,388.62,0.0,Standard,34.49,423.11,PayPal,Delivered,5.0,,True
95513743,853594,2025-09-27,Clothing,Wool Sweater,1,62.59,0.0,62.59,5.99,Standard,5.55,74.13,Credit Card,Delivered,5.0,3.0,False
22936867,968744,2024-05-10,Clothing,Summer Dress,1,122.62,0.0,122.62,0.0,Standard,10.12,132.74,PayPal,Delivered,7.0,,False
82577595,927372,2025-07-20,Electronics,Bluetooth Speaker,2,159.06,0.0,318.12,0.0,Express,19.09,337.21,PayPal,Delivered,2.0,4.0,False
14612897,911910,2025-03-14,Electronics,Gaming Mouse,1,52.89,0.0,52.89,12.99,Express,3.44,69.32,Debit Card,Delivered,2.0,,False
90808508,991288,2024-11-27,Home & Kitchen,Non-Stick Pan,4,209.41,20.0,670.11,0.0,Express,31.83,701.94,Debit Card,Delivered,1.0,4.0,False
25537373,921884,2024-08-14,Clothing,Wool Sweater,2,58.17,0.0,116.34,0.0,Standard,6.98,123.32,Credit Card,Delivered,6.0,,False
16930752,493092,2025-12-19,Electronics,USB-C Hub,2,109.5,15.0,186.15,0.0,Standard,11.63,197.78,Credit Card,Delivered,5.0,4.0,False
58117380,562945,2025-07-20,Books,Science Textbook,1,9.18,25.0,6.88,5.99,Standard,0.41,13.28,Debit Card,Delivered,3.0,,False
30136710,759700,2024-03-14,Grocery,Green Tea (Box),5,34.26,25.0,128.47,0.0,Standard,3.73,132.2,Credit Card,Delivered,5.0,4.0,False
69039042,690831,2025-04-04,Sports & Outdoors,Resistance Bands,2,100.67,0.0,201.34,0.0,Standard,12.08,213.42,Credit Card,Delivered,5.0,5.0,False
95897741,150447,2025-03-25,Electronics,Wireless Earbuds,3,136.37,0.0,409.11,0.0,Next-Day,22.91,432.02,Debit Card,Delivered,1.0,,False
58144061,287711,2024-12-05,Beauty,Sunscreen SPF50,1,85.53,0.0,85.53,0.0,Standard,7.59,93.12,PayPal,Delivered,5.0,3.0,False
72674780,276268,2025-04-08,Grocery,Snack Variety Pack,1,24.97,0.0,24.97,5.99,Standard,2.06,33.02,PayPal,Delivered,6.0,4.0,False
61355527,720530,2024-11-10,Home & Kitchen,Non-Stick Pan,2,156.38,15.0,265.85,0.0,Standard,16.62,282.47,Credit Card,Delivered,4.0,,False
89236577,773663,2025-08-17,Electronics,Portable Charger,1,326.52,0.0,326.52,0.0,Standard,13.06,339.58,Debit Card,Processing,,,False
32372117,859253,2024-06-29,Books,Children's Picture Book,1,14.67,0.0,14.67,5.99,Standard,0.92,21.58,Credit Card,Delivered,5.0,,False
92216557,839134,2025-03-07,Electronics,Portable Charger,1,312.33,10.0,281.1,0.0,Standard,16.16,297.26,Credit Card,Delivered,8.0,,False
38762491,318557,2024-02-09,Electronics,Portable Charger,2,230.93,5.0,438.77,0.0,Express,0.0,438.77,Debit Card,Delivered,1.0,,False
63267893,968744,2025-11-21,Grocery,Olive Oil,3,19.29,0.0,57.87,5.99,Standard,4.77,68.63,Debit Card,Delivered,6.0,,False
21112004,950421,2025-12-19,Toys,Remote Control Car,1,44.74,0.0,44.74,5.99,Standard,2.8,53.53,Credit Card,Shipped,,,False
53552063,492774,2025-02-26,Toys,Plush Toy,3,18.69,0.0,56.07,12.99,Express,4.98,74.04,Debit Card,Delivered,3.0,5.0,False
86353420,200688,2024-09-30,Sports & Outdoors,Resistance Bands,1,302.9,0.0,302.9,0.0,Standard,17.42,320.32,Debit Card,Shipped,,,False
18733172,176521,2024-06-26,Electronics,Noise Cancelling Headphones,2,377.53,0.0,755.06,0.0,Standard,49.08,804.14,Credit Card,Shipped,,,False
42150312,751366,2025-06-25,Sports & Outdoors,Golf Balls (12-pack),4,89.19,0.0,356.76,0.0,Next-Day,31.66,388.42,Credit Card,Delivered,2.0,5.0,False
21807064,834179,2024-09-23,Sports & Outdoors,Golf Balls (12-pack),1,308.02,10.0,277.22,0.0,Standard,16.63,293.85,Debit Card,Shipped,,,False
32608132,443269,2024-11-01,Electronics,Bluetooth Speaker,1,199.17,15.0,169.29,0.0,Standard,13.97,183.26,Debit Card,Delivered,4.0,3.0,True
48563556,306886,2025-05-25,Sports & Outdoors,Hiking Backpack,2,131.45,10.0,236.61,0.0,Standard,13.61,250.22,Credit Card,Delivered,5.0,,False
60718538,199234,2024-12-12,Electronics,Portable Charger,1,165.98,25.0,124.48,0.0,Standard,7.78,132.26,Credit Card,Delivered,7.0,,False
83529879,894429,2024-07-21,Beauty,Face Serum,2,103.96,0.0,207.92,0.0,Next-Day,17.15,225.07,PayPal,Delivered,1.0,4.0,False
66438118,982329,2025-01-18,Home & Kitchen,Table Lamp,2,66.67,0.0,133.34,0.0,Express,11.0,144.34,PayPal,Delivered,1.0,4.0,False
47438856,789354,2025-11-16,Electronics,Smartphone Case,3,136.79,0.0,410.37,0.0,Standard,19.49,429.86,Credit Card,Returned,6.0,,False
10113963,778853,2025-09-28,Electronics,Smartphone Case,1,124.94,0.0,124.94,0.0,Express,7.0,131.94,PayPal,Delivered,2.0,,False
85393331,725724,2024-07-17,Clothing,Yoga Leggings,1,60.51,0.0,60.51,5.99,Standard,3.78,70.28,Credit Card,Delivered,5.0,4.0,False
47759481,965973,2024-09-23,Books,Mystery Thriller,4,20.97,30.0,58.72,22.99,Next-Day,5.21,86.92,Credit Card,Delivered,1.0,5.0,False
13278220,968744,2025-12-02,Toys,Doll House,2,27.67,,55.34,12.99,Express,4.57,72.9,Credit Card,Delivered,4.0,,False
51899615,263426,2024-12-27,Home & Kitchen,Coffee Maker,1,58.81,10.0,52.93,5.99,Standard,3.44,62.36,Credit Card,Delivered,8.0,,False
41468786,635222,2024-05-23,Home & Kitchen,Coffee Maker,1,84.65,0.0,84.65,0.0,Standard,5.08,89.73,Apple Pay,Processing,,,False
82254373,901983,2025-12-18,Home & Kitchen,Cutlery Set,5,210.54,0.0,1052.7,0.0,Express,65.79,1118.49,PayPal,Processing,,,False
89077097,958338,2024-07-06,Beauty,Makeup Brush Set,1,70.42,0.0,70.42,5.99,Standard,4.4,80.81,Gift Card,Delivered,6.0,3.0,False
86622743,510781,2024-03-20,Home & Kitchen,Bed Sheets Set,1,266.54,0.0,266.54,0.0,Express,23.66,290.2,Debit Card,Delivered,1.0,4.0,False
87946517,262277,2025-12-15,Electronics,USB-C Hub,1,167.56,0.0,167.56,0.0,Next-Day,10.89,178.45,Apple Pay,Delivered,1.0,2.0,False
18946789,720530,2025-09-13,Sports & Outdoors,Resistance Bands,3,104.21,0.0,312.63,0.0,Express,19.54,332.17,Credit Card,Delivered,4.0,5.0,False
85286329,388002,2024-12-09,Electronics,Laptop Stand,3,238.57,0.0,715.71,0.0,Standard,40.08,755.79,Gift Card,Delivered,5.0,4.0,False
83053891,857288,2024-11-06,Clothing,Wool Sweater,1,53.21,,50.55,5.99,Standard,3.03,59.57,Debit Card,Delivered,5.0,4.0,False
99274935,812521,2025-08-11,Toys,Doll House,1,33.57,15.0,28.53,5.99,Standard,1.78,36.3,PayPal,Delivered,5.0,4.0,False
85092081,194184,2025-05-12,Grocery,Green Tea (Box),5,51.54,0.0,257.7,0.0,Express,15.46,273.16,Credit Card,Delivered,3.0,4.0,False
91108015,262277,2024-07-13,Clothing,Summer Dress,1,105.1,0.0,105.1,0.0,Standard,6.83,111.93,Apple Pay,Delivered,4.0,,True
14743284,176521,2024-11-26,Clothing,Yoga Leggings,2,62.19,0.0,124.38,0.0,Standard,8.08,132.46,Gift Card,Delivered,6.0,3.0,False
91390635,504586,2025-06-06,Electronics,Portable Charger,4,156.57,0.0,626.28,0.0,Next-Day,40.71,666.99,Credit Card,Returned,1.0,,False
81815987,910706,2025-11-25,Toys,Art & Craft Kit,4,36.31,10.0,130.72,0.0,Standard,7.84,138.56,Debit Card,Delivered,6.0,,False
15837234,941400,2025-08-29,Electronics,Smartwatch,1,75.6,0.0,75.6,0.0,Express,6.24,81.84,Credit Card,Cancelled,,,False
20272750,633917,2024-07-30,Home & Kitchen,Cutlery Set,2,131.04,0.0,262.08,0.0,Express,21.62,283.7,Credit Card,Delivered,4.0,3.0,False
17800249,471843,2025-06-10,Beauty,Lipstick,1,50.1,,50.1,5.99,Standard,2.0,58.09,Credit Card,Delivered,5.0,2.0,True
13846971,409624,2024-08-18,Electronics,Wireless Earbuds,1,149.15,0.0,149.15,0.0,Express,8.95,158.1,Credit Card,Delivered,4.0,,False
23630794,936730,2024-10-13,Home & Kitchen,Cutlery Set,3,130.88,0.0,392.64,0.0,Express,21.99,414.63,Credit Card,Delivered,5.0,4.0,False
12086989,237268,2025-08-08,Beauty,Perfume,3,34.48,0.0,103.44,0.0,Standard,6.21,109.65,Credit Card,Delivered,6.0,,False
64999478,374221,2024-03-03,Beauty,Face Serum,1,62.2,20.0,49.76,5.99,Standard,3.23,58.98,Debit Card,Shipped,,,False
72373502,297490,2024-05-27,Home & Kitchen,Coffee Maker,1,104.41,0.0,104.41,0.0,Standard,6.26,110.67,PayPal,Shipped,,,False
20836426,834273,2024-01-10,Electronics,4K Monitor,1,340.34,10.0,306.31,0.0,Standard,0.0,306.31,Debit Card,Returned,5.0,,False
34713060,627699,2024-07-09,Clothing,Winter Jacket,1,86.2,0.0,86.2,0.0,Standard,4.83,91.03,Credit Card,Delivered,6.0,5.0,False
30694813,825397,2024-11-18,Beauty,Sunscreen SPF50,3,57.7,0.0,173.1,0.0,Express,10.82,183.92,PayPal,Delivered,3.0,3.0,False
31877866,720230,2024-07-29,Home & Kitchen,Coffee Maker,1,163.79,0.0,163.79,0.0,Express,10.65,174.44,Debit Card,Delivered,3.0,,False
87777005,388002,2024-03-20,Electronics,Bluetooth Speaker,2,244.63,0.0,489.26,0.0,Standard,27.4,516.66,Credit Card,Delivered,6.0,4.0,False
24417597,545952,2024-06-24,Grocery,Snack Variety Pack,1,19.44,0.0,19.44,22.99,Next-Day,1.17,43.6,Credit Card,Delivered,1.0,,False
83133402,515674,2025-04-17,Sports & Outdoors,Golf Balls (12-pack),1,95.75,0.0,95.75,0.0,Standard,5.98,101.73,Debit Card,Shipped,,,False
92455522,839134,2025-12-07,Clothing,Hoodie,1,60.43,20.0,48.34,5.99,Standard,2.78,57.11,Debit Card,Cancelled,,,False
45489972,728511,2024-12-10,Beauty,Moisturizer,1,96.25,0.0,96.25,0.0,,3.85,100.1,Credit Card,Delivered,4.0,4.0,True
38165241,874829,2025-05-22,Clothing,Men's T-Shirt,1,43.64,0.0,43.64,12.99,Express,3.6,60.23,Credit Card,Delivered,1.0,5.0,False
50666372,237268,2025-12-14,Home & Kitchen,Vacuum Cleaner,1,265.5,0.0,265.5,0.0,Standard,15.93,281.43,Debit Card,Processing,,,True
95388533,262277,2024-05-01,Clothing,Hoodie,1,76.69,0.0,76.69,0.0,Next-Day,4.98,81.67,PayPal,Delivered,1.0,,False
51620174,697476,2025-09-01,Electronics,Bluetooth Speaker,1,137.53,0.0,137.53,0.0,Standard,8.25,145.78,Credit Card,Delivered,6.0,2.0,False
52702127,695822,2025-11-03,Home & Kitchen,Coffee Maker,4,126.13,15.0,428.84,0.0,Standard,25.73,454.57,Credit Card,Delivered,3.0,3.0,False
20411329,755714,2024-12-14,Home & Kitchen,Blender,1,206.76,0.0,206.76,0.0,Standard,18.35,225.11,Apple Pay,Delivered,5.0,,False
32887453,523106,2024-11-01,Toys,Action Figure,1,64.54,10.0,58.09,12.99,Express,3.63,74.71,Gift Card,Delivered,2.0,3.0,False
30428507,278950,2024-11-13,Beauty,Shampoo & Conditioner Set,1,142.21,5.0,135.1,0.0,Standard,6.42,141.52,Debit Card,Delivered,6.0,5.0,False
87914017,755714,2024-01-04,Books,Mystery Thriller,4,27.97,15.0,95.1,0.0,Express,8.44,103.54,PayPal,Returned,4.0,,False
85169516,413424,2024-09-18,Clothing,Wool Sweater,1,85.46,,85.46,0.0,Standard,5.13,90.59,Credit Card,Delivered,4.0,,False
57485014,678035,2024-11-02,Beauty,Perfume,1,129.06,0.0,129.06,0.0,Standard,8.07,137.13,Debit Card,Returned,6.0,,False
53348803,665342,2024-12-28,Toys,Puzzle (1000pc),1,53.45,0.0,53.45,5.99,Standard,2.54,61.98,Credit Card,Returned,4.0,,False
61646791,493092,2024-01-11,Beauty,Face Serum,3,66.07,0.0,198.21,0.0,Standard,12.39,210.6,PayPal,Delivered,5.0,,False
82001638,235881,2024-03-11,Clothing,Summer Dress,2,39.24,0.0,78.48,0.0,Express,4.91,83.39,Apple Pay,Delivered,2.0,4.0,False
34693146,309143,2025-01-13,Electronics,Smartphone Case,3,51.94,0.0,155.82,0.0,Express,6.23,162.05,Credit Card,Delivered,4.0,,False
26660800,981087,2025-01-30,Beauty,Lipstick,2,33.88,0.0,67.76,5.99,Standard,2.71,76.46,Debit Card,Shipped,,,False
90164231,958338,2025-07-21,Clothing,Hoodie,1,60.55,0.0,60.55,22.99,Next-Day,3.78,87.32,Credit Card,Delivered,1.0,4.0,False
89308744,921884,2024-07-24,Toys,Action Figure,3,74.02,0.0,222.06,0.0,Standard,13.32,235.38,Debit Card,Shipped,,,False
61890071,771452,2025-11-06,Home & Kitchen,Air Fryer,1,99.59,0.0,99.59,0.0,Express,5.98,105.57,Credit Card,Returned,4.0,,False
41919644,779182,2025-12-24,Clothing,Men's T-Shirt,3,107.35,20.0,257.64,0.0,Standard,12.24,269.88,Credit Card,Delivered,4.0,5.0,False
39937559,150447,2024-10-10,Sports & Outdoors,Resistance Bands,3,116.36,5.0,331.63,0.0,Standard,18.57,350.2,Credit Card,Delivered,4.0,4.0,False
46160931,750415,2024-04-30,Beauty,Makeup Brush Set,5,74.31,0.0,371.55,0.0,Express,20.81,392.36,PayPal,Delivered,5.0,,False
81653354,267090,2025-12-28,Beauty,Hair Dryer,2,63.62,0.0,127.24,0.0,Express,8.27,135.51,Credit Card,Processing,,,False
45993429,413424,2025-12-30,Electronics,Gaming Mouse,1,167.82,15.0,142.65,0.0,Express,8.56,151.21,Credit Card,Processing,,,False
12823681,461301,2025-03-05,Electronics,Noise Cancelling Headphones,3,123.84,20.0,297.22,0.0,Standard,18.58,315.8,Gift Card,Processing,,,False
65048087,389060,2024-12-13,Clothing,Wool Sweater,3,60.33,0.0,180.99,0.0,Standard,11.31,192.3,PayPal,Delivered,4.0,5.0,False
25918631,669175,2025-02-19,Home & Kitchen,Storage Bins,1,120.72,0.0,120.72,0.0,Standard,5.73,126.45,Debit Card,Delivered,7.0,4.0,False
96152346,424543,2025-07-13,Sports & Outdoors,Golf Balls (12-pack),1,275.83,0.0,275.83,0.0,Standard,13.1,288.93,Credit Card,Delivered,6.0,,False
56127373,665342,2025-03-15,Electronics,Smartphone Case,1,217.58,0.0,217.58,0.0,Standard,10.34,227.92,Apple Pay,Delivered,4.0,4.0,False
11970030,968744,2024-01-31,Sports & Outdoors,Fishing Rod,2,182.29,0.0,364.58,0.0,Standard,30.08,394.66,Apple Pay,Delivered,7.0,,False
94381829,262277,2024-06-30,Clothing,Winter Jacket,1,58.33,0.0,58.33,12.99,Express,3.79,75.11,Credit Card,Shipped,,,False
97932575,977660,2025-02-15,Clothing,Socks (3-pack),1,48.73,0.0,48.73,12.99,,3.05,64.77,Credit Card,Shipped,,,False
68512663,262277,2024-06-07,Clothing,Socks (3-pack),1,44.69,0.0,44.69,22.99,Next-Day,2.9,70.58,Credit Card,Delivered,1.0,,False
14489796,429136,2025-12-26,Sports & Outdoors,Golf Balls (12-pack),2,251.38,25.0,377.07,0.0,Standard,24.51,401.58,Credit Card,Cancelled,,,False
86216719,574033,2024-12-27,Electronics,Portable Charger,1,270.78,10.0,243.7,0.0,Standard,15.23,258.93,PayPal,Delivered,7.0,,False
48224623,106059,2025-10-24,Electronics,Smartwatch,3,85.37,0.0,256.11,0.0,Next-Day,21.13,277.24,Credit Card,Delivered,1.0,3.0,False
53795900,210779,2025-07-17,Electronics,Noise Cancelling Headphones,3,276.04,0.0,828.12,0.0,Standard,68.32,896.44,Debit Card,Delivered,6.0,5.0,False
36850645,779182,2025-12-26,Grocery,Green Tea (Box),3,22.09,0.0,66.27,5.99,Standard,3.15,75.41,Apple Pay,Cancelled,,,False
61497986,654523,2024-12-02,Beauty,Makeup Brush Set,5,127.6,0.0,638.0,0.0,Express,38.28,676.28,Credit Card,Delivered,4.0,3.0,False
11538090,409624,2024-11-02,Electronics,Gaming Mouse,4,108.1,0.0,432.4,0.0,Standard,25.94,458.34,Credit Card,Delivered,6.0,,False
72503870,742673,2025-01-09,Home & Kitchen,Storage Bins,2,220.96,0.0,441.92,0.0,Standard,27.62,469.54,Credit Card,Delivered,4.0,4.0,False
91546588,407063,2024-07-04,Electronics,4K Monitor,1,226.92,0.0,226.92,0.0,Next-Day,14.18,241.1,Debit Card,Delivered,1.0,4.0,False
62668200,894429,2024-03-05,Sports & Outdoors,Dumbbell Set,3,252.32,0.0,756.96,0.0,Standard,62.45,819.41,Credit Card,Delivered,4.0,2.0,False
31798410,759700,2025-11-23,Clothing,Summer Dress,4,79.76,20.0,255.23,0.0,Next-Day,7.4,262.63,Credit Card,Delivered,2.0,3.0,True
93327506,662879,2024-01-13,Electronics,Laptop Stand,2,75.45,0.0,150.9,0.0,Standard,9.43,160.33,Credit Card,Delivered,4.0,3.0,False
80471460,681576,2024-01-02,Beauty,Makeup Brush Set,5,83.3,0.0,416.5,0.0,Standard,26.03,442.53,Credit Card,Delivered,5.0,3.0,False
35517809,176588,2024-06-23,Beauty,Sunscreen SPF50,1,46.32,15.0,39.37,22.99,Next-Day,1.14,63.5,Apple Pay,Delivered,2.0,,False
44385206,289311,2025-08-21,Toys,Remote Control Car,1,48.37,5.0,45.95,12.99,Express,0.0,58.94,Credit Card,Delivered,3.0,4.0,False
36764156,562945,2025-04-10,Clothing,Winter Jacket,1,50.05,0.0,50.05,5.99,Standard,3.0,59.04,Debit Card,Cancelled,,,True
64691033,279414,2025-03-12,Beauty,Face Serum,1,81.5,0.0,81.5,0.0,Standard,5.3,86.8,Debit Card,Delivered,4.0,4.0,False
17645957,710563,2024-02-20,Home & Kitchen,Air Fryer,1,104.49,10.0,94.04,0.0,Standard,6.11,100.15,Debit Card,Delivered,6.0,5.0,False
95931588,156059,2025-03-25,Home & Kitchen,Air Fryer,3,238.7,5.0,680.29,0.0,Standard,0.0,680.29,Credit Card,Processing,,,False
54811268,409624,2024-08-24,Clothing,Hoodie,3,80.91,0.0,242.73,0.0,Standard,14.56,257.29,Credit Card,Cancelled,,,False
73614771,568666,2025-12-07,Electronics,Smartphone Case,1,201.54,0.0,201.54,0.0,Express,8.06,209.6,Apple Pay,Delivered,1.0,,False
84626080,781209,2025-08-22,Sports & Outdoors,Resistance Bands,4,68.93,0.0,275.72,0.0,Standard,13.1,288.82,Credit Card,Returned,7.0,,False
47868768,492493,2024-03-31,Toys,Remote Control Car,1,57.02,0.0,57.02,12.99,Express,3.56,73.57,Credit Card,Returned,5.0,,False
91237744,437427,2025-08-27,Grocery,Pasta & Sauce Bundle,1,22.7,0.0,22.7,12.99,Express,1.87,37.56,Credit Card,Delivered,1.0,4.0,False
20029163,848469,2025-11-08,Clothing,Hoodie,1,109.31,0.0,109.31,0.0,Standard,9.7,119.01,Apple Pay,Cancelled,,,False
56688286,544683,2024-11-14,Clothing,Men's T-Shirt,1,150.56,10.0,135.5,0.0,Standard,11.18,146.68,PayPal,Delivered,6.0,,False
95091256,510757,2024-11-29,Beauty,Hair Dryer,4,15.65,0.0,62.6,5.99,Standard,5.56,74.15,PayPal,Delivered,8.0,3.0,False
45808728,874299,2024-11-14,Electronics,Gaming Mouse,1,225.97,20.0,180.78,0.0,Next-Day,10.39,191.17,Credit Card,Delivered,1.0,,False
61101448,884309,2025-11-07,Toys,Remote Control Car,2,22.78,0.0,45.56,5.99,Standard,2.16,53.71,Debit Card,Delivered,7.0,4.0,False
98213127,262277,2024-05-15,Electronics,Wireless Earbuds,5,108.0,0.0,540.0,0.0,Express,35.1,575.1,Credit Card,Delivered,1.0,3.0,False
47008590,943393,2024-03-31,Home & Kitchen,Vacuum Cleaner,3,58.49,0.0,175.47,0.0,Standard,11.41,186.88,Apple Pay,Delivered,4.0,3.0,False
75333726,233544,2025-03-05,Books,Biography,1,29.39,5.0,27.92,5.99,Standard,2.48,36.39,Debit Card,Delivered,5.0,2.0,False
12516599,997877,2024-12-14,Clothing,Socks (3-pack),1,29.65,0.0,29.65,12.99,Express,1.93,44.57,Apple Pay,Cancelled,,,True
76046972,372352,2025-10-28,Clothing,Running Shoes,1,22.99,0.0,22.99,5.99,Standard,1.44,30.42,Credit Card,Delivered,4.0,3.0,False
64414724,464366,2024-07-19,Home & Kitchen,Air Fryer,3,87.37,25.0,196.58,0.0,Standard,12.29,208.87,Credit Card,Delivered,4.0,4.0,False
90558500,812521,2025-05-07,Clothing,Hoodie,1,87.87,0.0,87.87,0.0,Next-Day,5.49,93.36,PayPal,Delivered,1.0,,True
22843198,206781,2025-11-22,Home & Kitchen,Non-Stick Pan,1,203.65,0.0,203.65,0.0,Express,11.4,215.05,Debit Card,Delivered,4.0,,False
49025469,438441,2024-12-14,Beauty,Perfume,1,81.28,0.0,81.28,0.0,Standard,5.08,86.36,Apple Pay,Shipped,,,True
19524277,635222,2024-01-10,Clothing,Denim Jacket,1,83.84,0.0,83.84,0.0,Standard,5.03,88.87,Credit Card,Delivered,5.0,4.0,False
74211128,961935,2025-10-17,Clothing,Hoodie,2,48.06,0.0,96.12,0.0,Standard,5.77,101.89,PayPal,Delivered,5.0,4.0,False
60717928,567801,2025-09-11,Beauty,Sunscreen SPF50,1,87.79,0.0,87.79,0.0,Standard,7.24,95.03,Credit Card,Shipped,,,False
94845198,562945,2025-05-31,Clothing,Denim Jacket,1,165.93,,165.93,0.0,Next-Day,9.96,175.89,Credit Card,Shipped,,,False
72414567,284199,2025-12-13,Beauty,Perfume,1,54.1,0.0,54.1,22.99,Next-Day,4.46,81.55,Debit Card,Cancelled,,,False
71891189,985973,2025-05-11,Clothing,Winter Jacket,1,131.77,,131.77,0.0,Standard,7.91,139.68,Credit Card,Delivered,6.0,,False
40119346,579703,2024-09-05,Home & Kitchen,Vacuum Cleaner,2,136.48,0.0,272.96,0.0,Standard,16.38,289.34,Gift Card,Delivered,4.0,4.0,False
66040335,597505,2025-10-12,Toys,Doll House,2,37.43,20.0,59.89,12.99,Express,2.4,75.28,Credit Card,Returned,4.0,,False
71867079,867788,2024-09-29,Beauty,Perfume,1,90.02,0.0,90.02,0.0,Standard,2.61,92.63,Credit Card,Returned,7.0,,False
23949209,289311,2025-04-15,Books,Biography,3,21.46,15.0,54.72,5.99,Standard,0.0,60.71,Debit Card,Delivered,7.0,3.0,False
59843096,255238,2025-10-31,Sports & Outdoors,Dumbbell Set,1,54.33,10.0,48.9,12.99,Express,2.32,64.21,PayPal,Delivered,2.0,5.0,False
82511280,262277,2025-11-14,Books,Mystery Thriller,2,39.47,0.0,78.94,0.0,Next-Day,5.13,84.07,PayPal,Delivered,1.0,4.0,False
58039323,901983,2024-02-12,Electronics,4K Monitor,3,157.82,0.0,473.46,0.0,Next-Day,29.59,503.05,Credit Card,Delivered,1.0,,False
76171696,768390,2024-09-15,Sports & Outdoors,Fishing Rod,1,269.28,0.0,269.28,0.0,Standard,15.08,284.36,PayPal,Delivered,6.0,,False
18031626,301566,2025-11-29,Beauty,Body Lotion,3,55.75,10.0,150.53,0.0,Standard,9.41,159.94,Apple Pay,Delivered,5.0,,False
50242469,862392,2025-11-29,Sports & Outdoors,Bicycle Helmet,1,195.36,0.0,195.36,0.0,Express,11.72,207.08,Apple Pay,Delivered,2.0,,False
10694751,156059,2024-12-12,Beauty,Face Serum,3,22.83,,68.49,5.99,Standard,0.0,74.48,Credit Card,Cancelled,,,False
97959956,262277,2025-01-02,Grocery,Green Tea (Box),1,29.0,0.0,29.0,5.99,Standard,1.89,36.88,Debit Card,Delivered,5.0,,False
84908577,261815,2024-08-24,Beauty,Sunscreen SPF50,1,77.06,0.0,77.06,0.0,Standard,4.82,81.88,Credit Card,Cancelled,,,False
86494362,270886,2025-11-17,Toys,Puzzle (1000pc),1,40.1,5.0,38.09,5.99,Standard,2.29,46.37,Credit Card,Delivered,4.0,4.0,False
36062760,737012,2025-09-01,Home & Kitchen,Coffee Maker,2,212.26,0.0,424.52,0.0,Next-Day,27.59,452.11,Credit Card,Processing,,,False
98779881,151519,2024-11-22,Clothing,Winter Jacket,1,101.77,0.0,101.77,0.0,Standard,6.11,107.88,Debit Card,Delivered,4.0,,False
13204771,127073,2025-04-21,Home & Kitchen,Cutlery Set,2,284.04,0.0,568.08,0.0,Standard,46.87,614.95,Credit Card,Delivered,5.0,3.0,False
24140059,270269,2025-07-10,Sports & Outdoors,Bicycle Helmet,2,106.24,0.0,212.48,0.0,Express,13.28,225.76,PayPal,Delivered,1.0,4.0,False
67670987,760624,2025-01-12,Beauty,Shampoo & Conditioner Set,1,93.28,0.0,93.28,0.0,Standard,4.43,97.71,Credit Card,Delivered,4.0,,True
67746438,950096,2024-12-20,Clothing,Summer Dress,1,124.96,0.0,124.96,0.0,Express,10.31,135.27,Gift Card,Delivered,2.0,3.0,False
12710582,199805,2025-07-19,Clothing,Socks (3-pack),2,36.49,0.0,72.98,5.99,Standard,4.2,83.17,Debit Card,Cancelled,,,False
96595054,756916,2024-08-12,Clothing,Summer Dress,2,105.92,0.0,211.84,0.0,Express,12.71,224.55,Credit Card,Delivered,1.0,3.0,False
95907388,741294,2025-01-06,Clothing,Wool Sweater,2,77.95,0.0,155.9,0.0,Standard,12.86,168.76,Credit Card,Returned,5.0,,False
99566886,471843,2025-11-05,Electronics,Portable Charger,5,164.33,5.0,780.57,0.0,,31.22,811.79,Apple Pay,Returned,5.0,,False
27726327,549361,2024-02-29,Home & Kitchen,Table Lamp,1,102.95,0.0,102.95,0.0,Next-Day,6.18,109.13,Credit Card,Delivered,1.0,4.0,False
38875073,187821,2025-10-10,Beauty,Perfume,3,45.18,0.0,135.54,0.0,Standard,8.47,144.01,PayPal,Delivered,6.0,,False
74306150,413424,2024-02-13,Beauty,Makeup Brush Set,1,67.88,0.0,67.88,12.99,Express,4.07,84.94,Credit Card,Delivered,3.0,,False
79904187,360610,2025-01-15,Books,Fiction Novel,4,16.27,0.0,65.08,22.99,Next-Day,1.89,89.96,PayPal,Delivered,1.0,,False
15734781,142537,2025-02-26,Toys,Action Figure,2,63.51,5.0,120.67,0.0,Standard,3.5,124.17,Credit Card,Delivered,5.0,,False
57935435,301566,2025-09-27,Electronics,Wireless Earbuds,1,213.78,0.0,213.78,0.0,Express,13.36,227.14,PayPal,Returned,3.0,,False
94120537,927372,2025-04-02,Electronics,Noise Cancelling Headphones,4,112.93,0.0,451.72,0.0,Standard,27.1,478.82,Apple Pay,Returned,5.0,,False
93416798,782906,2024-06-27,Electronics,Wireless Earbuds,1,179.31,0.0,179.31,0.0,Standard,10.04,189.35,Apple Pay,Delivered,5.0,4.0,False
72630398,669175,2025-01-12,Electronics,Smartphone Case,4,305.77,0.0,1223.08,0.0,Next-Day,58.1,1281.18,PayPal,Shipped,,,False
76325918,932942,2025-07-21,Grocery,Snack Variety Pack,1,20.74,0.0,20.74,22.99,Next-Day,1.16,44.89,Debit Card,Delivered,1.0,3.0,False
18897688,779182,2025-02-21,Clothing,Wool Sweater,5,104.07,0.0,520.35,0.0,Express,24.72,545.07,Gift Card,Delivered,2.0,4.0,False
10591328,125648,2024-08-26,Grocery,Green Tea (Box),1,30.07,0.0,30.07,5.99,Standard,1.88,37.94,Debit Card,Delivered,4.0,2.0,False
90246351,957642,2025-10-28,Clothing,Winter Jacket,3,81.29,0.0,243.87,0.0,Next-Day,15.24,259.11,Debit Card,Delivered,2.0,,False
60627739,842595,2024-02-08,Beauty,Hair Dryer,1,24.53,0.0,24.53,12.99,Express,1.53,39.05,Credit Card,Delivered,3.0,,False
76705504,961935,2025-06-07,Clothing,Men's T-Shirt,1,21.14,0.0,21.14,12.99,Express,1.27,35.4,Credit Card,Delivered,1.0,4.0,False
25067349,115041,2024-01-12,Grocery,Protein Powder,1,31.75,15.0,26.99,12.99,Express,1.69,41.67,PayPal,Delivered,1.0,,False
70030939,773663,2025-01-11,Books,Cookbook,5,17.92,0.0,89.6,0.0,Standard,3.58,93.18,Credit Card,Delivered,4.0,,False
91595722,950421,2024-03-31,Electronics,Smartphone Case,2,344.51,0.0,689.02,0.0,Standard,43.06,732.08,Gift Card,Delivered,7.0,3.0,False
90136670,371877,2025-11-06,Toys,Building Block Set,2,32.85,5.0,62.41,5.99,Standard,5.54,73.94,Apple Pay,Delivered,4.0,,False
36790565,967104,2025-11-08,Sports & Outdoors,Golf Balls (12-pack),4,110.01,0.0,440.04,0.0,Express,27.5,467.54,Credit Card,Delivered,3.0,4.0,False
43173917,449192,2024-06-12,Sports & Outdoors,Water Bottle,2,283.07,0.0,566.14,0.0,Express,50.24,616.38,Debit Card,Shipped,,,False
92404960,968744,2025-10-21,Clothing,Yoga Leggings,1,15.15,0.0,15.15,5.99,Standard,1.25,22.39,Credit Card,Delivered,6.0,3.0,False
29744685,777854,2024-11-02,Toys,Doll House,2,56.5,0.0,113.0,0.0,Standard,6.78,119.78,Debit Card,Delivered,4.0,4.0,False
80440479,599235,2025-03-28,Home & Kitchen,Blender,2,70.7,0.0,141.4,0.0,Next-Day,8.48,149.88,Gift Card,Delivered,2.0,,True
10499966,568666,2024-12-24,Toys,Art & Craft Kit,5,47.2,0.0,236.0,0.0,Standard,9.44,245.44,Debit Card,Returned,4.0,,False
69226619,184650,2025-08-19,Toys,Plush Toy,1,37.34,0.0,37.34,5.99,Standard,2.24,45.57,PayPal,Delivered,3.0,,False
95173540,968744,2025-10-19,Toys,Art & Craft Kit,1,17.84,0.0,17.84,12.99,Express,1.47,32.3,Apple Pay,Shipped,,,False
97496687,573010,2024-12-05,Beauty,Moisturizer,2,17.81,0.0,35.62,5.99,Standard,2.05,43.66,PayPal,Delivered,5.0,,False
29278509,919830,2025-06-10,Grocery,Granola Bars (12-pack),1,46.68,0.0,46.68,22.99,Next-Day,2.92,72.59,Credit Card,Shipped,,,False
67347729,180132,2025-03-06,Clothing,Women's Jeans,2,19.5,5.0,37.05,5.99,Standard,3.06,46.1,Credit Card,Delivered,7.0,,False
55483053,531428,2025-05-16,Beauty,Lipstick,2,122.51,0.0,245.02,0.0,Standard,15.31,260.33,Credit Card,Delivered,8.0,4.0,False
95495107,504586,2025-03-12,Home & Kitchen,Air Fryer,4,194.39,0.0,777.56,0.0,Standard,50.54,828.1,Credit Card,Delivered,6.0,,False
75167162,279656,2025-11-04,Clothing,Wool Sweater,2,54.65,10.0,98.37,0.0,Standard,6.15,104.52,Credit Card,Delivered,4.0,,False
59686602,781385,2024-12-10,Clothing,Denim Jacket,2,42.67,5.0,81.07,0.0,Standard,6.69,87.76,Credit Card,Delivered,6.0,,False
91634025,479622,2025-12-01,Electronics,Bluetooth Speaker,1,198.79,0.0,198.79,0.0,Standard,11.13,209.92,PayPal,Delivered,5.0,,False
43708622,646843,2025-05-16,Toys,Art & Craft Kit,1,15.87,0.0,15.87,22.99,Next-Day,0.99,39.85,Credit Card,Delivered,2.0,,False
17995605,433152,2025-09-27,Home & Kitchen,Cutlery Set,1,73.71,30.0,51.6,5.99,Standard,3.23,60.82,Debit Card,Delivered,7.0,2.0,False
27824946,327694,2024-02-14,Books,Children's Picture Book,4,21.47,0.0,85.88,0.0,Standard,4.08,89.96,Credit Card,Delivered,5.0,,False
26563906,968744,2024-09-20,Electronics,Laptop Stand,1,353.14,0.0,353.14,0.0,Standard,29.13,382.27,Credit Card,Processing,,,False
53767383,802037,2024-04-23,Sports & Outdoors,Hiking Backpack,1,113.22,0.0,113.22,0.0,Standard,5.38,118.6,Debit Card,Delivered,4.0,3.0,False
47180198,991288,2024-03-13,Electronics,Wireless Earbuds,4,291.55,0.0,1166.2,0.0,Standard,55.39,1221.59,Apple Pay,Delivered,7.0,,False
94981004,562945,2025-12-24,Sports & Outdoors,Dumbbell Set,1,234.41,20.0,187.53,0.0,Express,11.25,198.78,PayPal,Returned,1.0,,False
94417457,862231,2024-12-30,Beauty,Perfume,1,74.51,0.0,74.51,5.99,Standard,6.15,86.65,Debit Card,Delivered,5.0,,False
52050489,867788,2025-03-29,Home & Kitchen,Vacuum Cleaner,2,51.7,0.0,103.4,0.0,Standard,3.0,106.4,Credit Card,Cancelled,,,False
68800649,703269,2024-07-02,Sports & Outdoors,Golf Balls (12-pack),1,164.22,0.0,164.22,0.0,Standard,14.57,178.79,Apple Pay,Delivered,4.0,5.0,False
17343659,715531,2024-12-06,Books,Children's Picture Book,1,18.13,20.0,14.5,5.99,Standard,0.91,21.4,Credit Card,Delivered,7.0,5.0,False
37855965,156042,2025-08-14,Clothing,Men's T-Shirt,4,98.4,0.0,393.6,0.0,Express,24.6,418.2,Debit Card,Delivered,2.0,,False
92602167,945168,2024-11-13,Home & Kitchen,Bed Sheets Set,1,82.23,5.0,78.12,0.0,Standard,4.88,83.0,Debit Card,Delivered,4.0,,False
25344075,355438,2025-04-12,Clothing,Summer Dress,3,14.17,0.0,42.51,5.99,Standard,2.55,51.05,Credit Card,Shipped,,,False
15114450,262277,2025-12-05,Clothing,Women's Jeans,1,56.76,0.0,56.76,5.99,Standard,3.69,66.44,PayPal,Shipped,,,False
63416745,423125,2025-07-06,Sports & Outdoors,Fishing Rod,2,240.1,0.0,480.2,0.0,Standard,39.62,519.82,Credit Card,Delivered,4.0,3.0,False
28962593,279656,2025-11-18,Clothing,Running Shoes,2,26.96,10.0,48.53,12.99,Express,3.03,64.55,PayPal,Delivered,1.0,1.0,False
29927119,609870,2024-12-20,Books,Poetry Collection,1,31.61,25.0,23.71,5.99,Standard,1.48,31.18,Credit Card,Delivered,5.0,,False
99612364,562945,2024-06-25,Electronics,Smartwatch,4,121.67,0.0,486.68,0.0,Standard,29.2,515.88,Credit Card,Delivered,5.0,3.0,True
94353094,703269,2025-05-05,Clothing,Wool Sweater,1,52.69,0.0,52.69,5.99,Standard,4.68,63.36,PayPal,Delivered,7.0,,False
11345930,560657,2024-11-28,Home & Kitchen,Non-Stick Pan,1,226.89,5.0,215.55,0.0,Standard,12.39,227.94,PayPal,Returned,8.0,,False
80380446,522606,2024-08-02,Electronics,Smartphone Case,1,205.83,0.0,205.83,0.0,Express,12.86,218.69,Credit Card,Delivered,3.0,,False
95108209,194595,2025-10-08,Beauty,Moisturizer,1,61.84,0.0,61.84,5.99,Standard,3.87,71.7,Credit Card,Delivered,5.0,3.0,False
43396949,102475,2024-11-14,Clothing,Hoodie,1,55.34,30.0,38.74,5.99,Standard,2.42,47.15,Credit Card,Delivered,6.0,,False
67337548,721397,2025-12-14,Beauty,Nail Polish Set,1,129.0,0.0,129.0,0.0,Standard,7.42,136.42,Apple Pay,Cancelled,,,False
93043942,965004,2025-02-05,Home & Kitchen,Coffee Maker,2,199.23,5.0,378.54,0.0,Standard,23.66,402.2,Debit Card,Delivered,6.0,3.0,False
65797380,515088,2025-09-16,Electronics,Laptop Stand,3,161.54,0.0,484.62,0.0,Express,30.29,514.91,Apple Pay,Delivered,1.0,4.0,False
42836678,309098,2025-12-01,Electronics,Gaming Mouse,2,192.67,5.0,366.07,0.0,Express,30.2,396.27,Debit Card,Delivered,3.0,,False
20226670,975413,2025-04-18,Home & Kitchen,Blender,1,159.6,0.0,159.6,0.0,Standard,14.16,173.76,Debit Card,Delivered,5.0,,False
92273198,900550,2025-03-31,Electronics,4K Monitor,1,178.44,0.0,178.44,0.0,Standard,11.15,189.59,PayPal,Delivered,5.0,3.0,True
69056918,867788,2025-07-10,Books,Science Textbook,1,18.48,10.0,16.63,5.99,Standard,0.48,23.1,Credit Card,Delivered,7.0,,False
99721641,816376,2025-04-13,Home & Kitchen,Air Fryer,2,66.6,0.0,133.2,0.0,Standard,3.86,137.06,Credit Card,Delivered,6.0,2.0,False
17881229,592240,2024-05-04,Beauty,Perfume,1,44.54,0.0,44.54,5.99,Standard,2.49,53.02,Credit Card,Delivered,7.0,,False
35644449,289311,2025-11-15,Electronics,Bluetooth Speaker,1,344.5,5.0,327.27,0.0,Standard,0.0,327.27,Credit Card,Shipped,,,False
19852688,301622,2025-11-09,Clothing,Running Shoes,1,107.11,0.0,107.11,0.0,Standard,6.43,113.54,PayPal,Delivered,6.0,,False
55483747,335665,2025-11-24,Books,Mystery Thriller,1,23.43,15.0,19.92,12.99,Express,1.2,34.11,Credit Card,Delivered,4.0,5.0,False
43946155,161769,2024-09-20,Electronics,USB-C Hub,1,143.49,0.0,143.49,0.0,Express,8.61,152.1,Credit Card,Delivered,3.0,4.0,False
99013133,835554,2025-08-08,Electronics,Wireless Earbuds,5,370.39,0.0,1851.95,0.0,Express,115.75,1967.7,Debit Card,Delivered,3.0,,False
82372611,360610,2025-11-30,Grocery,Olive Oil,1,33.95,0.0,33.95,5.99,Standard,0.98,40.92,PayPal,Delivered,7.0,,False
72572693,777395,2025-01-23,Electronics,Laptop Stand,1,224.32,0.0,224.32,0.0,Standard,14.58,238.9,PayPal,Delivered,5.0,,False
43885001,560657,2025-07-17,Clothing,Socks (3-pack),2,71.46,0.0,142.92,0.0,Express,8.22,151.14,Credit Card,Processing,,,False
77345897,106059,2024-08-17,Beauty,Shampoo & Conditioner Set,5,45.04,0.0,225.2,0.0,Express,18.58,243.78,Apple Pay,Delivered,2.0,4.0,False
72004476,151519,2024-12-06,Home & Kitchen,Vacuum Cleaner,4,254.73,0.0,1018.92,0.0,Next-Day,61.14,1080.06,Credit Card,Cancelled,,,False
59936567,187821,2024-12-21,Books,Children's Picture Book,1,21.38,0.0,21.38,5.99,Standard,1.34,28.71,Credit Card,Delivered,5.0,4.0,False
45287591,880473,2024-12-23,Electronics,Wireless Earbuds,3,311.28,0.0,933.84,0.0,Standard,58.37,992.21,PayPal,Delivered,5.0,3.0,True
83180760,871000,2024-11-23,Home & Kitchen,Air Fryer,1,200.82,0.0,200.82,0.0,Standard,12.55,213.37,Apple Pay,Delivered,5.0,,False
62870850,779182,2025-11-14,Electronics,Portable Charger,2,198.62,15.0,337.65,0.0,Express,16.04,353.69,Credit Card,Delivered,3.0,5.0,False
85662499,246201,2024-09-15,Books,Poetry Collection,1,26.54,0.0,26.54,5.99,Standard,2.19,34.72,Credit Card,Processing,,,False
34374948,606888,2025-03-13,Electronics,Portable Charger,2,379.65,15.0,645.4,0.0,Standard,40.34,685.74,Debit Card,Delivered,7.0,3.0,False
57775824,867788,2025-02-26,Books,Self-Help Book,1,17.37,0.0,17.37,5.99,Standard,0.5,23.86,Credit Card,Delivered,6.0,,False
89002990,991288,2025-12-08,Home & Kitchen,Non-Stick Pan,2,164.1,0.0,328.2,0.0,Express,15.59,343.79,Apple Pay,Shipped,,,False
48592710,752931,2024-12-06,Electronics,Bluetooth Speaker,1,143.33,0.0,143.33,0.0,Standard,12.72,156.05,Credit Card,Delivered,5.0,,False
74068633,504586,2024-07-30,Home & Kitchen,Bed Sheets Set,1,78.38,0.0,78.38,0.0,Standard,5.09,83.47,Credit Card,Delivered,6.0,,False
89751857,823563,2025-12-27,Beauty,Lipstick,2,48.4,0.0,96.8,0.0,Standard,3.87,100.67,PayPal,Processing,,,False
26152931,262641,2025-09-02,Clothing,Summer Dress,2,113.78,0.0,227.56,0.0,Standard,13.65,241.21,PayPal,Delivered,5.0,3.0,False
41095369,332189,2025-08-05,Home & Kitchen,Coffee Maker,1,218.31,5.0,207.39,0.0,Standard,17.11,224.5,Apple Pay,Delivered,5.0,3.0,False
58232338,101688,2024-04-26,Electronics,Portable Charger,3,160.95,0.0,482.85,0.0,Next-Day,19.31,502.16,Debit Card,Shipped,,,False
57539656,352636,2024-08-04,Electronics,USB-C Hub,2,277.49,0.0,554.98,0.0,Standard,36.07,591.05,Credit Card,Delivered,5.0,3.0,False
33425768,547239,2024-09-17,Home & Kitchen,Air Fryer,5,109.83,0.0,549.15,0.0,Express,32.95,582.1,Debit Card,Delivered,2.0,,False
71027256,918605,2024-02-23,Sports & Outdoors,Yoga Mat,1,269.84,0.0,269.84,0.0,Standard,16.86,286.7,Debit Card,Delivered,6.0,,False
55459972,627699,2024-02-26,Electronics,USB-C Hub,1,155.17,0.0,155.17,0.0,Standard,8.69,163.86,Debit Card,Delivered,6.0,,False
33525363,525940,2024-06-04,Electronics,Smartphone Case,3,93.01,0.0,279.03,0.0,Express,15.63,294.66,Apple Pay,Delivered,2.0,5.0,False
36807884,917055,2024-11-17,Electronics,Noise Cancelling Headphones,3,303.24,5.0,864.23,0.0,Express,41.05,905.28,Credit Card,Delivered,2.0,,False
44840663,388002,2024-09-16,Books,Cookbook,2,26.08,5.0,49.55,12.99,Express,2.77,65.31,Credit Card,Delivered,4.0,,False
21563269,504586,2025-05-04,Grocery,Olive Oil,1,24.89,0.0,24.89,5.99,Standard,1.62,32.5,Apple Pay,Delivered,5.0,4.0,False
98369099,504586,2025-09-06,Electronics,Gaming Mouse,3,278.7,0.0,836.1,0.0,Standard,54.35,890.45,Debit Card,Delivered,6.0,4.0,False
76360040,101688,2024-02-05,Electronics,4K Monitor,2,331.22,0.0,662.44,0.0,Standard,26.5,688.94,PayPal,Delivered,4.0,,False
65717506,638021,2024-06-14,Clothing,Yoga Leggings,4,65.97,0.0,263.88,0.0,Standard,21.77,285.65,Gift Card,Delivered,4.0,5.0,False
35148100,968744,2024-06-15,Books,Science Textbook,1,19.67,0.0,19.67,5.99,Standard,1.62,27.28,PayPal,Delivered,2.0,,False
68139990,999465,2024-11-05,Home & Kitchen,Table Lamp,2,90.6,0.0,181.2,0.0,Standard,10.87,192.07,Debit Card,Delivered,6.0,3.0,False
16637281,409624,2025-12-25,Electronics,4K Monitor,1,254.87,0.0,254.87,0.0,,15.29,270.16,Apple Pay,Processing,,,False
75719285,871000,2025-09-05,Home & Kitchen,Air Fryer,1,197.24,0.0,197.24,0.0,Next-Day,12.33,209.57,PayPal,Delivered,1.0,,False
47167946,266813,2025-05-09,Toys,Doll House,1,46.9,0.0,46.9,5.99,Standard,2.23,55.12,Debit Card,Delivered,5.0,4.0,False
30260903,562945,2025-05-17,Home & Kitchen,Non-Stick Pan,1,64.63,5.0,61.4,5.99,Standard,3.68,71.07,PayPal,Delivered,6.0,3.0,False
39211857,336331,2024-12-14,Clothing,Winter Jacket,1,15.65,0.0,15.65,5.99,Standard,0.0,21.64,Credit Card,Delivered,4.0,,False
50178327,363197,2024-08-22,Sports & Outdoors,Bicycle Helmet,1,138.73,0.0,138.73,0.0,Standard,5.55,144.28,Credit Card,Delivered,5.0,,False
26200755,339370,2024-09-09,Sports & Outdoors,Yoga Mat,2,235.12,0.0,470.24,0.0,Standard,28.21,498.45,PayPal,Delivered,6.0,4.0,False
76120565,632607,2025-02-22,Clothing,Summer Dress,1,42.33,10.0,38.1,5.99,Standard,3.38,47.47,Debit Card,Delivered,4.0,3.0,False
96490782,424543,2025-04-06,Clothing,Summer Dress,2,75.67,0.0,151.34,0.0,Standard,7.19,158.53,Credit Card,Delivered,6.0,3.0,False
44771007,328532,2024-07-24,Grocery,Green Tea (Box),1,36.17,0.0,36.17,5.99,Standard,2.98,45.14,Credit Card,Returned,7.0,,False
88613387,957476,2024-06-24,Home & Kitchen,Storage Bins,3,68.74,0.0,206.22,0.0,Standard,12.89,219.11,Debit Card,Delivered,6.0,3.0,False
17426949,867788,2025-12-29,Clothing,Summer Dress,1,44.93,5.0,42.68,5.99,Standard,1.24,49.91,PayPal,Shipped,,,True
91700586,415267,2024-02-04,Sports & Outdoors,Water Bottle,2,106.59,0.0,213.18,0.0,Standard,0.0,213.18,PayPal,Shipped,,,False
38850470,597505,2025-04-19,Clothing,Socks (3-pack),1,118.77,25.0,89.08,0.0,Standard,3.56,92.64,Credit Card,Processing,,,False
77291807,921402,2024-04-04,Electronics,Smartphone Case,3,443.46,0.0,1330.38,0.0,Standard,53.22,1383.6,Debit Card,Delivered,5.0,3.0,False
26302743,332189,2025-02-14,Clothing,Hoodie,4,116.64,0.0,466.56,0.0,Express,38.49,505.05,Debit Card,Delivered,6.0,3.0,False
59529628,210200,2025-06-02,Home & Kitchen,Non-Stick Pan,3,149.9,0.0,449.7,0.0,Standard,28.11,477.81,Credit Card,Delivered,6.0,1.0,False
42517951,569291,2024-03-12,Clothing,Yoga Leggings,1,98.59,5.0,93.66,0.0,Standard,7.73,101.39,PayPal,Delivered,3.0,,False
40463752,575340,2024-11-23,Clothing,Summer Dress,2,35.52,30.0,49.73,12.99,Express,2.98,65.7,PayPal,Shipped,,,False
29469999,286486,2025-05-13,Beauty,Face Serum,5,87.84,0.0,439.2,0.0,Standard,28.55,467.75,PayPal,Delivered,5.0,,False
62132501,449192,2025-12-31,Beauty,Body Lotion,1,74.19,0.0,74.19,5.99,Standard,6.58,86.76,Credit Card,Processing,,,False
34583541,781581,2025-05-14,Clothing,Hoodie,2,121.14,0.0,242.28,0.0,Standard,13.57,255.85,Credit Card,Delivered,6.0,4.0,False
91171850,176521,2024-09-30,Electronics,Smartphone Case,5,188.2,0.0,941.0,0.0,Standard,61.16,1002.16,Credit Card,Delivered,6.0,4.0,False
99429959,191947,2025-11-10,Grocery,Snack Variety Pack,1,33.94,0.0,33.94,12.99,Express,2.04,48.97,Credit Card,Cancelled,,,False
70662110,735147,2024-12-20,Sports & Outdoors,Fishing Rod,2,78.5,0.0,157.0,0.0,Standard,12.95,169.95,Debit Card,Returned,5.0,,False
59869184,112765,2025-12-15,Electronics,Smartphone Case,2,95.43,0.0,190.86,0.0,Standard,16.94,207.8,Credit Card,Returned,7.0,,False
16349075,262277,2025-11-28,Electronics,Gaming Mouse,3,109.17,5.0,311.13,0.0,Standard,20.22,331.35,Credit Card,Returned,5.0,,False
41507871,262277,2024-06-23,Electronics,Laptop Stand,3,89.67,0.0,269.01,0.0,Standard,17.49,286.5,Apple Pay,Returned,5.0,,False
96676163,161769,2024-10-07,Beauty,Face Serum,3,49.53,0.0,148.59,0.0,,8.92,157.51,Apple Pay,Delivered,6.0,,False
91795784,635222,2024-02-11,Clothing,Hoodie,1,140.32,0.0,140.32,0.0,Standard,8.42,148.74,Credit Card,Delivered,4.0,3.0,False
92814010,187821,2024-05-07,Home & Kitchen,Non-Stick Pan,1,101.25,0.0,101.25,0.0,Standard,6.33,107.58,Debit Card,Delivered,5.0,,False
87337759,723964,2025-10-06,Home & Kitchen,Table Lamp,3,112.14,0.0,336.42,0.0,Standard,20.19,356.61,Debit Card,Delivered,5.0,,False
99497682,724414,2025-08-19,Beauty,Moisturizer,1,14.89,0.0,14.89,12.99,Express,1.23,29.11,Gift Card,Cancelled,,,False
57346759,363028,2025-11-30,Clothing,Hoodie,1,55.07,0.0,55.07,22.99,Next-Day,3.58,81.64,Debit Card,Delivered,1.0,5.0,False
55538839,665978,2024-11-24,Books,Mystery Thriller,1,33.58,0.0,33.58,5.99,Standard,2.77,42.34,PayPal,Shipped,,,False
64903961,532741,2025-08-18,Sports & Outdoors,Camping Tent,2,229.0,0.0,458.0,0.0,Standard,13.28,471.28,Debit Card,Delivered,5.0,4.0,False
81306030,225295,2024-12-27,Clothing,Men's T-Shirt,1,117.28,0.0,117.28,0.0,Standard,7.04,124.32,PayPal,Delivered,7.0,4.0,False
10435557,815076,2025-09-26,Sports & Outdoors,Jump Rope,1,79.82,5.0,75.83,0.0,Standard,4.74,80.57,PayPal,Delivered,6.0,4.0,False
50155297,620065,2024-10-21,Beauty,Makeup Brush Set,1,30.26,0.0,30.26,22.99,Next-Day,1.82,55.07,Debit Card,Delivered,1.0,3.0,False
28460368,562945,2024-05-22,Electronics,Portable Charger,3,216.76,0.0,650.28,0.0,Standard,39.02,689.3,Apple Pay,Delivered,5.0,4.0,False
32592577,910706,2025-08-10,Beauty,Perfume,1,55.8,0.0,55.8,5.99,Standard,3.35,65.14,PayPal,Delivered,9.0,,False
38428578,866450,2025-03-18,Clothing,Yoga Leggings,1,92.1,30.0,64.47,5.99,Standard,4.03,74.49,Debit Card,Delivered,5.0,4.0,False
43393373,110406,2025-11-21,Clothing,Women's Jeans,1,46.76,0.0,46.76,22.99,Next-Day,4.15,73.9,PayPal,Shipped,,,False
26312439,439402,2024-04-13,Electronics,Noise Cancelling Headphones,5,312.23,0.0,1561.15,0.0,Express,93.67,1654.82,Credit Card,Delivered,2.0,2.0,False
14831338,233544,2024-05-16,Books,Mystery Thriller,3,24.87,0.0,74.61,5.99,Standard,6.62,87.22,Credit Card,Delivered,5.0,,False
35532135,991288,2025-11-21,Beauty,Perfume,5,52.38,10.0,235.71,0.0,Standard,11.2,246.91,Credit Card,Shipped,,,False
74216878,363197,2025-05-09,Beauty,Nail Polish Set,1,62.4,0.0,62.4,5.99,Standard,2.5,70.89,Credit Card,Delivered,3.0,,False
62335352,981087,2024-11-16,Sports & Outdoors,Golf Balls (12-pack),3,291.49,0.0,874.47,0.0,Standard,34.98,909.45,Credit Card,Returned,6.0,,False
16739116,837141,2025-10-09,Clothing,Hoodie,1,33.52,5.0,31.84,5.99,Standard,0.0,37.83,Credit Card,Returned,6.0,,False
33735264,142347,2024-12-27,Electronics,Smartphone Case,1,176.14,0.0,176.14,0.0,Express,14.53,190.67,Debit Card,Returned,4.0,,False
52702621,545952,2024-11-26,Electronics,Portable Charger,5,227.22,20.0,908.88,0.0,Standard,54.53,963.41,PayPal,Cancelled,,,False
52660309,262277,2025-09-01,Clothing,Wool Sweater,4,75.43,0.0,301.72,0.0,Standard,19.61,321.33,Credit Card,Delivered,5.0,3.0,False
36005743,755168,2025-09-08,Beauty,Makeup Brush Set,2,61.84,0.0,123.68,0.0,,7.73,131.41,Debit Card,Delivered,1.0,3.0,False
68276899,908857,2024-01-25,Home & Kitchen,Vacuum Cleaner,1,221.41,0.0,221.41,0.0,Express,13.28,234.69,Debit Card,Delivered,1.0,5.0,False
18985215,313802,2025-09-01,Clothing,Yoga Leggings,2,73.27,0.0,146.54,0.0,Express,0.0,146.54,PayPal,Delivered,2.0,3.0,False
49020470,901983,2025-09-07,Books,Cookbook,4,22.76,0.0,91.04,0.0,Next-Day,5.69,96.73,Apple Pay,Processing,,,True
58345191,194595,2025-11-16,Beauty,Shampoo & Conditioner Set,1,44.51,0.0,44.51,22.99,Next-Day,2.78,70.28,Credit Card,Processing,,,False
85872729,959182,2024-06-19,Grocery,Snack Variety Pack,2,39.81,0.0,79.62,0.0,,4.98,84.6,Gift Card,Delivered,3.0,3.0,False
91454415,531846,2025-06-22,Beauty,Moisturizer,2,29.74,0.0,59.48,5.99,Standard,3.72,69.19,PayPal,Delivered,5.0,,False
96481386,276268,2025-11-25,Home & Kitchen,Cutlery Set,2,216.64,0.0,433.28,0.0,Express,35.75,469.03,Credit Card,Delivered,3.0,3.0,False
19888148,360610,2025-11-09,Clothing,Winter Jacket,1,33.83,0.0,33.83,5.99,Standard,0.98,40.8,Credit Card,Cancelled,,,False
39290692,958338,2024-08-21,Electronics,Wireless Earbuds,2,310.1,20.0,496.16,0.0,Standard,31.01,527.17,PayPal,Delivered,6.0,4.0,False
51098918,246201,2025-09-25,Books,Children's Picture Book,1,31.02,15.0,26.37,5.99,Standard,2.18,34.54,Debit Card,Delivered,4.0,,False
35259765,924543,2025-12-14,Clothing,Women's Jeans,1,53.46,0.0,53.46,5.99,Standard,3.21,62.66,PayPal,Delivered,6.0,3.0,False
63316123,244629,2024-10-31,Books,Poetry Collection,2,23.12,20.0,36.99,5.99,Standard,2.07,45.05,Credit Card,Delivered,6.0,3.0,False
38884943,682861,2025-03-23,Electronics,4K Monitor,3,86.52,0.0,259.56,0.0,Standard,16.22,275.78,Credit Card,Delivered,7.0,5.0,False
58066628,733490,2024-09-12,Books,Cookbook,2,30.75,0.0,61.5,5.99,Standard,5.46,72.95,Credit Card,Shipped,,,False
43790326,401192,2024-11-05,Electronics,Wireless Earbuds,1,130.36,5.0,123.84,0.0,Standard,7.74,131.58,Apple Pay,Delivered,5.0,3.0,True
10889597,150447,2025-08-25,Beauty,Body Lotion,1,113.8,0.0,113.8,0.0,Standard,6.37,120.17,PayPal,Returned,5.0,,False
80526240,492493,2025-01-16,Beauty,Sunscreen SPF50,3,66.43,0.0,199.29,0.0,Standard,12.46,211.75,Credit Card,Delivered,5.0,4.0,True
65275195,847602,2025-02-20,Books,Poetry Collection,2,24.51,0.0,49.02,5.99,Standard,0.0,55.01,Credit Card,Cancelled,,,False
21565894,262277,2025-10-12,Books,Biography,1,9.07,0.0,9.07,12.99,Express,0.59,22.65,Credit Card,Shipped,,,False
83249331,742559,2025-10-22,Clothing,Men's T-Shirt,3,66.37,5.0,189.15,0.0,Standard,11.82,200.97,Credit Card,Delivered,6.0,3.0,False
90808528,827082,2024-07-25,Electronics,USB-C Hub,1,298.64,0.0,298.64,0.0,Standard,17.92,316.56,PayPal,Shipped,,,False
53397170,394867,2024-12-31,Electronics,4K Monitor,2,91.72,0.0,183.44,0.0,Standard,8.71,192.15,Debit Card,Delivered,5.0,,False
83149980,961608,2024-12-20,Clothing,Socks (3-pack),1,103.56,0.0,103.56,0.0,Standard,6.73,110.29,Credit Card,Delivered,5.0,4.0,False
47206600,411524,2025-10-25,Grocery,Snack Variety Pack,1,17.68,0.0,17.68,5.99,Standard,1.06,24.73,Credit Card,Delivered,4.0,,False
34995445,573010,2024-11-02,Clothing,Men's T-Shirt,2,107.9,0.0,215.8,0.0,Standard,12.41,228.21,Debit Card,Delivered,6.0,,False
11552141,635222,2025-11-01,Home & Kitchen,Bed Sheets Set,2,27.27,20.0,43.63,5.99,Standard,2.62,52.24,Apple Pay,Delivered,5.0,,False
91236856,945168,2024-04-23,Electronics,Gaming Mouse,1,124.4,0.0,124.4,0.0,Standard,7.78,132.18,Credit Card,Returned,7.0,,False
18069919,767655,2024-08-10,Electronics,Bluetooth Speaker,2,130.67,0.0,261.34,0.0,Standard,16.33,277.67,Credit Card,Delivered,7.0,3.0,False
75738382,957476,2025-12-29,Grocery,Pasta & Sauce Bundle,1,17.78,0.0,17.78,5.99,Standard,1.11,24.88,Debit Card,Processing,,,False
67318428,741294,2024-11-22,Books,Fiction Novel,1,16.56,0.0,16.56,12.99,Express,1.37,30.92,Credit Card,Delivered,2.0,,False
80549731,646841,2024-11-07,Electronics,USB-C Hub,2,112.05,0.0,224.1,0.0,Standard,12.89,236.99,PayPal,Delivered,3.0,,False
35045336,182858,2025-03-12,Beauty,Nail Polish Set,2,39.4,0.0,78.8,0.0,Standard,2.29,81.09,Credit Card,Delivered,6.0,3.0,False
77203297,562945,2025-12-03,Clothing,Denim Jacket,1,78.76,25.0,59.07,12.99,Express,3.54,75.6,Debit Card,Delivered,1.0,3.0,False
64778547,756144,2024-11-01,Books,Science Textbook,1,30.3,30.0,21.21,5.99,Standard,1.19,28.39,Debit Card,Delivered,4.0,5.0,False
28632900,590618,2024-10-28,Home & Kitchen,Air Fryer,3,125.05,10.0,337.63,0.0,Standard,21.1,358.73,Debit Card,Delivered,5.0,3.0,False
77268963,854133,2024-04-10,Home & Kitchen,Throw Pillow,1,90.25,0.0,90.25,0.0,Standard,5.87,96.12,Debit Card,Delivered,6.0,,False
94083516,620638,2025-01-26,Clothing,Wool Sweater,1,91.35,0.0,91.35,0.0,Standard,5.48,96.83,PayPal,Processing,,,False
49191754,993866,2024-10-26,Clothing,Hoodie,1,55.66,25.0,41.74,5.99,Standard,2.5,50.23,PayPal,Delivered,3.0,4.0,False
67603428,669983,2024-02-01,Beauty,Moisturizer,4,38.36,0.0,153.44,0.0,Standard,7.29,160.73,PayPal,Delivered,6.0,4.0,False
14523766,557185,2024-08-06,Electronics,Bluetooth Speaker,2,168.96,0.0,337.92,0.0,Express,20.28,358.2,Credit Card,Delivered,3.0,,False
93807179,394360,2024-12-12,Clothing,Wool Sweater,2,145.08,0.0,290.16,0.0,Express,23.94,314.1,PayPal,Delivered,3.0,4.0,False
71158718,449192,2024-11-28,Grocery,Snack Variety Pack,4,27.35,0.0,109.4,0.0,Express,9.71,119.11,PayPal,Delivered,3.0,,False
58556436,910789,2025-06-05,Beauty,Perfume,1,82.07,0.0,82.07,0.0,Standard,5.33,87.4,Credit Card,Delivered,5.0,3.0,False
35062385,273042,2024-08-31,Clothing,Hoodie,2,101.16,0.0,202.32,0.0,Next-Day,11.33,213.65,Debit Card,Delivered,1.0,,False
13655748,896180,2025-12-07,Electronics,Bluetooth Speaker,1,149.95,0.0,149.95,0.0,Express,13.31,163.26,PayPal,Delivered,3.0,4.0,False
34122054,562945,2024-12-14,Clothing,Women's Jeans,2,106.8,0.0,213.6,0.0,Express,12.82,226.42,PayPal,Delivered,2.0,5.0,False
52256890,678035,2025-01-23,Toys,Puzzle (1000pc),1,26.19,0.0,26.19,12.99,Express,1.64,40.82,Credit Card,Delivered,4.0,5.0,False
52044284,373069,2024-05-21,Beauty,Nail Polish Set,2,22.64,0.0,45.28,5.99,Standard,2.83,54.1,PayPal,Delivered,6.0,3.0,False
13499696,106059,2024-11-03,Electronics,Smartwatch,1,155.74,10.0,140.17,0.0,Standard,11.56,151.73,Credit Card,Delivered,5.0,2.0,False
59438252,921402,2024-11-11,Beauty,Perfume,2,88.45,0.0,176.9,0.0,Standard,7.08,183.98,Debit Card,Delivered,4.0,,False
40581503,180716,2024-02-28,Clothing,Running Shoes,1,125.61,0.0,125.61,0.0,Express,11.15,136.76,Credit Card,Delivered,2.0,,False
31543506,363028,2024-12-23,Home & Kitchen,Storage Bins,2,222.86,0.0,445.72,0.0,Express,28.97,474.69,Credit Card,Delivered,2.0,,False
78654321,501401,2025-01-21,Toys,Puzzle (1000pc),2,42.99,0.0,85.98,0.0,Express,5.16,91.14,Debit Card,Delivered,1.0,5.0,False
92229243,740092,2025-09-12,Beauty,Body Lotion,2,73.82,0.0,147.64,0.0,Standard,8.86,156.5,Credit Card,Delivered,5.0,3.0,False
49097248,153957,2024-12-15,Books,Self-Help Book,3,20.78,10.0,56.11,5.99,Standard,3.37,65.47,Credit Card,Shipped,,,False
36379345,998168,2025-10-15,Clothing,Hoodie,1,80.75,10.0,72.67,12.99,Express,4.54,90.2,Credit Card,Shipped,,,False
63753525,986967,2025-08-23,Electronics,Noise Cancelling Headphones,1,292.31,0.0,292.31,0.0,,18.27,310.58,Gift Card,Delivered,3.0,,False
82102754,120400,2025-08-23,Clothing,Denim Jacket,1,36.64,0.0,36.64,12.99,Express,2.2,51.83,Credit Card,Returned,1.0,,False
22660531,702347,2024-02-07,Electronics,Bluetooth Speaker,1,194.19,0.0,194.19,0.0,Standard,5.63,199.82,Credit Card,Delivered,5.0,4.0,False
31722995,568666,2025-03-24,Toys,Plush Toy,1,32.01,10.0,28.81,5.99,Standard,1.15,35.95,PayPal,Delivered,7.0,4.0,False
60972614,723573,2025-07-12,Books,Poetry Collection,1,21.2,25.0,15.9,5.99,Standard,1.31,23.2,Debit Card,Delivered,8.0,4.0,False
55144787,867788,2025-11-10,Electronics,Smartwatch,1,262.53,0.0,262.53,0.0,Standard,7.61,270.14,Debit Card,Shipped,,,False
58732997,562945,2024-11-21,Sports & Outdoors,Dumbbell Set,3,98.86,5.0,281.75,0.0,Next-Day,16.91,298.66,Debit Card,Shipped,,,True
45976877,751366,2024-04-30,Books,Self-Help Book,1,36.2,0.0,36.2,5.99,Standard,3.21,45.4,Credit Card,Delivered,6.0,2.0,False
44629164,176588,2025-12-23,Sports & Outdoors,Camping Tent,3,94.99,0.0,284.97,0.0,Express,8.26,293.23,Debit Card,Delivered,1.0,,False
94868635,842595,2025-08-22,Clothing,Hoodie,1,72.03,0.0,72.03,5.99,Standard,4.5,82.52,Apple Pay,Shipped,,,False
35161206,568666,2024-01-09,Books,Mystery Thriller,2,15.4,10.0,27.72,5.99,Standard,1.11,34.82,Credit Card,Delivered,6.0,,False
76911489,177411,2024-09-04,Beauty,Nail Polish Set,2,21.94,0.0,43.88,22.99,Next-Day,2.85,69.72,Gift Card,Delivered,1.0,,False
98057683,217837,2024-01-21,Clothing,Yoga Leggings,4,88.08,0.0,352.32,0.0,Standard,29.07,381.39,Apple Pay,Delivered,5.0,,False
49200241,985973,2024-12-31,Home & Kitchen,Cutlery Set,2,183.93,0.0,367.86,0.0,Express,22.07,389.93,Credit Card,Shipped,,,False
59394510,865307,2024-12-19,Clothing,Hoodie,1,33.8,0.0,33.8,5.99,Standard,1.89,41.68,Credit Card,Delivered,6.0,2.0,False
23258049,752931,2024-04-30,Clothing,Socks (3-pack),1,73.4,0.0,73.4,5.99,Standard,6.51,85.9,PayPal,Delivered,6.0,5.0,False
89391913,665978,2024-11-21,Sports & Outdoors,Golf Balls (12-pack),4,347.71,0.0,1390.84,0.0,Express,114.74,1505.58,PayPal,Returned,2.0,,False
66213945,848510,2024-08-25,Electronics,USB-C Hub,1,224.11,0.0,224.11,0.0,Standard,8.96,233.07,Debit Card,Shipped,,,False
86268133,262277,2024-04-08,Clothing,Yoga Leggings,3,137.07,0.0,411.21,0.0,Express,26.73,437.94,Debit Card,Delivered,2.0,,False
58309063,504586,2024-04-07,Sports & Outdoors,Fishing Rod,1,220.18,0.0,220.18,0.0,Standard,14.31,234.49,PayPal,Delivered,6.0,4.0,False
37006403,374452,2025-03-11,Beauty,Makeup Brush Set,1,106.52,0.0,106.52,0.0,Standard,6.39,112.91,Credit Card,Shipped,,,False
76207260,176588,2025-11-23,Clothing,Yoga Leggings,1,35.74,0.0,35.74,12.99,Express,1.04,49.77,Credit Card,Delivered,4.0,4.0,False
16653939,278072,2025-10-03,Electronics,Smartwatch,1,307.21,0.0,307.21,0.0,Next-Day,25.34,332.55,PayPal,Delivered,1.0,5.0,False
30125263,635222,2025-10-07,Beauty,Sunscreen SPF50,1,31.81,0.0,31.81,5.99,Standard,1.91,39.71,PayPal,Delivered,5.0,5.0,False
57208061,110406,2025-01-04,Books,Science Textbook,2,22.13,0.0,44.26,12.99,Express,3.93,61.18,Debit Card,Delivered,2.0,,False
26135102,169983,2025-04-20,Clothing,Socks (3-pack),1,59.15,0.0,59.15,5.99,Standard,4.88,70.02,Apple Pay,Delivered,5.0,,False
13028120,106403,2025-11-25,Grocery,Protein Powder,1,13.66,10.0,12.29,5.99,Standard,0.8,19.08,PayPal,Delivered,5.0,,False
83047738,914509,2024-11-22,Clothing,Socks (3-pack),2,118.08,10.0,212.54,0.0,Standard,13.28,225.82,Credit Card,Delivered,4.0,4.0,False
89423379,924543,2024-11-02,Electronics,Noise Cancelling Headphones,2,384.91,0.0,769.82,0.0,Standard,46.19,816.01,Debit Card,Delivered,5.0,,False
29659439,388002,2024-12-13,Toys,Puzzle (1000pc),3,56.53,15.0,144.15,0.0,Next-Day,8.07,152.22,PayPal,Delivered,1.0,,False
52030959,409624,2025-01-23,Beauty,Sunscreen SPF50,1,90.18,5.0,85.67,0.0,Standard,5.14,90.81,Credit Card,Delivered,6.0,,False
83716749,516875,2024-12-18,Home & Kitchen,Storage Bins,1,190.02,0.0,190.02,0.0,Express,16.86,206.88,Debit Card,Delivered,3.0,,False
85126717,348820,2025-08-28,Sports & Outdoors,Bicycle Helmet,1,369.79,5.0,351.3,0.0,Next-Day,19.67,370.97,PayPal,Shipped,,,False
62824427,918710,2024-11-13,Home & Kitchen,Non-Stick Pan,1,166.81,0.0,166.81,0.0,Standard,10.43,177.24,PayPal,Returned,5.0,,False
38923690,933577,2024-09-17,Toys,Art & Craft Kit,1,48.31,0.0,48.31,5.99,Standard,2.78,57.08,Credit Card,Delivered,5.0,,True
60450399,451437,2025-12-14,Electronics,Gaming Mouse,3,131.8,10.0,355.86,0.0,Standard,16.9,372.76,PayPal,Shipped,,,False
95863437,478937,2025-02-13,Books,Mystery Thriller,1,16.74,0.0,16.74,5.99,Standard,0.94,23.67,Debit Card,Delivered,6.0,,False
41000260,525664,2025-11-19,Clothing,Men's T-Shirt,1,42.78,20.0,34.22,5.99,Standard,1.37,41.58,Apple Pay,Delivered,3.0,3.0,False
95578432,150447,2025-12-22,Electronics,Wireless Earbuds,1,160.96,5.0,152.91,0.0,Express,8.56,161.47,Credit Card,Delivered,3.0,,True
92335419,423328,2025-01-08,Home & Kitchen,Blender,1,210.42,0.0,210.42,0.0,Standard,17.36,227.78,Credit Card,Delivered,7.0,5.0,False
11897660,199805,2024-05-18,Sports & Outdoors,Jump Rope,1,64.11,0.0,64.11,22.99,Next-Day,3.69,90.79,Apple Pay,Delivered,1.0,,False
19246362,918710,2025-10-01,Electronics,Wireless Earbuds,3,306.87,0.0,920.61,0.0,Standard,57.54,978.15,Debit Card,Delivered,4.0,,False
32310631,150447,2024-02-24,Electronics,Noise Cancelling Headphones,1,190.9,0.0,190.9,0.0,Next-Day,10.69,201.59,Debit Card,Delivered,1.0,,False
47720892,432284,2024-12-02,Electronics,Smartphone Case,1,204.92,0.0,204.92,0.0,Standard,5.94,210.86,PayPal,Returned,3.0,,False
80829513,492774,2025-04-25,Electronics,Laptop Stand,1,350.97,0.0,350.97,0.0,Standard,31.15,382.12,Apple Pay,Delivered,4.0,3.0,False
32994210,609870,2025-10-29,Electronics,Wireless Earbuds,2,324.87,0.0,649.74,0.0,Standard,40.61,690.35,Credit Card,Delivered,6.0,,False
67504597,713497,2025-12-22,Beauty,Face Serum,1,23.83,,23.83,22.99,Next-Day,1.97,48.79,Credit Card,Delivered,1.0,4.0,False
25610694,968744,2024-09-27,Toys,Puzzle (1000pc),1,49.51,0.0,49.51,5.99,Standard,4.08,59.58,Credit Card,Delivered,6.0,3.0,False
84302038,660209,2024-01-25,Clothing,Running Shoes,4,103.48,0.0,413.92,0.0,Standard,34.15,448.07,Debit Card,Delivered,5.0,5.0,False
16691484,606888,2025-11-23,Grocery,Granola Bars (12-pack),4,19.05,0.0,76.2,0.0,Standard,4.76,80.96,Credit Card,Shipped,,,False
42198337,354993,2024-08-22,Electronics,Wireless Earbuds,1,182.28,0.0,182.28,0.0,Standard,10.94,193.22,Apple Pay,Returned,8.0,,False
37979848,839134,2024-12-07,Beauty,Face Serum,3,101.88,0.0,305.64,0.0,Standard,17.57,323.21,Credit Card,Delivered,5.0,4.0,True
56858022,110406,2024-03-10,Electronics,Noise Cancelling Headphones,3,105.5,0.0,316.5,0.0,Express,28.09,344.59,Debit Card,Delivered,3.0,3.0,False
29843876,768390,2024-06-22,Clothing,Hoodie,1,71.69,0.0,71.69,5.99,Standard,4.01,81.69,Credit Card,Delivered,5.0,5.0,False
56201104,510757,2025-09-15,Clothing,Hoodie,2,87.59,0.0,175.18,0.0,,15.55,190.73,Apple Pay,Delivered,2.0,5.0,False
58866356,755714,2025-01-04,Electronics,Portable Charger,1,81.6,0.0,81.6,0.0,Standard,7.24,88.84,Debit Card,Delivered,5.0,,False
94367675,124876,2024-07-11,Electronics,Portable Charger,1,181.74,0.0,181.74,0.0,Express,11.81,193.55,Credit Card,Cancelled,,,False
36137060,910789,2025-11-09,Home & Kitchen,Cutlery Set,2,181.86,0.0,363.72,0.0,Express,23.64,387.36,Debit Card,Delivered,4.0,3.0,False
95599374,987040,2024-06-25,Clothing,Women's Jeans,1,65.06,0.0,65.06,12.99,Express,5.37,83.42,Apple Pay,Delivered,3.0,4.0,False
83006675,764907,2024-12-29,Clothing,Men's T-Shirt,1,144.85,10.0,130.37,0.0,Standard,10.76,141.13,PayPal,Delivered,3.0,,False
13581152,193195,2025-03-29,Sports & Outdoors,Golf Balls (12-pack),2,97.2,10.0,174.96,0.0,Standard,10.5,185.46,Credit Card,Delivered,7.0,2.0,False
51139008,225295,2024-05-22,Electronics,USB-C Hub,3,177.98,0.0,533.94,0.0,Standard,32.04,565.98,Credit Card,Cancelled,,,False
63854932,816376,2025-12-12,Electronics,Smartphone Case,3,153.77,0.0,461.31,0.0,Next-Day,13.38,474.69,Apple Pay,Cancelled,,,False
81397549,862525,2025-08-03,Toys,Action Figure,2,50.66,0.0,101.32,0.0,Standard,6.08,107.4,Credit Card,Delivered,5.0,,False
35999920,440865,2024-03-08,Home & Kitchen,Blender,1,83.41,0.0,83.41,0.0,Express,7.4,90.81,Credit Card,Returned,1.0,,False
18677403,332361,2024-03-04,Sports & Outdoors,Resistance Bands,1,312.16,0.0,312.16,0.0,Standard,9.05,321.21,PayPal,Delivered,6.0,4.0,False
67651897,666122,2024-02-12,Beauty,Body Lotion,1,81.43,0.0,81.43,0.0,Standard,5.09,86.52,Credit Card,Cancelled,,,False
24553037,724848,2024-07-30,Electronics,4K Monitor,5,100.21,0.0,501.05,0.0,Standard,41.34,542.39,Apple Pay,Delivered,7.0,,False
79155950,806515,2025-11-24,Toys,Puzzle (1000pc),1,47.46,15.0,40.34,5.99,Standard,1.61,47.94,Credit Card,Delivered,5.0,5.0,False
59034663,633917,2024-07-14,Home & Kitchen,Blender,1,149.02,10.0,134.12,0.0,Express,11.06,145.18,PayPal,Delivered,1.0,,False
85677817,602443,2025-10-12,Clothing,Wool Sweater,1,116.42,25.0,87.31,0.0,Standard,7.2,94.51,Debit Card,Delivered,4.0,,False
57404577,562945,2025-11-27,Toys,Board Game,2,83.35,0.0,166.7,0.0,Standard,10.0,176.7,Debit Card,Delivered,6.0,,False
50527025,867788,2025-01-04,Electronics,Portable Charger,3,281.79,0.0,845.37,0.0,Standard,24.52,869.89,Debit Card,Delivered,6.0,4.0,False
27839191,912442,2024-09-01,Clothing,Denim Jacket,1,107.76,10.0,96.98,0.0,Standard,6.06,103.04,Credit Card,Delivered,4.0,3.0,False
18860179,991288,2024-01-25,Electronics,Portable Charger,4,177.97,0.0,711.88,0.0,Express,33.81,745.69,Apple Pay,Delivered,1.0,5.0,False
89004080,191947,2024-03-27,Home & Kitchen,Bed Sheets Set,1,73.69,0.0,73.69,5.99,Standard,4.42,84.1,Credit Card,Delivered,5.0,,False
34327776,884439,2025-03-24,Toys,Board Game,1,41.35,0.0,41.35,5.99,Standard,1.2,48.54,Credit Card,Delivered,7.0,5.0,False
40528412,278072,2025-07-25,Clothing,Yoga Leggings,1,60.27,0.0,60.27,22.99,Next-Day,4.97,88.23,Credit Card,Delivered,1.0,4.0,False
90082459,339370,2025-02-24,Electronics,Gaming Mouse,5,192.02,25.0,720.08,0.0,Standard,43.2,763.28,Apple Pay,Delivered,5.0,4.0,False
40332329,346238,2025-07-12,Sports & Outdoors,Camping Tent,1,69.22,0.0,69.22,5.99,Standard,6.14,81.35,Gift Card,Delivered,6.0,3.0,True
53738892,968744,2024-05-05,Electronics,Gaming Mouse,4,247.08,,988.32,0.0,Standard,81.54,1069.86,Credit Card,Delivered,6.0,3.0,False
82659355,478937,2024-04-28,Home & Kitchen,Throw Pillow,4,170.01,0.0,680.04,0.0,Standard,38.08,718.12,PayPal,Delivered,8.0,,False
41225394,798036,2025-07-20,Books,Cookbook,1,20.17,0.0,20.17,5.99,Standard,1.16,27.32,Debit Card,Delivered,6.0,,False
14205729,233544,2025-10-22,Electronics,Portable Charger,1,86.16,0.0,86.16,0.0,Standard,7.65,93.81,Credit Card,Delivered,6.0,4.0,False
51695727,751366,2024-12-23,Books,Biography,1,17.62,0.0,17.62,5.99,Standard,1.56,25.17,Credit Card,Delivered,6.0,,False
97162959,950421,2025-06-29,Electronics,Wireless Earbuds,1,189.31,0.0,189.31,0.0,Next-Day,11.83,201.14,Credit Card,Delivered,1.0,3.0,False
69318302,562945,2025-11-10,Sports & Outdoors,Jump Rope,1,74.3,0.0,74.3,12.99,Express,4.46,91.75,PayPal,Delivered,2.0,,False
26968773,492493,2025-08-02,Clothing,Denim Jacket,1,103.67,0.0,103.67,0.0,Standard,6.48,110.15,Credit Card,Shipped,,,False
79659207,810825,2025-01-27,Home & Kitchen,Coffee Maker,1,157.55,0.0,157.55,0.0,Express,9.06,166.61,PayPal,Delivered,2.0,3.0,False
28904668,635222,2024-11-14,Electronics,Wireless Earbuds,1,274.99,5.0,261.24,0.0,Express,15.67,276.91,Credit Card,Delivered,5.0,5.0,False
86860190,467418,2025-06-25,Electronics,USB-C Hub,1,281.31,0.0,281.31,0.0,Standard,13.36,294.67,Apple Pay,Delivered,4.0,3.0,False
49567895,287307,2024-01-08,Home & Kitchen,Non-Stick Pan,2,145.15,0.0,290.3,0.0,Standard,23.95,314.25,Credit Card,Delivered,6.0,,False
55506017,839134,2025-12-16,Home & Kitchen,Vacuum Cleaner,2,129.74,0.0,259.48,0.0,Standard,14.92,274.4,PayPal,Delivered,7.0,,False
76407168,156059,2024-04-09,Home & Kitchen,Vacuum Cleaner,1,149.07,0.0,149.07,0.0,Standard,0.0,149.07,PayPal,Delivered,6.0,,False
96288124,786393,2024-02-25,Clothing,Women's Jeans,3,90.12,0.0,270.36,0.0,Standard,10.81,281.17,Credit Card,Delivered,6.0,4.0,False
92700134,945168,2025-05-05,Electronics,4K Monitor,2,213.01,0.0,426.02,0.0,Express,26.63,452.65,Debit Card,Shipped,,,False
72783055,798036,2025-01-28,Electronics,Portable Charger,1,94.87,0.0,94.87,0.0,Express,5.46,100.33,PayPal,Delivered,3.0,3.0,False
14975726,562945,2025-06-02,Electronics,Wireless Earbuds,1,105.5,0.0,105.5,0.0,Express,6.33,111.83,Credit Card,Returned,3.0,,False
40931706,222246,2024-12-14,Home & Kitchen,Vacuum Cleaner,1,97.73,0.0,97.73,0.0,Express,5.86,103.59,Apple Pay,Delivered,4.0,4.0,True
72461161,779182,2025-02-23,Electronics,Wireless Earbuds,2,231.62,0.0,463.24,0.0,Standard,22.0,485.24,PayPal,Returned,2.0,,False
46485002,736402,2024-03-14,Clothing,Wool Sweater,4,162.29,0.0,649.16,0.0,Standard,40.57,689.73,Debit Card,Delivered,5.0,4.0,False
19106025,815544,2025-08-10,Clothing,Hoodie,4,61.36,0.0,245.44,0.0,Express,15.95,261.39,Debit Card,Processing,,,False
79991765,142263,2025-08-15,Home & Kitchen,Air Fryer,1,58.66,0.0,58.66,12.99,Express,4.84,76.49,Credit Card,Delivered,1.0,2.0,False
11719041,156059,2024-09-11,Books,Science Textbook,3,39.45,0.0,118.35,0.0,Next-Day,0.0,118.35,Credit Card,Cancelled,,,False
83207956,751366,2024-12-26,Toys,Action Figure,2,20.68,0.0,41.36,5.99,Standard,3.67,51.02,Debit Card,Delivered,5.0,,False
85788236,525154,2025-12-08,Electronics,USB-C Hub,2,151.39,5.0,287.64,0.0,Standard,17.98,305.62,Debit Card,Returned,3.0,,False
19243435,369304,2024-04-01,Electronics,Noise Cancelling Headphones,2,146.53,0.0,293.06,0.0,Standard,24.18,317.24,Debit Card,Delivered,8.0,,False
99846713,797677,2025-04-13,Grocery,Protein Powder,1,20.17,0.0,20.17,12.99,Express,0.58,33.74,Credit Card,Delivered,1.0,3.0,False
67582588,465595,2025-10-11,Home & Kitchen,Cutlery Set,1,233.09,0.0,233.09,0.0,Next-Day,6.76,239.85,Credit Card,Delivered,1.0,4.0,False
18660435,286919,2024-07-27,Home & Kitchen,Air Fryer,1,76.61,0.0,76.61,0.0,Standard,3.06,79.67,Debit Card,Processing,,,False
15632805,515691,2024-12-19,Electronics,Smartwatch,2,346.01,0.0,692.02,0.0,Standard,41.52,733.54,Apple Pay,Delivered,4.0,4.0,False
55157959,733490,2025-02-05,Beauty,Hair Dryer,3,65.03,0.0,195.09,0.0,Standard,17.31,212.4,Credit Card,Cancelled,,,False
19049820,363197,2024-03-15,Electronics,Portable Charger,1,48.01,0.0,48.01,5.99,Standard,1.92,55.92,Credit Card,Delivered,7.0,,False
89493780,443269,2025-08-24,Home & Kitchen,Throw Pillow,1,102.9,0.0,102.9,0.0,Standard,8.49,111.39,Credit Card,Delivered,6.0,,False
62909551,560657,2024-12-21,Electronics,Noise Cancelling Headphones,1,64.72,0.0,64.72,5.99,Standard,3.72,74.43,Credit Card,Delivered,8.0,3.0,False
56902018,519553,2024-11-11,Electronics,Bluetooth Speaker,1,204.67,0.0,204.67,0.0,Standard,13.3,217.97,Credit Card,Delivered,8.0,3.0,False
94787394,357070,2024-11-03,Beauty,Perfume,1,49.69,20.0,39.75,5.99,Standard,3.53,49.27,PayPal,Shipped,,,False
23808576,239917,2025-04-25,Toys,Doll House,3,45.91,0.0,137.73,0.0,Standard,8.61,146.34,Credit Card,Delivered,6.0,,False
69546037,660209,2025-12-09,Beauty,Face Serum,1,60.04,0.0,60.04,5.99,Standard,4.95,70.98,Credit Card,Delivered,8.0,3.0,False
59518832,482841,2024-12-02,Beauty,Sunscreen SPF50,1,71.98,0.0,71.98,12.99,Express,4.14,89.11,PayPal,Delivered,3.0,,False
45589809,335153,2025-06-12,Books,Self-Help Book,2,21.44,0.0,42.88,5.99,Standard,2.4,51.27,Credit Card,Delivered,5.0,,False
84583712,683060,2024-10-03,Toys,Action Figure,3,26.85,0.0,80.55,0.0,Express,7.15,87.7,Debit Card,Delivered,3.0,4.0,False
80629217,635222,2024-05-08,Sports & Outdoors,Resistance Bands,4,236.51,0.0,946.04,0.0,Next-Day,56.76,1002.8,PayPal,Delivered,1.0,3.0,False
80220273,681219,2024-07-07,Electronics,Bluetooth Speaker,1,272.57,0.0,272.57,0.0,Standard,0.0,272.57,PayPal,Delivered,6.0,,False
41498209,582951,2025-03-07,Electronics,Gaming Mouse,1,31.97,5.0,30.37,22.99,Next-Day,1.82,55.18,Credit Card,Processing,,,False
81308575,265756,2025-09-19,Toys,Building Block Set,1,19.47,0.0,19.47,5.99,Standard,1.73,27.19,Credit Card,Delivered,5.0,,False
91326678,862231,2024-12-24,Books,Mystery Thriller,2,22.57,15.0,38.37,5.99,Standard,3.17,47.53,Credit Card,Cancelled,,,True
32731343,865712,2025-01-14,Clothing,Wool Sweater,3,87.17,0.0,261.51,0.0,Standard,15.04,276.55,Debit Card,Shipped,,,False
72523190,851678,2024-12-23,Electronics,Bluetooth Speaker,2,210.03,0.0,420.06,0.0,Standard,26.25,446.31,PayPal,Delivered,4.0,3.0,False
96592662,665342,2025-04-03,Beauty,Sunscreen SPF50,2,121.5,0.0,243.0,0.0,Express,11.54,254.54,Debit Card,Delivered,3.0,,False
50298046,346238,2024-12-16,Books,Mystery Thriller,1,19.98,15.0,16.98,5.99,Standard,1.51,24.48,PayPal,Cancelled,,,False
80289964,510987,2025-03-22,Grocery,Olive Oil,4,29.09,,116.36,0.0,Standard,9.6,125.96,Credit Card,Delivered,4.0,3.0,False
67774571,525154,2024-09-04,Electronics,Smartphone Case,3,148.18,5.0,422.31,0.0,Standard,26.39,448.7,PayPal,Processing,,,False
84231335,994983,2024-09-16,Books,Poetry Collection,4,18.93,0.0,75.72,0.0,Standard,4.73,80.45,Credit Card,Cancelled,,,False
82529856,130676,2024-11-10,Clothing,Hoodie,4,65.71,5.0,249.7,0.0,Standard,20.6,270.3,Debit Card,Returned,4.0,,False
23760159,638888,2025-07-18,Books,Children's Picture Book,1,33.91,0.0,33.91,5.99,Standard,1.36,41.26,Debit Card,Delivered,5.0,4.0,False
73485074,521813,2025-11-11,Beauty,Hair Dryer,5,34.44,0.0,172.2,0.0,Express,15.28,187.48,Credit Card,Delivered,3.0,,False
90081301,445958,2024-03-22,Beauty,Sunscreen SPF50,1,105.61,0.0,105.61,0.0,Standard,6.6,112.21,Credit Card,Delivered,2.0,,False
15612056,802037,2024-01-18,Grocery,Protein Powder,2,18.27,0.0,36.54,5.99,Standard,1.74,44.27,Credit Card,Delivered,6.0,4.0,False
11714000,932413,2025-06-05,Sports & Outdoors,Fishing Rod,1,157.86,0.0,157.86,0.0,Standard,9.47,167.33,Credit Card,Delivered,6.0,,False
42272422,871382,2025-12-06,Beauty,Body Lotion,1,36.51,0.0,36.51,12.99,Express,3.24,52.74,Credit Card,Delivered,3.0,,False
71999796,455782,2025-05-18,Clothing,Hoodie,1,85.47,0.0,85.47,0.0,Standard,5.34,90.81,Credit Card,Delivered,5.0,3.0,False
73688463,493092,2024-01-17,Sports & Outdoors,Water Bottle,1,241.25,0.0,241.25,0.0,Standard,15.08,256.33,Credit Card,Delivered,7.0,4.0,False
11500641,552830,2025-06-09,Electronics,4K Monitor,3,178.12,0.0,534.36,0.0,Standard,47.42,581.78,Credit Card,Delivered,5.0,,False
76138073,620456,2025-09-14,Books,Cookbook,1,9.33,0.0,9.33,5.99,Standard,0.58,15.9,Debit Card,Delivered,5.0,4.0,False
29937734,625328,2025-08-14,Books,Biography,1,39.54,0.0,39.54,5.99,Standard,2.57,48.1,Debit Card,Delivered,6.0,,False
96566928,427009,2025-11-30,Clothing,Denim Jacket,1,50.49,0.0,50.49,5.99,Standard,2.02,58.5,Credit Card,Returned,5.0,,False
76949217,394360,2024-11-22,Clothing,Yoga Leggings,1,81.57,0.0,81.57,0.0,Express,6.73,88.3,PayPal,Returned,1.0,,False
44430196,562945,2025-06-26,Clothing,Socks (3-pack),1,42.26,0.0,42.26,12.99,Express,2.54,57.79,PayPal,Shipped,,,False
24404801,606888,2025-11-14,Clothing,Women's Jeans,1,128.13,0.0,128.13,0.0,Standard,8.01,136.14,Credit Card,Delivered,5.0,2.0,False
52428150,409624,2025-04-23,Electronics,Bluetooth Speaker,2,136.37,25.0,204.56,0.0,,12.27,216.83,Debit Card,Delivered,5.0,,False
69739845,206910,2024-08-07,Home & Kitchen,Vacuum Cleaner,1,81.75,20.0,65.4,5.99,Standard,5.4,76.79,Credit Card,Delivered,6.0,,False
54367060,150447,2025-11-29,Electronics,Smartwatch,2,154.74,15.0,263.06,0.0,Standard,14.73,277.79,Credit Card,Processing,,,False
59478378,142347,2025-03-11,Home & Kitchen,Non-Stick Pan,2,184.73,0.0,369.46,0.0,Standard,30.48,399.94,Debit Card,Delivered,5.0,5.0,False
75005653,145270,2025-11-01,Beauty,Makeup Brush Set,3,132.73,0.0,398.19,0.0,Standard,24.89,423.08,Debit Card,Shipped,,,False
17903733,445958,2025-12-17,Clothing,Running Shoes,4,71.44,0.0,285.76,0.0,,17.86,303.62,PayPal,Delivered,6.0,,False
28286923,525154,2025-12-11,Home & Kitchen,Non-Stick Pan,1,295.33,0.0,295.33,0.0,Express,18.46,313.79,Debit Card,Shipped,,,False
25371556,388002,2024-12-03,Home & Kitchen,Non-Stick Pan,2,222.44,0.0,444.88,0.0,Next-Day,24.91,469.79,Debit Card,Processing,,,False
11535595,945544,2024-12-16,Home & Kitchen,Throw Pillow,2,60.39,0.0,120.78,0.0,Standard,7.55,128.33,Credit Card,Delivered,6.0,,False
41803099,843873,2025-12-27,Home & Kitchen,Air Fryer,2,200.89,20.0,321.42,0.0,Standard,15.27,336.69,Credit Card,Shipped,,,False
62010669,835164,2025-12-28,Books,Biography,1,17.38,0.0,17.38,12.99,Express,1.13,31.5,PayPal,Processing,,,False
24655793,354993,2024-03-07,Books,Self-Help Book,2,19.78,0.0,39.56,5.99,Standard,2.37,47.92,Gift Card,Delivered,6.0,,False
84602439,356668,2025-06-10,Sports & Outdoors,Resistance Bands,1,170.06,0.0,170.06,0.0,Standard,10.63,180.69,Credit Card,Shipped,,,False
90216759,602443,2025-02-14,Electronics,Portable Charger,1,268.02,0.0,268.02,0.0,Next-Day,22.11,290.13,Credit Card,Delivered,1.0,,False
11316013,258311,2024-08-24,Home & Kitchen,Table Lamp,1,67.68,0.0,67.68,12.99,Express,4.23,84.9,Credit Card,Returned,2.0,,False
57880002,642667,2025-08-27,Electronics,Portable Charger,1,104.54,0.0,104.54,0.0,Express,6.27,110.81,Apple Pay,Delivered,3.0,4.0,False
12654069,834273,2024-07-02,Home & Kitchen,Cutlery Set,1,123.5,0.0,123.5,0.0,Next-Day,0.0,123.5,Credit Card,Delivered,1.0,3.0,False
15364482,985973,2024-09-15,Electronics,Gaming Mouse,1,235.54,20.0,188.43,0.0,Express,11.31,199.74,Credit Card,Delivered,2.0,3.0,False
98906696,445958,2024-12-13,Sports & Outdoors,Yoga Mat,2,75.37,0.0,150.74,0.0,Express,9.42,160.16,Gift Card,Delivered,3.0,4.0,False
10002442,772288,2024-11-02,Clothing,Running Shoes,4,78.34,0.0,313.36,0.0,Standard,18.02,331.38,Credit Card,Processing,,,False
67842330,453806,2024-08-10,Clothing,Running Shoes,1,55.24,15.0,46.95,12.99,Express,3.05,62.99,PayPal,Cancelled,,,False
91424025,215560,2024-04-09,Clothing,Yoga Leggings,4,71.72,0.0,286.88,0.0,Express,23.67,310.55,Credit Card,Shipped,,,False
79910264,835164,2025-10-08,Electronics,Smartphone Case,3,88.55,,265.65,0.0,Standard,17.27,282.92,Credit Card,Delivered,6.0,,False
68444218,169397,2025-12-03,Sports & Outdoors,Dumbbell Set,1,72.22,10.0,65.0,5.99,Standard,3.9,74.89,PayPal,Delivered,6.0,3.0,False
26796785,620065,2024-08-28,Clothing,Women's Jeans,1,88.37,0.0,88.37,0.0,Standard,5.3,93.67,Debit Card,Delivered,5.0,4.0,False
56259292,388002,2024-01-20,Books,Fiction Novel,1,25.12,10.0,22.61,5.99,Standard,1.27,29.87,PayPal,Delivered,5.0,2.0,True
41238024,138509,2025-04-08,Sports & Outdoors,Water Bottle,1,155.84,5.0,148.05,0.0,Express,12.21,160.26,Gift Card,Shipped,,,True
77339870,579703,2024-01-04,Electronics,Portable Charger,1,110.69,0.0,110.69,0.0,Standard,6.64,117.33,Debit Card,Delivered,6.0,,False
52662897,520198,2025-03-14,Home & Kitchen,Cutlery Set,1,120.01,0.0,120.01,0.0,Standard,6.72,126.73,Debit Card,Delivered,6.0,3.0,False
26356789,180132,2025-12-28,Home & Kitchen,Blender,2,218.21,10.0,392.78,0.0,Standard,32.4,425.18,Gift Card,Processing,,,False
88958097,388002,2025-10-19,Electronics,Wireless Earbuds,2,401.97,0.0,803.94,0.0,Next-Day,45.02,848.96,Credit Card,Cancelled,,,False
27212754,278362,2024-11-29,Electronics,USB-C Hub,1,89.04,20.0,71.23,5.99,Standard,4.27,81.49,Credit Card,Delivered,7.0,,True
70633676,464362,2024-06-03,Toys,Board Game,1,52.1,5.0,49.49,12.99,Express,2.97,65.45,Credit Card,Delivered,1.0,,False
24100403,977660,2024-03-01,Beauty,Face Serum,1,69.74,0.0,69.74,5.99,Standard,4.36,80.09,PayPal,Delivered,6.0,3.0,False
33119019,807261,2024-08-01,Home & Kitchen,Table Lamp,3,141.4,0.0,424.2,0.0,Next-Day,25.45,449.65,Apple Pay,Delivered,1.0,5.0,False
50622125,104547,2025-09-03,Clothing,Summer Dress,3,68.88,15.0,175.64,0.0,Next-Day,14.49,190.13,Credit Card,Delivered,1.0,,False
60475181,606888,2025-09-22,Grocery,Organic Coffee Beans,4,22.33,15.0,75.92,0.0,Standard,4.75,80.67,PayPal,Delivered,7.0,,False
11502732,867788,2024-09-23,Clothing,Yoga Leggings,2,88.69,0.0,177.38,0.0,Standard,5.14,182.52,Apple Pay,Delivered,4.0,4.0,False
85161133,656919,2024-08-15,Home & Kitchen,Bed Sheets Set,1,160.28,0.0,160.28,0.0,Standard,10.02,170.3,Credit Card,Delivered,5.0,4.0,False
56434216,642667,2025-04-03,Books,Children's Picture Book,1,17.61,20.0,14.09,12.99,Express,0.85,27.93,PayPal,Delivered,3.0,5.0,False
78456381,760624,2025-01-15,Clothing,Running Shoes,1,64.5,0.0,64.5,5.99,Standard,3.06,73.55,PayPal,Delivered,5.0,,False
92619687,264469,2024-07-26,Home & Kitchen,Storage Bins,1,22.02,0.0,22.02,5.99,Standard,1.23,29.24,PayPal,Delivered,6.0,,False
48420168,489801,2024-11-04,Toys,Remote Control Car,1,36.03,0.0,36.03,5.99,Standard,2.25,44.27,Debit Card,Delivered,7.0,4.0,False
70417051,368754,2025-03-05,Beauty,Nail Polish Set,5,60.56,0.0,302.8,0.0,Standard,19.68,322.48,PayPal,Delivered,8.0,,False
10304024,176588,2024-12-11,Clothing,Summer Dress,1,86.94,5.0,82.59,0.0,Standard,2.4,84.99,PayPal,Delivered,6.0,3.0,False
30371434,447329,2024-01-21,Grocery,Olive Oil,2,33.66,20.0,53.86,12.99,Express,4.44,71.29,Credit Card,Delivered,4.0,4.0,False
74878468,568666,2025-05-07,Home & Kitchen,Air Fryer,1,184.39,0.0,184.39,0.0,Standard,7.38,191.77,PayPal,Delivered,5.0,3.0,False
18340521,360610,2025-11-10,Electronics,Smartwatch,1,184.26,0.0,184.26,0.0,Standard,5.34,189.6,Gift Card,Cancelled,,,False
82794480,433152,2025-10-23,Electronics,Portable Charger,1,131.79,5.0,125.2,0.0,Standard,7.83,133.03,Credit Card,Shipped,,,False
17142426,728511,2024-10-14,Sports & Outdoors,Fishing Rod,1,370.37,,296.3,0.0,Standard,11.85,308.15,Credit Card,Delivered,5.0,3.0,False
52719593,301108,2025-11-27,Electronics,Wireless Earbuds,3,135.86,0.0,407.58,0.0,Express,22.82,430.4,Credit Card,Delivered,2.0,,False
63521679,901983,2024-01-24,Sports & Outdoors,Bicycle Helmet,2,155.68,0.0,311.36,0.0,Next-Day,19.46,330.82,Credit Card,Processing,,,False
31732664,968744,2024-03-26,Books,Self-Help Book,3,22.82,5.0,65.04,12.99,Express,5.37,83.4,Debit Card,Delivered,2.0,3.0,False
66941135,660209,2025-08-15,Electronics,Wireless Earbuds,1,285.39,0.0,285.39,0.0,Standard,23.54,308.93,Apple Pay,Delivered,6.0,4.0,False
15423936,781581,2024-11-05,Books,Biography,1,14.57,0.0,14.57,5.99,Standard,0.82,21.38,Apple Pay,Delivered,6.0,,False
37731917,354993,2024-10-10,Clothing,Running Shoes,2,106.6,,213.2,0.0,,12.79,225.99,Credit Card,Delivered,7.0,4.0,True
93965837,180716,2025-11-26,Home & Kitchen,Throw Pillow,1,47.14,5.0,44.78,5.99,Standard,3.97,54.74,Debit Card,Delivered,7.0,,False
73714596,693034,2025-08-09,Books,Biography,4,25.69,0.0,102.76,0.0,Standard,6.17,108.93,Debit Card,Delivered,7.0,4.0,False
20030003,479646,2025-10-13,Toys,Building Block Set,1,27.22,0.0,27.22,22.99,Next-Day,2.25,52.46,Debit Card,Delivered,1.0,2.0,False
95074577,779182,2025-04-24,Home & Kitchen,Table Lamp,1,101.56,0.0,101.56,0.0,Express,4.82,106.38,PayPal,Delivered,1.0,,False
75617074,161769,2024-11-08,Grocery,Organic Coffee Beans,2,16.34,0.0,32.68,5.99,Standard,1.96,40.63,Debit Card,Delivered,5.0,,False
57352736,908554,2024-09-04,Home & Kitchen,Coffee Maker,3,131.03,0.0,393.09,0.0,Standard,15.72,408.81,Credit Card,Processing,,,False
19496752,547976,2025-08-05,Home & Kitchen,Vacuum Cleaner,2,121.94,0.0,243.88,0.0,Express,20.12,264.0,Debit Card,Delivered,2.0,,False
62735844,669175,2024-07-23,Home & Kitchen,Blender,1,189.38,0.0,189.38,0.0,,9.0,198.38,Debit Card,Delivered,7.0,,False
66441985,294470,2024-01-13,Home & Kitchen,Non-Stick Pan,3,114.83,25.0,258.37,0.0,Standard,15.5,273.87,Credit Card,Delivered,7.0,5.0,False
91792518,311484,2025-03-09,Clothing,Women's Jeans,1,48.41,0.0,48.41,12.99,Express,3.03,64.43,PayPal,Delivered,2.0,4.0,False
63218902,933473,2025-12-28,Electronics,Wireless Earbuds,1,151.93,0.0,151.93,0.0,Express,9.5,161.43,Gift Card,Shipped,,,False
38982532,921341,2025-02-16,Books,Biography,1,15.92,0.0,15.92,5.99,Standard,0.99,22.9,Credit Card,Delivered,6.0,,False
63236552,289311,2024-03-20,Toys,Doll House,1,65.03,0.0,65.03,5.99,Standard,0.0,71.02,Apple Pay,Delivered,7.0,,False
43789369,423125,2024-11-07,Electronics,4K Monitor,2,365.21,0.0,730.42,0.0,Standard,60.26,790.68,Debit Card,Delivered,5.0,3.0,False
90314878,779182,2024-04-09,Sports & Outdoors,Hiking Backpack,1,212.0,0.0,212.0,0.0,Standard,10.07,222.07,Credit Card,Delivered,7.0,3.0,False
10617443,355438,2024-06-26,Home & Kitchen,Storage Bins,1,92.54,15.0,78.66,0.0,Standard,4.72,83.38,Credit Card,Shipped,,,False
51699569,369304,2025-11-15,Sports & Outdoors,Dumbbell Set,4,352.73,0.0,1410.92,0.0,Express,116.4,1527.32,Credit Card,Delivered,2.0,3.0,False
30984634,736402,2024-12-26,Electronics,USB-C Hub,1,95.92,0.0,95.92,0.0,Standard,6.0,101.92,Credit Card,Cancelled,,,False
60333833,181268,2025-03-21,Toys,Art & Craft Kit,1,34.6,0.0,34.6,5.99,,2.16,42.75,Credit Card,Delivered,8.0,4.0,False
93713340,206781,2025-11-04,Sports & Outdoors,Jump Rope,2,163.49,10.0,294.28,0.0,Express,16.48,310.76,Credit Card,Delivered,2.0,,False
62991872,579703,2025-06-04,Home & Kitchen,Storage Bins,1,113.55,10.0,102.19,0.0,Next-Day,6.13,108.32,Credit Card,Returned,1.0,,False
20906326,910706,2024-05-17,Toys,Board Game,4,71.1,0.0,284.4,0.0,Next-Day,17.06,301.46,Credit Card,Delivered,1.0,4.0,False
45155499,262277,2025-11-24,Clothing,Winter Jacket,1,33.5,0.0,33.5,12.99,Express,2.18,48.67,Debit Card,Cancelled,,,False
43768532,646843,2025-12-19,Toys,Puzzle (1000pc),5,22.88,10.0,102.96,0.0,,6.43,109.39,PayPal,Delivered,4.0,4.0,False
94135841,908554,2024-08-02,Beauty,Nail Polish Set,1,97.59,0.0,97.59,0.0,Standard,3.9,101.49,Credit Card,Delivered,7.0,,False
40422329,332361,2025-12-17,Books,Poetry Collection,2,21.44,0.0,42.88,5.99,Standard,1.24,50.11,PayPal,Delivered,3.0,4.0,False
88529017,182858,2024-12-07,Sports & Outdoors,Fishing Rod,2,282.88,20.0,452.61,0.0,Standard,13.13,465.74,Credit Card,Delivered,5.0,4.0,False
72861570,975413,2025-08-14,Electronics,Wireless Earbuds,1,190.35,0.0,190.35,0.0,Standard,16.89,207.24,Gift Card,Returned,4.0,,True
86304615,901983,2024-11-06,Clothing,Men's T-Shirt,1,67.36,0.0,67.36,5.99,Standard,4.21,77.56,Credit Card,Delivered,6.0,4.0,False
84857390,756144,2024-10-20,Sports & Outdoors,Water Bottle,1,111.0,0.0,111.0,0.0,Standard,6.22,117.22,PayPal,Delivered,5.0,3.0,False
50250578,800558,2025-02-27,Sports & Outdoors,Fishing Rod,2,152.27,0.0,304.54,0.0,Express,19.03,323.57,Debit Card,Delivered,1.0,,False
68523934,958338,2024-10-18,Home & Kitchen,Blender,1,122.0,0.0,122.0,0.0,Express,7.62,129.62,Gift Card,Shipped,,,False
44875267,104505,2025-10-28,Home & Kitchen,Non-Stick Pan,1,166.12,0.0,166.12,0.0,Standard,10.38,176.5,PayPal,Delivered,5.0,3.0,False
48011211,635222,2024-12-07,Home & Kitchen,Table Lamp,1,28.03,0.0,28.03,12.99,Express,1.68,42.7,PayPal,Delivered,4.0,5.0,False
83504833,286239,2025-02-25,Electronics,Smartwatch,1,305.76,20.0,244.61,0.0,Express,0.0,244.61,Apple Pay,Delivered,3.0,,False
45450411,688573,2024-10-09,Books,Self-Help Book,1,24.57,0.0,24.57,22.99,Next-Day,1.47,49.03,PayPal,Delivered,1.0,3.0,False
19738460,768390,2024-07-28,Beauty,Moisturizer,4,50.75,15.0,172.55,0.0,Standard,9.66,182.21,Credit Card,Delivered,6.0,3.0,False
63001914,209934,2025-03-23,Books,Science Textbook,1,21.18,0.0,21.18,12.99,Express,1.22,35.39,Credit Card,Delivered,2.0,,False
46968472,950421,2025-03-19,Clothing,Yoga Leggings,2,118.96,0.0,237.92,0.0,Express,14.87,252.79,Credit Card,Delivered,2.0,,False
83781490,101688,2024-11-02,Toys,Plush Toy,3,55.74,15.0,142.14,0.0,Next-Day,5.69,147.83,Credit Card,Delivered,2.0,,False
17168526,945168,2024-08-15,Electronics,Laptop Stand,4,340.28,0.0,1361.12,0.0,Standard,85.07,1446.19,Apple Pay,Delivered,5.0,,False
42067420,209934,2024-09-07,Electronics,4K Monitor,1,66.37,20.0,53.1,5.99,Standard,3.05,62.14,PayPal,Delivered,6.0,4.0,False
64311720,723964,2025-12-17,Clothing,Hoodie,1,52.83,0.0,52.83,5.99,Standard,3.17,61.99,Debit Card,Delivered,7.0,,False
99982325,262277,2024-08-17,Beauty,Face Serum,1,89.07,0.0,89.07,0.0,Express,5.79,94.86,Credit Card,Delivered,1.0,,False
93098895,994983,2025-05-09,Beauty,Moisturizer,2,34.16,0.0,68.32,12.99,Express,4.27,85.58,PayPal,Shipped,,,False
32622071,977660,2025-04-20,Clothing,Wool Sweater,1,50.44,0.0,50.44,5.99,,3.15,59.58,Credit Card,Delivered,4.0,3.0,False
12317457,466940,2025-11-20,Books,Mystery Thriller,1,32.03,5.0,30.43,5.99,Standard,1.45,37.87,Credit Card,Delivered,6.0,,False
82765688,862231,2025-05-02,Clothing,Men's T-Shirt,1,100.58,0.0,100.58,0.0,Standard,8.3,108.88,Debit Card,Processing,,,False
15176265,375437,2025-12-31,Electronics,Noise Cancelling Headphones,3,277.09,0.0,831.27,0.0,Express,49.88,881.15,Credit Card,Shipped,,,False
53537824,977660,2024-08-28,Home & Kitchen,Blender,2,217.59,0.0,435.18,0.0,Standard,27.2,462.38,Credit Card,Delivered,4.0,4.0,False
30024014,506511,2025-11-27,Electronics,4K Monitor,2,70.49,0.0,140.98,0.0,Standard,11.63,152.61,Credit Card,Delivered,6.0,,False
58005199,914509,2024-05-21,Sports & Outdoors,Camping Tent,5,312.48,15.0,1328.04,0.0,Standard,83.0,1411.04,Credit Card,Delivered,3.0,,False
56088657,599038,2024-06-06,Clothing,Yoga Leggings,1,97.73,15.0,83.07,0.0,Standard,4.98,88.05,PayPal,Delivered,5.0,,False
62522909,523106,2024-09-30,Toys,Doll House,1,20.38,0.0,20.38,5.99,Standard,1.27,27.64,Credit Card,Delivered,6.0,,False
49132384,415267,2024-04-13,Beauty,Lipstick,1,37.42,0.0,37.42,22.99,Next-Day,0.0,60.41,Debit Card,Delivered,1.0,,False
97238030,325640,2024-09-13,Clothing,Women's Jeans,2,90.54,0.0,181.08,0.0,Standard,14.94,196.02,Credit Card,Processing,,,False
91216883,220192,2025-05-13,Books,Mystery Thriller,1,31.16,0.0,31.16,5.99,Standard,1.87,39.02,Gift Card,Delivered,7.0,4.0,False
82723938,262277,2025-10-26,Electronics,Noise Cancelling Headphones,1,150.15,0.0,150.15,0.0,Standard,9.76,159.91,Credit Card,Shipped,,,False
79670493,957476,2025-02-25,Electronics,Portable Charger,2,138.61,0.0,277.22,0.0,Standard,17.33,294.55,Credit Card,Processing,,,False
37029570,856108,2025-11-13,Electronics,4K Monitor,4,289.53,0.0,1158.12,0.0,Standard,72.38,1230.5,PayPal,Delivered,5.0,,False
84637452,959182,2025-12-16,Home & Kitchen,Vacuum Cleaner,2,91.81,0.0,183.62,0.0,Express,11.48,195.1,PayPal,Delivered,4.0,,False
28107632,742559,2024-04-12,Home & Kitchen,Bed Sheets Set,3,24.38,0.0,73.14,12.99,Express,4.57,90.7,Gift Card,Delivered,2.0,4.0,False
47775836,112765,2024-01-29,Sports & Outdoors,Jump Rope,1,74.31,0.0,74.31,5.99,Standard,6.6,86.9,Gift Card,Cancelled,,,False
78324439,919830,2024-09-30,Clothing,Winter Jacket,1,108.05,20.0,86.44,0.0,Standard,5.4,91.84,Credit Card,Returned,5.0,,False
96391743,555576,2024-09-18,Books,Mystery Thriller,2,20.06,0.0,40.12,5.99,Standard,2.51,48.62,Credit Card,Delivered,5.0,4.0,False
37466132,504586,2025-02-23,Electronics,Laptop Stand,4,207.93,25.0,623.79,0.0,Standard,40.55,664.34,PayPal,Delivered,6.0,3.0,False
23482203,262641,2024-12-13,Electronics,Portable Charger,2,238.88,0.0,477.76,0.0,Standard,28.67,506.43,Debit Card,Delivered,5.0,4.0,False
39017514,632607,2024-08-31,Home & Kitchen,Non-Stick Pan,1,97.76,20.0,78.21,0.0,Express,6.94,85.15,PayPal,Delivered,3.0,4.0,False
60629545,369304,2024-11-27,Home & Kitchen,Table Lamp,1,253.83,20.0,203.06,0.0,Standard,16.75,219.81,Credit Card,Cancelled,,,False
98859327,815544,2025-06-24,Books,Self-Help Book,2,23.77,0.0,47.54,5.99,Standard,3.09,56.62,Apple Pay,Delivered,4.0,,True
85387409,453806,2025-01-02,Sports & Outdoors,Water Bottle,1,94.03,0.0,94.03,0.0,Standard,6.11,100.14,Debit Card,Shipped,,,False
99689616,231918,2024-03-21,Sports & Outdoors,Camping Tent,1,188.09,0.0,188.09,0.0,Standard,10.82,198.91,Debit Card,Delivered,5.0,5.0,False
76455145,958338,2025-04-01,Clothing,Socks (3-pack),1,155.43,0.0,155.43,0.0,Standard,9.71,165.14,Credit Card,Returned,7.0,,False
78090463,697476,2025-11-17,Electronics,Noise Cancelling Headphones,1,142.81,0.0,142.81,0.0,Standard,8.57,151.38,Credit Card,Shipped,,,False
14867455,471843,2025-12-02,Clothing,Running Shoes,2,47.8,10.0,86.04,0.0,Standard,3.44,89.48,Credit Card,Delivered,6.0,,False
88801975,150447,2025-12-09,Clothing,Winter Jacket,2,53.5,10.0,96.3,0.0,Standard,5.39,101.69,Debit Card,Delivered,7.0,,False
16618368,927372,2024-03-02,Clothing,Wool Sweater,1,22.27,0.0,22.27,5.99,Standard,1.34,29.6,PayPal,Delivered,7.0,4.0,False
12507604,635222,2024-04-25,Electronics,Noise Cancelling Headphones,1,337.57,0.0,337.57,0.0,Next-Day,20.25,357.82,Credit Card,Delivered,1.0,5.0,False
57782359,394360,2025-11-09,Books,Self-Help Book,3,12.32,30.0,25.87,22.99,Next-Day,2.13,50.99,Apple Pay,Shipped,,,False
75261268,815544,2024-06-24,Beauty,Sunscreen SPF50,4,43.51,0.0,174.04,0.0,Standard,11.31,185.35,Apple Pay,Delivered,6.0,,False
40581059,351676,2024-12-22,Electronics,Smartphone Case,2,38.71,10.0,69.68,22.99,Next-Day,4.53,97.2,Debit Card,Shipped,,,False
94481645,210200,2024-05-21,Beauty,Body Lotion,3,44.75,0.0,134.25,0.0,Standard,8.39,142.64,Debit Card,Delivered,8.0,,False
91970244,150447,2024-08-04,Electronics,Smartphone Case,3,184.57,5.0,526.02,0.0,Express,29.46,555.48,PayPal,Delivered,2.0,,False
68949096,896180,2024-02-21,Clothing,Yoga Leggings,1,59.45,0.0,59.45,5.99,Standard,5.28,70.72,Apple Pay,Delivered,7.0,,False
29058781,755714,2025-11-18,Electronics,Bluetooth Speaker,3,109.95,0.0,329.85,0.0,Express,29.27,359.12,PayPal,Delivered,2.0,4.0,False
44463531,985037,2024-11-22,Clothing,Hoodie,1,163.62,0.0,163.62,0.0,Standard,10.23,173.85,Debit Card,Delivered,5.0,2.0,True
67397848,562945,2025-09-07,Home & Kitchen,Storage Bins,2,63.22,0.0,126.44,0.0,Standard,7.59,134.03,Credit Card,Delivered,5.0,4.0,False
65549074,394899,2024-11-11,Books,Cookbook,2,32.9,0.0,65.8,5.99,Standard,4.11,75.9,Credit Card,Returned,6.0,,False
14613872,777395,2025-12-26,Toys,Action Figure,1,40.64,20.0,32.51,5.99,Standard,2.11,40.61,PayPal,Delivered,7.0,5.0,False
18926400,945168,2025-10-08,Beauty,Makeup Brush Set,1,15.03,10.0,13.53,5.99,Standard,0.85,20.37,Debit Card,Delivered,5.0,,False
19159465,155691,2025-02-14,Beauty,Lipstick,2,107.19,0.0,214.38,0.0,Standard,17.69,232.07,PayPal,Delivered,6.0,2.0,False
41563386,642667,2025-02-10,Electronics,Wireless Earbuds,1,119.68,0.0,119.68,0.0,Standard,7.18,126.86,Apple Pay,Shipped,,,False
25396782,106403,2024-11-14,Electronics,USB-C Hub,2,313.06,0.0,626.12,0.0,Standard,40.7,666.82,Debit Card,Delivered,6.0,3.0,False
92580991,777395,2025-06-02,Electronics,Smartwatch,1,220.22,5.0,209.21,0.0,Standard,13.6,222.81,Gift Card,Shipped,,,False
21674408,505710,2025-09-23,Electronics,Smartwatch,3,241.29,0.0,723.87,0.0,Standard,43.43,767.3,PayPal,Delivered,5.0,,False
33068020,510893,2024-12-30,Electronics,Laptop Stand,2,124.09,0.0,248.18,0.0,Standard,20.47,268.65,Apple Pay,Processing,,,False
30383447,620065,2024-08-01,Sports & Outdoors,Golf Balls (12-pack),2,76.83,0.0,153.66,0.0,Express,9.22,162.88,Credit Card,Processing,,,False
90211361,335153,2025-05-17,Clothing,Wool Sweater,1,41.44,25.0,31.08,5.99,Standard,1.74,38.81,Credit Card,Returned,7.0,,False
27511171,816376,2025-12-12,Toys,Action Figure,1,40.4,15.0,34.34,5.99,Standard,1.0,41.33,Credit Card,Shipped,,,False
46632770,910932,2025-12-07,Books,Children's Picture Book,3,17.41,10.0,47.01,5.99,Standard,2.94,55.94,Credit Card,Delivered,5.0,5.0,False
59018955,562418,2024-07-26,Electronics,Bluetooth Speaker,2,298.54,0.0,597.08,0.0,Standard,37.32,634.4,Credit Card,Shipped,,,False
21859650,723573,2024-09-16,Beauty,Lipstick,1,35.42,0.0,35.42,5.99,Standard,2.92,44.33,Gift Card,Processing,,,False
80193071,455782,2025-11-14,Sports & Outdoors,Camping Tent,1,172.02,5.0,163.42,0.0,Standard,10.21,173.63,Debit Card,Cancelled,,,True
45358321,642047,2024-08-15,Sports & Outdoors,Yoga Mat,1,167.58,0.0,167.58,0.0,Standard,9.38,176.96,PayPal,Delivered,5.0,4.0,False
32802032,812521,2025-01-19,Clothing,Socks (3-pack),5,51.77,0.0,258.85,0.0,Standard,16.18,275.03,Apple Pay,Delivered,4.0,3.0,False
60393282,865712,2025-11-01,Home & Kitchen,Throw Pillow,5,58.55,,292.75,0.0,Standard,16.83,309.58,Credit Card,Delivered,6.0,4.0,False
59618192,919601,2024-04-26,Clothing,Wool Sweater,2,39.58,0.0,79.16,0.0,Standard,7.03,86.19,Debit Card,Returned,5.0,,False
46480557,467418,2025-10-24,Beauty,Body Lotion,1,90.82,0.0,90.82,0.0,Standard,4.31,95.13,PayPal,Delivered,7.0,3.0,False
26492392,181268,2024-12-25,Books,Children's Picture Book,1,13.94,10.0,12.55,5.99,Standard,0.78,19.32,PayPal,Delivered,7.0,,False
78188769,289061,2024-04-20,Grocery,Protein Powder,3,39.19,0.0,117.57,0.0,Standard,9.7,127.27,Debit Card,Delivered,4.0,4.0,False
47498877,910932,2024-01-07,Electronics,4K Monitor,1,167.6,5.0,159.22,0.0,Standard,9.95,169.17,PayPal,Delivered,3.0,5.0,False
79717755,805775,2024-11-21,Electronics,Wireless Earbuds,2,174.76,0.0,349.52,0.0,Express,13.98,363.5,Credit Card,Delivered,3.0,,False
17763902,445958,2024-02-15,Clothing,Yoga Leggings,1,38.32,0.0,38.32,5.99,Standard,2.4,46.71,Credit Card,Returned,6.0,,False
22630897,579703,2025-12-18,Home & Kitchen,Coffee Maker,1,187.74,0.0,187.74,0.0,Express,11.26,199.0,Credit Card,Delivered,2.0,,True
30693831,319615,2024-12-21,Home & Kitchen,Table Lamp,4,130.74,0.0,522.96,0.0,Standard,31.38,554.34,Credit Card,Processing,,,False
97576712,148651,2024-10-12,Home & Kitchen,Cutlery Set,2,86.58,15.0,147.19,0.0,Standard,0.0,147.19,Debit Card,Delivered,6.0,3.0,False
50875355,112765,2024-07-18,Home & Kitchen,Storage Bins,1,128.01,0.0,128.01,0.0,Standard,11.36,139.37,Debit Card,Delivered,6.0,4.0,False
56825744,755714,2025-02-17,Electronics,Portable Charger,1,370.55,0.0,370.55,0.0,Express,32.89,403.44,Apple Pay,Delivered,2.0,3.0,False
73438474,156059,2024-01-14,Beauty,Hair Dryer,2,95.68,0.0,191.36,0.0,Standard,0.0,191.36,Credit Card,Delivered,8.0,3.0,False
30863774,945168,2025-07-26,Clothing,Yoga Leggings,2,119.23,0.0,238.46,0.0,Standard,14.9,253.36,Apple Pay,Delivered,8.0,3.0,False
18145105,486914,2025-03-01,Electronics,Smartphone Case,1,384.18,0.0,384.18,0.0,Standard,24.01,408.19,Debit Card,Delivered,6.0,,False
43983762,563979,2025-11-18,Sports & Outdoors,Hiking Backpack,3,145.55,30.0,305.66,0.0,Express,25.22,330.88,Debit Card,Delivered,2.0,,False
52367946,910706,2025-01-13,Electronics,Gaming Mouse,2,73.65,0.0,147.3,0.0,Standard,8.84,156.14,Debit Card,Returned,5.0,,False
92006067,965973,2025-11-17,Home & Kitchen,Table Lamp,4,111.19,10.0,400.28,0.0,Express,35.52,435.8,Apple Pay,Delivered,2.0,,False
45872518,262277,2025-10-09,Electronics,Smartphone Case,1,136.97,20.0,109.58,0.0,Standard,7.12,116.7,Credit Card,Returned,6.0,,False
76451826,437427,2025-12-04,Electronics,Smartphone Case,1,180.01,0.0,180.01,0.0,Express,14.85,194.86,PayPal,Delivered,3.0,4.0,False
20037736,354993,2024-04-09,Grocery,Protein Powder,1,28.77,0.0,28.77,5.99,Standard,1.73,36.49,Apple Pay,Delivered,6.0,,True
91247461,562945,2025-12-12,Clothing,Running Shoes,1,30.41,0.0,30.41,5.99,Standard,1.82,38.22,Credit Card,Delivered,4.0,,False
24248073,907196,2024-01-11,Clothing,Men's T-Shirt,5,69.24,0.0,346.2,0.0,Standard,21.64,367.84,Apple Pay,Delivered,6.0,,False
31370677,531846,2025-11-30,Clothing,Denim Jacket,3,87.46,15.0,223.02,0.0,Standard,13.94,236.96,Credit Card,Processing,,,False
99861457,423328,2025-01-12,Clothing,Men's T-Shirt,1,99.94,30.0,69.96,5.99,Standard,5.77,81.72,Debit Card,Shipped,,,False
15933663,263426,2024-07-26,Clothing,Wool Sweater,1,39.1,0.0,39.1,12.99,Express,2.54,54.63,Apple Pay,Delivered,1.0,3.0,False
61381869,666414,2025-11-27,Electronics,Smartwatch,2,57.38,25.0,86.07,0.0,Standard,4.09,90.16,Debit Card,Cancelled,,,False
15623664,823236,2025-03-24,Beauty,Perfume,4,107.65,0.0,430.6,0.0,Standard,26.91,457.51,PayPal,Delivered,7.0,2.0,False
36260735,284199,2025-02-17,Clothing,Running Shoes,2,150.72,0.0,301.44,0.0,Express,24.87,326.31,Credit Card,Delivered,2.0,4.0,False
29588100,286486,2024-11-16,Home & Kitchen,Bed Sheets Set,4,287.47,10.0,1034.89,0.0,Express,67.27,1102.16,Credit Card,Delivered,4.0,4.0,False
62099415,479622,2025-12-24,Beauty,Shampoo & Conditioner Set,1,63.45,0.0,63.45,5.99,Standard,3.55,72.99,PayPal,Delivered,4.0,,False
70274711,865712,2025-03-24,Clothing,Winter Jacket,2,122.26,0.0,244.52,0.0,Standard,14.06,258.58,PayPal,Delivered,3.0,,False
52928761,437318,2025-12-01,Clothing,Summer Dress,4,111.54,0.0,446.16,0.0,Standard,29.0,475.16,PayPal,Delivered,5.0,,False
80578459,921402,2024-11-25,Beauty,Body Lotion,1,56.93,5.0,54.08,12.99,,2.16,69.23,PayPal,Delivered,1.0,4.0,False
82168944,865712,2025-01-19,Electronics,Gaming Mouse,2,337.13,0.0,674.26,0.0,Standard,38.77,713.03,PayPal,Processing,,,False
43444016,924543,2025-06-25,Toys,Plush Toy,2,74.4,0.0,148.8,0.0,Standard,8.93,157.73,Credit Card,Delivered,4.0,2.0,False
60724818,332057,2024-05-28,Home & Kitchen,Table Lamp,1,91.79,0.0,91.79,0.0,Standard,5.51,97.3,Credit Card,Delivered,4.0,,False
52546786,350194,2024-11-19,Clothing,Running Shoes,1,38.8,20.0,31.04,12.99,Express,2.56,46.59,Debit Card,Shipped,,,False
54356303,562945,2025-11-27,Clothing,Denim Jacket,3,52.61,5.0,149.94,0.0,Standard,9.0,158.94,Credit Card,Shipped,,,False
96579887,562945,2024-02-25,Electronics,Smartwatch,1,149.13,0.0,149.13,0.0,Standard,8.95,158.08,Credit Card,Delivered,8.0,3.0,False
58527070,106146,2024-01-16,Home & Kitchen,Air Fryer,2,186.81,0.0,373.62,0.0,Next-Day,23.35,396.97,PayPal,Delivered,1.0,,False
51650064,440630,2024-04-28,Electronics,Portable Charger,1,112.72,0.0,112.72,0.0,Express,6.76,119.48,Credit Card,Delivered,3.0,3.0,False
28460746,668562,2025-12-01,Beauty,Sunscreen SPF50,2,115.18,0.0,230.36,0.0,Standard,19.0,249.36,Credit Card,Returned,8.0,,False
48887722,150447,2024-01-15,Home & Kitchen,Non-Stick Pan,1,257.25,0.0,257.25,0.0,Standard,14.41,271.66,Apple Pay,Delivered,6.0,5.0,False
11344920,635222,2025-08-22,Clothing,Denim Jacket,1,71.83,,71.83,5.99,,4.31,82.13,Credit Card,Delivered,6.0,3.0,False
56557985,492493,2024-10-05,Home & Kitchen,Throw Pillow,4,134.88,0.0,539.52,0.0,Standard,33.72,573.24,PayPal,Delivered,3.0,3.0,False
25204894,311051,2024-12-07,Clothing,Socks (3-pack),4,87.6,0.0,350.4,0.0,Standard,21.9,372.3,Credit Card,Delivered,7.0,4.0,True
56068468,991288,2025-06-16,Grocery,Organic Coffee Beans,2,12.73,0.0,25.46,12.99,Express,1.21,39.66,Debit Card,Processing,,,False
58028291,253940,2025-12-27,Electronics,Noise Cancelling Headphones,2,192.38,5.0,365.52,0.0,Standard,20.47,385.99,Credit Card,Processing,,,False
34652282,289311,2025-01-28,Electronics,Bluetooth Speaker,1,150.6,0.0,150.6,0.0,Standard,0.0,150.6,Credit Card,Delivered,6.0,,False
15328084,563979,2024-11-30,Sports & Outdoors,Golf Balls (12-pack),1,84.11,5.0,79.9,0.0,Standard,6.59,86.49,PayPal,Delivered,3.0,,False
58007983,793675,2024-07-04,Toys,Art & Craft Kit,3,34.77,0.0,104.31,0.0,Standard,9.26,113.57,Credit Card,Delivered,6.0,,False
19185685,555576,2024-12-21,Home & Kitchen,Air Fryer,1,108.45,0.0,108.45,0.0,Next-Day,6.78,115.23,Debit Card,Delivered,1.0,4.0,False
53973258,358627,2025-02-10,Beauty,Perfume,2,43.24,0.0,86.48,0.0,Standard,5.62,92.1,Apple Pay,Delivered,7.0,5.0,False
23095041,426751,2024-02-16,Clothing,Hoodie,3,74.36,0.0,223.08,0.0,Standard,19.8,242.88,Debit Card,Shipped,,,False
94800337,854133,2025-08-13,Beauty,Nail Polish Set,5,56.59,0.0,282.95,0.0,Express,18.39,301.34,Debit Card,Delivered,3.0,3.0,True
32031897,447566,2025-12-15,Books,Mystery Thriller,4,34.35,20.0,109.92,0.0,Standard,3.19,113.11,Credit Card,Cancelled,,,False
36160661,859253,2025-05-09,Electronics,Wireless Earbuds,1,116.33,20.0,93.06,0.0,Standard,5.82,98.88,PayPal,Delivered,4.0,3.0,False
30806842,149433,2025-12-12,Electronics,Noise Cancelling Headphones,1,357.6,0.0,357.6,0.0,Next-Day,10.37,367.97,Credit Card,Cancelled,,,False
64075331,125648,2024-01-18,Electronics,Smartwatch,1,76.66,0.0,76.66,0.0,Standard,4.79,81.45,Debit Card,Delivered,6.0,,True
65837325,665342,2025-11-17,Home & Kitchen,Storage Bins,1,150.77,0.0,150.77,0.0,Standard,7.16,157.93,Credit Card,Processing,,,False
53179370,968744,2025-08-31,Clothing,Men's T-Shirt,1,28.04,0.0,28.04,5.99,Standard,2.31,36.34,Apple Pay,Delivered,5.0,2.0,False
31841627,959122,2024-01-09,Electronics,4K Monitor,5,112.26,30.0,392.91,0.0,Express,15.72,408.63,Credit Card,Delivered,3.0,,False
29031083,567751,2024-12-13,Home & Kitchen,Blender,1,301.46,0.0,301.46,0.0,Standard,16.88,318.34,Debit Card,Delivered,5.0,4.0,False
60251887,112765,2025-04-26,Clothing,Summer Dress,1,124.82,0.0,124.82,0.0,Standard,11.08,135.9,Debit Card,Delivered,3.0,,False
74633140,933473,2025-06-28,Electronics,Smartwatch,1,198.31,0.0,198.31,0.0,Standard,12.39,210.7,Credit Card,Delivered,5.0,3.0,False
41226996,620065,2025-11-16,Electronics,Laptop Stand,1,190.24,10.0,171.22,0.0,Standard,10.27,181.49,Debit Card,Delivered,5.0,,False
15090624,499339,2024-01-18,Clothing,Wool Sweater,3,89.68,0.0,269.04,0.0,Standard,16.82,285.86,PayPal,Cancelled,,,False
98407379,262277,2025-07-10,Toys,Art & Craft Kit,2,55.4,0.0,110.8,0.0,Standard,7.2,118.0,Credit Card,Delivered,7.0,4.0,False
66853274,423125,2024-01-27,Beauty,Lipstick,2,75.18,10.0,135.32,0.0,Express,11.16,146.48,PayPal,Delivered,3.0,,False
31449200,350668,2025-11-02,Books,Mystery Thriller,1,12.88,25.0,9.66,5.99,Standard,0.58,16.23,Debit Card,Delivered,5.0,,False
41443512,489801,2025-09-25,Electronics,Laptop Stand,1,235.95,0.0,235.95,0.0,Standard,14.75,250.7,PayPal,Delivered,5.0,,False
71940559,389060,2024-06-24,Clothing,Socks (3-pack),1,113.23,0.0,113.23,0.0,Express,7.08,120.31,Credit Card,Delivered,4.0,4.0,False
22683062,921341,2025-11-29,Beauty,Moisturizer,1,67.58,0.0,67.58,5.99,Standard,4.22,77.79,Debit Card,Shipped,,,False
46251322,815544,2025-08-18,Sports & Outdoors,Fishing Rod,1,154.37,0.0,154.37,0.0,Standard,10.03,164.4,Debit Card,Delivered,6.0,,False
45735827,756144,2024-04-29,Toys,Action Figure,4,25.33,0.0,101.32,0.0,Standard,5.67,106.99,Credit Card,Shipped,,,False
12593004,681619,2024-03-19,Toys,Art & Craft Kit,2,37.14,0.0,74.28,12.99,Express,6.59,93.86,Credit Card,Delivered,2.0,,False
32275238,620638,2025-09-20,Electronics,Gaming Mouse,1,328.51,5.0,312.08,0.0,Express,18.72,330.8,Debit Card,Delivered,1.0,4.0,False
82784428,723573,2025-11-21,Books,Cookbook,2,16.03,0.0,32.06,5.99,Standard,2.64,40.69,PayPal,Delivered,5.0,,False
75021984,267355,2025-02-05,Electronics,Noise Cancelling Headphones,4,116.2,0.0,464.8,0.0,Standard,38.35,503.15,Debit Card,Delivered,5.0,4.0,False
76063793,562945,2024-12-27,Grocery,Snack Variety Pack,3,12.91,0.0,38.73,5.99,Standard,2.32,47.04,Apple Pay,Processing,,,False
43853394,991288,2025-09-13,Clothing,Winter Jacket,1,54.53,0.0,54.53,12.99,Express,2.59,70.11,PayPal,Shipped,,,False
58251365,253940,2025-09-18,Books,Self-Help Book,2,23.83,15.0,40.51,12.99,Express,2.27,55.77,Apple Pay,Delivered,3.0,4.0,False
26836452,262277,2025-02-17,Beauty,Sunscreen SPF50,1,87.44,0.0,87.44,0.0,Standard,5.68,93.12,Credit Card,Delivered,7.0,3.0,False
33711737,110406,2025-08-25,Home & Kitchen,Vacuum Cleaner,2,128.07,20.0,204.91,0.0,Standard,18.19,223.1,Credit Card,Delivered,4.0,,False
81178725,815076,2024-12-14,Toys,Plush Toy,1,46.77,0.0,46.77,5.99,Standard,2.92,55.68,Credit Card,Delivered,3.0,4.0,False
44090992,798036,2024-12-09,Beauty,Hair Dryer,1,46.24,10.0,41.62,5.99,Standard,2.39,50.0,Credit Card,Delivered,6.0,4.0,False
72821357,262277,2025-08-07,Electronics,Wireless Earbuds,1,122.04,0.0,122.04,0.0,Standard,7.93,129.97,Debit Card,Delivered,6.0,,False
32017980,885361,2025-12-19,Clothing,Winter Jacket,4,118.48,15.0,402.83,0.0,Standard,24.17,427.0,PayPal,Delivered,6.0,5.0,False
21101868,620638,2025-05-12,Books,Poetry Collection,3,19.03,0.0,57.09,12.99,Express,3.43,73.51,Credit Card,Delivered,4.0,,False
54830534,968744,2024-05-01,Electronics,Portable Charger,4,165.12,0.0,660.48,0.0,Standard,54.49,714.97,Credit Card,Delivered,6.0,4.0,False
92140473,152304,2024-05-25,Electronics,4K Monitor,1,31.37,0.0,31.37,5.99,Standard,1.96,39.32,Debit Card,Delivered,6.0,,False
79388477,253760,2025-09-05,Grocery,Pasta & Sauce Bundle,1,14.81,15.0,12.59,5.99,Standard,0.79,19.37,Credit Card,Delivered,5.0,,False
19898789,884309,2025-01-26,Home & Kitchen,Coffee Maker,5,130.64,0.0,653.2,0.0,Standard,31.03,684.23,Apple Pay,Delivered,5.0,3.0,False
87387404,504586,2024-11-22,Beauty,Face Serum,2,92.24,0.0,184.48,0.0,Standard,11.99,196.47,PayPal,Delivered,5.0,,False
53099796,865712,2025-12-04,Electronics,USB-C Hub,1,145.97,15.0,124.07,0.0,Express,7.13,131.2,Credit Card,Delivered,2.0,,False
76352637,278450,2025-07-19,Electronics,Smartphone Case,3,269.45,0.0,808.35,0.0,Express,66.69,875.04,Debit Card,Delivered,3.0,,False
64419963,597707,2025-04-19,Beauty,Shampoo & Conditioner Set,1,89.5,0.0,89.5,0.0,Standard,7.94,97.44,Apple Pay,Delivered,6.0,3.0,False
42227543,406634,2025-06-26,Beauty,Shampoo & Conditioner Set,1,110.1,15.0,93.58,0.0,Standard,5.38,98.96,Debit Card,Returned,7.0,,False
80516641,167072,2025-03-28,Grocery,Snack Variety Pack,1,22.04,0.0,22.04,5.99,Standard,1.96,29.99,Debit Card,Processing,,,False
71299765,235881,2025-05-10,Home & Kitchen,Table Lamp,1,217.68,0.0,217.68,0.0,Standard,13.61,231.29,Credit Card,Delivered,7.0,,False
95093247,262277,2025-11-20,Sports & Outdoors,Resistance Bands,1,128.05,0.0,128.05,0.0,Express,8.32,136.37,Credit Card,Delivered,3.0,,False
60672978,594403,2024-07-25,Toys,Board Game,1,32.01,0.0,32.01,5.99,Standard,2.64,40.64,Apple Pay,Cancelled,,,False
50752945,152017,2025-03-28,Home & Kitchen,Storage Bins,4,148.75,0.0,595.0,0.0,Standard,38.68,633.68,Debit Card,Shipped,,,True
57525241,668562,2024-11-22,Clothing,Denim Jacket,1,123.26,0.0,123.26,0.0,Standard,10.17,133.43,Debit Card,Delivered,6.0,4.0,False
43350745,961935,2025-06-18,Electronics,Noise Cancelling Headphones,3,328.18,5.0,935.31,0.0,Next-Day,56.12,991.43,Apple Pay,Returned,1.0,,False
88626725,262277,2025-12-09,Books,Self-Help Book,3,17.04,0.0,51.12,5.99,Standard,3.32,60.43,Debit Card,Delivered,6.0,3.0,False
28675538,598667,2025-05-14,Sports & Outdoors,Hiking Backpack,1,220.94,0.0,220.94,0.0,Standard,18.23,239.17,Credit Card,Delivered,6.0,,False
79589228,669983,2024-01-08,Beauty,Nail Polish Set,1,70.21,0.0,70.21,12.99,Express,3.33,86.53,PayPal,Delivered,4.0,,False
42738733,884439,2024-10-25,Sports & Outdoors,Hiking Backpack,5,133.65,0.0,668.25,0.0,Next-Day,19.38,687.63,Debit Card,Delivered,1.0,,False
33855473,723964,2025-11-10,Clothing,Men's T-Shirt,3,62.17,15.0,158.53,0.0,Next-Day,9.51,168.04,Debit Card,Delivered,1.0,3.0,False
99450298,409624,2024-01-19,Electronics,Smartphone Case,1,304.0,15.0,258.4,0.0,Express,15.5,273.9,Credit Card,Delivered,3.0,5.0,False
38949593,620065,2024-04-05,Home & Kitchen,Non-Stick Pan,2,166.14,0.0,332.28,0.0,Standard,19.94,352.22,PayPal,Delivered,8.0,,False
55666565,113118,2025-07-21,Clothing,Socks (3-pack),1,124.81,20.0,99.85,0.0,Standard,8.86,108.71,Credit Card,Delivered,8.0,,False
97177426,646841,2024-11-08,Toys,Action Figure,1,79.72,0.0,79.72,0.0,Express,4.58,84.3,Apple Pay,Delivered,3.0,5.0,False
24519275,839134,2024-11-30,Sports & Outdoors,Camping Tent,1,79.21,20.0,63.37,5.99,Standard,3.64,73.0,Credit Card,Delivered,5.0,4.0,False
23980292,154379,2024-09-01,Books,Self-Help Book,1,15.61,0.0,15.61,5.99,Standard,0.45,22.05,Credit Card,Delivered,5.0,,False
40336689,372352,2024-09-15,Toys,Action Figure,2,47.81,,95.62,0.0,Standard,5.98,101.6,PayPal,Delivered,6.0,2.0,False
82130045,736679,2025-07-21,Electronics,Wireless Earbuds,1,168.96,0.0,168.96,0.0,Standard,6.76,175.72,PayPal,Returned,4.0,,False
16902434,867788,2024-02-24,Toys,Doll House,3,30.42,0.0,91.26,0.0,Standard,2.65,93.91,Debit Card,Processing,,,False
39440015,276171,2024-11-20,Clothing,Wool Sweater,1,73.89,0.0,73.89,5.99,Standard,4.43,84.31,Apple Pay,Shipped,,,False
89263889,187323,2024-11-10,Clothing,Wool Sweater,1,164.44,10.0,148.0,0.0,,9.25,157.25,Credit Card,Delivered,4.0,,False
84614152,482841,2024-06-25,Clothing,Summer Dress,1,42.23,0.0,42.23,5.99,Standard,2.43,50.65,Apple Pay,Returned,4.0,,False
28445525,648138,2025-11-23,Grocery,Green Tea (Box),1,32.65,15.0,27.75,5.99,Standard,1.8,35.54,Debit Card,Delivered,6.0,3.0,False
95588519,657736,2024-08-29,Grocery,Olive Oil,1,34.03,0.0,34.03,5.99,Standard,2.04,42.06,Credit Card,Delivered,6.0,,False
63946251,943393,2024-11-10,Clothing,Women's Jeans,1,56.36,0.0,56.36,12.99,Express,3.66,73.01,PayPal,Delivered,3.0,,False
76225718,262277,2025-05-21,Electronics,Smartphone Case,1,57.57,0.0,57.57,5.99,Standard,3.74,67.3,Apple Pay,Processing,,,False
98832157,419662,2024-09-29,Home & Kitchen,Bed Sheets Set,2,94.42,,169.96,0.0,Standard,14.02,183.98,Gift Card,Cancelled,,,False
85373837,106059,2025-11-12,Home & Kitchen,Air Fryer,1,253.27,5.0,240.61,0.0,Express,19.85,260.46,Apple Pay,Cancelled,,,False
65079662,492493,2024-11-03,Books,Biography,1,20.54,0.0,20.54,5.99,Standard,1.28,27.81,Debit Card,Delivered,6.0,4.0,False
46323623,180132,2025-11-03,Beauty,Moisturizer,1,82.18,0.0,82.18,0.0,Express,6.78,88.96,Debit Card,Delivered,3.0,,False
88677290,150447,2024-12-12,Sports & Outdoors,Golf Balls (12-pack),2,92.02,0.0,184.04,0.0,Express,10.31,194.35,Debit Card,Returned,5.0,,False
63455257,742541,2024-02-17,Toys,Art & Craft Kit,1,41.65,5.0,39.57,5.99,Standard,2.37,47.93,Gift Card,Shipped,,,False
23476339,878904,2024-05-09,Electronics,Gaming Mouse,1,134.73,0.0,134.73,0.0,Express,8.42,143.15,Credit Card,Delivered,2.0,5.0,False
79497411,563979,2025-08-15,Home & Kitchen,Storage Bins,3,123.88,0.0,371.64,0.0,Standard,30.66,402.3,Gift Card,Shipped,,,False
69148474,960784,2024-05-19,Home & Kitchen,Air Fryer,1,139.18,0.0,139.18,0.0,Standard,12.35,151.53,Credit Card,Delivered,5.0,3.0,True
21390342,223771,2024-08-19,Electronics,Portable Charger,3,155.51,0.0,466.53,0.0,Standard,29.16,495.69,Credit Card,Delivered,4.0,,False
52076771,489801,2025-02-03,Clothing,Summer Dress,1,78.86,0.0,78.86,0.0,Express,4.93,83.79,Debit Card,Delivered,2.0,3.0,False
98712740,489801,2025-11-19,Sports & Outdoors,Water Bottle,1,97.9,0.0,97.9,0.0,Standard,6.12,104.02,Debit Card,Delivered,6.0,,False
85115212,652866,2024-12-17,Clothing,Running Shoes,4,32.8,0.0,131.2,0.0,Standard,8.2,139.4,Debit Card,Delivered,5.0,,False
10783767,432284,2025-12-23,Clothing,Socks (3-pack),4,77.02,20.0,246.46,0.0,Standard,7.15,253.61,Apple Pay,Delivered,5.0,4.0,True
96148477,140937,2025-02-02,Beauty,Hair Dryer,2,107.25,0.0,214.5,0.0,Standard,12.87,227.37,Credit Card,Delivered,7.0,4.0,False
45104168,544683,2025-08-19,Beauty,Hair Dryer,1,35.88,0.0,35.88,5.99,Standard,2.96,44.83,Debit Card,Delivered,5.0,4.0,False
55360072,933473,2025-12-06,Home & Kitchen,Vacuum Cleaner,1,26.85,0.0,26.85,12.99,Express,1.68,41.52,PayPal,Delivered,3.0,,False
39089328,490754,2025-03-04,Clothing,Summer Dress,4,63.02,0.0,252.08,0.0,Next-Day,14.12,266.2,Credit Card,Delivered,1.0,4.0,False
82907921,262277,2025-11-10,Electronics,Bluetooth Speaker,1,114.3,20.0,91.44,0.0,Standard,5.94,97.38,PayPal,Delivered,5.0,5.0,True
99573736,409624,2025-11-07,Electronics,Portable Charger,1,81.78,0.0,81.78,0.0,Standard,4.91,86.69,Credit Card,Delivered,5.0,1.0,False
73036520,126133,2024-06-12,Home & Kitchen,Throw Pillow,2,235.18,0.0,470.36,0.0,Standard,27.05,497.41,Credit Card,Delivered,5.0,,False
35423247,389547,2024-09-11,Grocery,Organic Coffee Beans,1,28.98,0.0,28.98,5.99,Standard,1.81,36.78,Credit Card,Delivered,6.0,3.0,False
29209407,253940,2025-11-26,Clothing,Running Shoes,2,37.88,5.0,71.97,5.99,Standard,4.03,81.99,Debit Card,Delivered,5.0,5.0,False
41606290,313802,2025-12-13,Sports & Outdoors,Fishing Rod,1,175.57,0.0,175.57,0.0,Standard,0.0,175.57,Debit Card,Delivered,7.0,3.0,False
36097781,622930,2025-11-22,Clothing,Wool Sweater,3,78.06,0.0,234.18,0.0,Express,14.05,248.23,Credit Card,Delivered,2.0,,False
80234533,562945,2024-12-01,Home & Kitchen,Throw Pillow,1,293.65,5.0,278.97,0.0,Express,16.74,295.71,Debit Card,Delivered,3.0,,False
32789108,215560,2025-06-20,Toys,Puzzle (1000pc),2,30.94,10.0,55.69,5.99,Standard,4.59,66.27,Credit Card,Delivered,7.0,5.0,False
12623855,436994,2025-11-19,Sports & Outdoors,Yoga Mat,4,76.77,20.0,245.66,0.0,Express,7.12,252.78,PayPal,Delivered,2.0,5.0,False
85171015,491813,2024-11-25,Electronics,Smartphone Case,1,124.2,0.0,124.2,0.0,Express,10.25,134.45,Debit Card,Delivered,1.0,5.0,False
92211554,151519,2024-11-16,Electronics,Smartphone Case,2,325.42,0.0,650.84,0.0,Express,39.05,689.89,Gift Card,Delivered,3.0,3.0,False
74304868,332189,2025-09-08,Home & Kitchen,Air Fryer,1,165.6,0.0,165.6,0.0,,13.66,179.26,PayPal,Cancelled,,,False
53444517,576134,2025-05-18,Sports & Outdoors,Resistance Bands,1,126.3,0.0,126.3,0.0,Standard,10.42,136.72,Apple Pay,Delivered,6.0,5.0,False
44990582,360610,2024-12-04,Clothing,Men's T-Shirt,1,52.92,0.0,52.92,12.99,Express,1.53,67.44,Credit Card,Delivered,2.0,,False
29171715,150447,2024-04-26,Books,Self-Help Book,3,30.48,0.0,91.44,0.0,Standard,5.12,96.56,Credit Card,Delivered,7.0,,False
97517990,243838,2025-11-13,Books,Fiction Novel,2,16.71,0.0,33.42,5.99,Standard,2.76,42.17,Gift Card,Shipped,,,False
92314803,635222,2025-10-12,Beauty,Body Lotion,1,83.39,0.0,83.39,0.0,Standard,5.0,88.39,Credit Card,Delivered,6.0,5.0,False
49380489,328532,2025-11-13,Home & Kitchen,Throw Pillow,1,87.29,5.0,82.93,0.0,Standard,6.84,89.77,Apple Pay,Cancelled,,,False
21751125,357070,2024-04-16,Books,Biography,4,24.26,0.0,97.04,0.0,Standard,8.61,105.65,PayPal,Processing,,,False
96261489,553606,2024-03-25,Clothing,Yoga Leggings,1,30.43,0.0,30.43,5.99,Standard,1.22,37.64,Apple Pay,Delivered,6.0,5.0,False
40457028,733216,2024-08-17,Electronics,Bluetooth Speaker,1,294.31,5.0,279.59,0.0,Standard,17.47,297.06,Credit Card,Returned,4.0,,False
27455303,975413,2024-01-09,Home & Kitchen,Air Fryer,1,137.4,15.0,116.79,0.0,Standard,10.37,127.16,PayPal,Delivered,5.0,3.0,True
14252587,311051,2025-08-01,Toys,Board Game,1,55.58,0.0,55.58,5.99,Standard,3.47,65.04,Credit Card,Delivered,8.0,,False
53935777,327694,2025-11-04,Clothing,Denim Jacket,2,43.54,10.0,78.37,0.0,Standard,3.72,82.09,Apple Pay,Delivered,4.0,,False
48220153,523106,2025-03-22,Clothing,Winter Jacket,1,120.25,10.0,108.23,0.0,Standard,6.76,114.99,Credit Card,Delivered,5.0,4.0,False
61405042,349075,2024-08-05,Clothing,Winter Jacket,1,43.9,0.0,43.9,5.99,Standard,2.74,52.63,Gift Card,Delivered,6.0,,False
65019096,355438,2025-08-30,Home & Kitchen,Blender,1,230.49,0.0,230.49,0.0,Express,13.83,244.32,Credit Card,Delivered,2.0,5.0,False
69524417,867788,2025-12-01,Electronics,Portable Charger,1,136.32,5.0,129.5,0.0,Standard,3.76,133.26,Debit Card,Delivered,5.0,3.0,False
39221739,764907,2025-09-27,Beauty,Body Lotion,1,64.32,0.0,64.32,5.99,Standard,5.31,75.62,Credit Card,Delivered,7.0,2.0,False
70033442,351676,2024-07-04,Clothing,Socks (3-pack),1,40.91,5.0,38.86,22.99,Next-Day,2.53,64.38,Debit Card,Delivered,3.0,,False
20118974,297490,2025-12-21,Toys,Action Figure,1,33.67,5.0,31.99,5.99,Standard,1.92,39.9,PayPal,Delivered,5.0,,False
18976130,934213,2024-11-04,Books,Poetry Collection,3,18.76,5.0,53.47,5.99,Standard,4.41,63.87,Credit Card,Returned,5.0,,False
81854861,562945,2024-11-06,Home & Kitchen,Throw Pillow,1,123.12,10.0,110.81,0.0,Standard,6.65,117.46,Credit Card,Cancelled,,,False
73964594,845092,2024-08-02,Clothing,Yoga Leggings,1,55.97,15.0,47.57,5.99,Standard,3.92,57.48,Credit Card,Delivered,5.0,3.0,False
66687397,106403,2025-05-29,Clothing,Men's T-Shirt,3,57.41,10.0,155.01,0.0,Express,10.08,165.09,Debit Card,Delivered,5.0,4.0,True
30229628,736402,2024-12-28,Electronics,Bluetooth Speaker,3,115.17,10.0,310.96,0.0,Next-Day,19.43,330.39,PayPal,Delivered,1.0,,False
42049792,257777,2024-10-19,Beauty,Face Serum,1,51.57,25.0,38.68,12.99,Express,2.32,53.99,PayPal,Delivered,5.0,,False
36426488,266711,2024-05-05,Home & Kitchen,Non-Stick Pan,1,277.15,0.0,277.15,0.0,Express,11.09,288.24,Credit Card,Delivered,2.0,,False
65512222,945168,2025-07-14,Clothing,Yoga Leggings,1,149.74,0.0,149.74,0.0,Express,9.36,159.1,Credit Card,Delivered,3.0,4.0,False
17796173,325640,2025-10-19,Electronics,Smartwatch,1,66.9,0.0,66.9,12.99,Express,5.52,85.41,Gift Card,Processing,,,False
43792927,525664,2025-09-17,Home & Kitchen,Coffee Maker,1,168.25,5.0,159.84,0.0,Standard,6.39,166.23,Gift Card,Shipped,,,False
99165071,305669,2024-08-21,Electronics,Smartwatch,2,197.82,0.0,395.64,0.0,Standard,32.64,428.28,Debit Card,Delivered,7.0,3.0,False
68350363,968744,2024-11-14,Electronics,Noise Cancelling Headphones,2,130.47,0.0,260.94,0.0,Express,21.53,282.47,Credit Card,Delivered,2.0,4.0,False
56717614,531846,2024-08-27,Toys,Board Game,1,40.82,30.0,28.57,5.99,Standard,1.79,36.35,Credit Card,Delivered,5.0,,False
95106239,668562,2025-03-16,Electronics,Laptop Stand,2,100.3,0.0,200.6,0.0,Express,16.55,217.15,Debit Card,Delivered,3.0,5.0,False
98483193,793675,2025-01-25,Home & Kitchen,Table Lamp,4,121.66,0.0,486.64,0.0,Standard,43.19,529.83,Apple Pay,Delivered,6.0,,False
15902219,968744,2025-07-31,Toys,Action Figure,1,40.57,0.0,40.57,5.99,Standard,3.35,49.91,Apple Pay,Delivered,7.0,4.0,False
38290443,332189,2025-03-14,Clothing,Women's Jeans,1,81.5,0.0,81.5,0.0,Standard,6.72,88.22,Debit Card,Delivered,7.0,4.0,False
64317531,177411,2024-12-22,Clothing,Wool Sweater,1,62.7,0.0,62.7,5.99,Standard,4.08,72.77,Debit Card,Delivered,6.0,,False
44158559,304794,2024-11-23,Electronics,USB-C Hub,2,113.32,10.0,203.98,0.0,Next-Day,8.16,212.14,Credit Card,Delivered,1.0,4.0,False
90705850,555576,2024-12-15,Electronics,Noise Cancelling Headphones,1,136.22,0.0,136.22,0.0,Express,8.51,144.73,Debit Card,Delivered,4.0,4.0,False
58375195,409624,2024-12-18,Clothing,Denim Jacket,1,102.86,0.0,102.86,0.0,Express,6.17,109.03,PayPal,Delivered,2.0,,False
96276996,492774,2025-04-20,Home & Kitchen,Storage Bins,2,247.08,0.0,494.16,0.0,Express,43.86,538.02,Credit Card,Delivered,1.0,4.0,False
94205742,385804,2025-12-22,Electronics,4K Monitor,2,115.75,0.0,231.5,0.0,Standard,0.0,231.5,PayPal,Delivered,2.0,,False
55837249,736679,2024-12-20,Beauty,Perfume,4,41.16,15.0,139.94,0.0,Express,5.6,145.54,PayPal,Delivered,3.0,,False
55240869,439951,2025-12-24,Books,Fiction Novel,3,13.16,25.0,29.61,12.99,Express,1.78,44.38,Apple Pay,Delivered,2.0,4.0,False
33215048,871000,2025-07-20,Books,Cookbook,1,13.24,0.0,13.24,5.99,Standard,0.83,20.06,Apple Pay,Delivered,5.0,5.0,False
62872543,635222,2025-10-27,Home & Kitchen,Throw Pillow,1,127.15,0.0,127.15,0.0,Standard,7.63,134.78,PayPal,Shipped,,,False
24712318,716509,2025-12-31,Beauty,Nail Polish Set,2,57.76,0.0,115.52,0.0,Express,6.64,122.16,Credit Card,Processing,,,False
90798106,115041,2024-11-22,Electronics,Bluetooth Speaker,1,162.21,0.0,162.21,0.0,Standard,10.14,172.35,Debit Card,Delivered,8.0,2.0,False
52838385,633917,2025-04-30,Home & Kitchen,Table Lamp,1,258.31,0.0,258.31,0.0,Standard,21.31,279.62,Credit Card,Returned,7.0,,False
31544577,199805,2024-04-27,Clothing,Socks (3-pack),2,71.95,0.0,143.9,0.0,Standard,8.27,152.17,Credit Card,Delivered,6.0,3.0,False
91330704,262277,2025-05-21,Grocery,Green Tea (Box),1,8.1,20.0,6.48,5.99,Standard,0.42,12.89,PayPal,Processing,,,False
96170611,185777,2025-04-24,Books,Mystery Thriller,1,12.35,20.0,9.88,12.99,Express,0.59,23.46,Credit Card,Delivered,3.0,,False
83292073,236621,2024-12-31,Electronics,Portable Charger,2,254.8,0.0,509.6,0.0,Standard,30.58,540.18,Gift Card,Delivered,4.0,,False
65755882,589266,2025-08-15,Clothing,Yoga Leggings,3,13.74,0.0,41.22,5.99,Standard,3.66,50.87,PayPal,Returned,6.0,,False
14211922,783804,2024-06-21,Beauty,Face Serum,1,126.94,0.0,126.94,0.0,Express,8.25,135.19,PayPal,Delivered,1.0,,False
45753454,267355,2024-01-19,Clothing,Hoodie,1,106.62,0.0,106.62,0.0,Express,8.8,115.42,Debit Card,Delivered,1.0,,False
98047857,910789,2024-02-08,Grocery,Granola Bars (12-pack),1,22.02,0.0,22.02,5.99,Standard,1.43,29.44,Credit Card,Shipped,,,False
46585407,602443,2025-06-27,Electronics,Smartphone Case,1,248.53,5.0,236.1,0.0,Express,19.48,255.58,PayPal,Delivered,1.0,,False
16484091,340644,2025-09-12,Clothing,Socks (3-pack),4,51.87,0.0,207.48,0.0,Standard,18.41,225.89,Credit Card,Delivered,6.0,4.0,False
38375602,301566,2024-10-05,Clothing,Socks (3-pack),3,108.43,0.0,325.29,0.0,Next-Day,20.33,345.62,Debit Card,Delivered,1.0,2.0,False
58578051,933577,2024-10-27,Books,Poetry Collection,4,17.08,0.0,68.32,5.99,Standard,3.93,78.24,Apple Pay,Delivered,7.0,,False
69686679,678035,2024-04-05,Home & Kitchen,Storage Bins,5,189.68,0.0,948.4,0.0,Standard,59.27,1007.67,PayPal,Delivered,7.0,,False
68095740,968744,2025-11-29,Beauty,Hair Dryer,2,60.2,5.0,114.38,0.0,Standard,9.44,123.82,Apple Pay,Delivered,4.0,4.0,False
76052361,522606,2024-12-11,Toys,Art & Craft Kit,4,52.12,0.0,208.48,0.0,Standard,13.03,221.51,PayPal,Delivered,5.0,2.0,False
26248856,141729,2024-11-17,Electronics,Smartphone Case,1,132.17,0.0,132.17,0.0,Standard,5.29,137.46,PayPal,Delivered,7.0,3.0,True
96174501,150447,2025-05-17,Beauty,Body Lotion,2,37.96,10.0,68.33,5.99,Standard,3.83,78.15,Credit Card,Delivered,4.0,,True
77042768,360610,2024-12-28,Toys,Puzzle (1000pc),3,51.38,0.0,154.14,0.0,Standard,4.47,158.61,Credit Card,Delivered,6.0,5.0,False
20064441,273308,2024-11-05,Clothing,Wool Sweater,1,98.39,0.0,98.39,0.0,Standard,5.9,104.29,Debit Card,Delivered,7.0,5.0,False
48513634,562945,2024-09-30,Grocery,Protein Powder,2,34.64,0.0,69.28,12.99,Express,4.16,86.43,PayPal,Shipped,,,True
81765873,431975,2024-08-14,Electronics,Wireless Earbuds,1,199.96,0.0,199.96,0.0,Standard,12.5,212.46,Apple Pay,Delivered,6.0,3.0,False
58672599,968744,2024-05-18,Clothing,Women's Jeans,1,102.83,15.0,87.41,0.0,Standard,7.21,94.62,Credit Card,Delivered,6.0,,False
54372084,568764,2025-01-14,Home & Kitchen,Air Fryer,3,273.12,0.0,819.36,0.0,Next-Day,49.16,868.52,Gift Card,Delivered,1.0,,False
81231826,544582,2024-03-28,Beauty,Hair Dryer,1,35.11,0.0,35.11,12.99,Express,2.9,51.0,Credit Card,Delivered,1.0,,True
75001775,681219,2025-04-22,Beauty,Shampoo & Conditioner Set,1,148.17,0.0,148.17,0.0,Standard,0.0,148.17,Debit Card,Delivered,6.0,3.0,False
62821367,742541,2025-09-11,Clothing,Running Shoes,2,130.52,0.0,261.04,0.0,Express,15.66,276.7,Credit Card,Delivered,4.0,3.0,False
76992303,362674,2024-03-07,Electronics,Portable Charger,1,152.85,0.0,152.85,0.0,Standard,9.55,162.4,Debit Card,Returned,6.0,,False
67283188,562945,2025-02-13,Clothing,Denim Jacket,3,68.67,0.0,206.01,0.0,Next-Day,12.36,218.37,PayPal,Delivered,1.0,5.0,False
15719662,262277,2024-09-02,Electronics,Smartwatch,3,392.24,0.0,1176.72,0.0,Standard,76.49,1253.21,PayPal,Delivered,4.0,,True
73307293,153957,2024-06-09,Clothing,Men's T-Shirt,1,143.21,15.0,121.73,0.0,Standard,7.3,129.03,Credit Card,Delivered,4.0,,False
67757552,642047,2024-10-16,Toys,Plush Toy,1,24.94,0.0,24.94,12.99,Express,1.4,39.33,Credit Card,Delivered,3.0,,False
58973437,220192,2025-09-23,Electronics,USB-C Hub,3,93.0,0.0,279.0,0.0,Standard,16.74,295.74,PayPal,Shipped,,,False
22454073,867788,2025-07-07,Electronics,Noise Cancelling Headphones,1,70.48,5.0,66.96,5.99,Standard,1.94,74.89,Credit Card,Shipped,,,False
83979377,579703,2025-12-19,Clothing,Running Shoes,2,98.42,10.0,177.16,0.0,Standard,10.63,187.79,Gift Card,Delivered,6.0,5.0,True
12168831,912391,2024-06-02,Grocery,Organic Coffee Beans,1,35.78,0.0,35.78,22.99,Next-Day,2.24,61.01,Credit Card,Processing,,,False
22405375,827295,2025-06-05,Electronics,4K Monitor,1,246.25,0.0,246.25,0.0,Standard,15.39,261.64,Credit Card,Delivered,6.0,,True
92744078,794486,2024-12-09,Grocery,Green Tea (Box),1,34.57,,25.93,5.99,Standard,1.62,33.54,Debit Card,Delivered,7.0,5.0,False
62161080,742901,2024-12-31,Books,Biography,2,16.65,0.0,33.3,5.99,Standard,2.0,41.29,Credit Card,Delivered,6.0,2.0,True
94990492,656284,2025-05-21,Books,Cookbook,2,37.71,0.0,75.42,0.0,Standard,4.71,80.13,Credit Card,Delivered,5.0,4.0,False
25170655,478937,2025-04-29,Clothing,Wool Sweater,1,58.0,0.0,58.0,12.99,Express,3.25,74.24,Credit Card,Delivered,3.0,,False
45232545,471843,2024-06-13,Electronics,Laptop Stand,1,76.33,0.0,76.33,0.0,Express,3.05,79.38,PayPal,Delivered,3.0,,False
82919444,304408,2024-12-26,Clothing,Hoodie,1,100.72,15.0,85.61,0.0,Standard,7.06,92.67,Credit Card,Delivered,5.0,,False
35387349,874299,2025-07-13,Grocery,Granola Bars (12-pack),1,51.09,0.0,51.09,5.99,Standard,2.94,60.02,Credit Card,Delivered,4.0,,False
50787759,180132,2024-11-22,Sports & Outdoors,Yoga Mat,3,279.37,0.0,838.11,0.0,Standard,69.14,907.25,Gift Card,Delivered,6.0,3.0,False
63705910,961935,2025-02-07,Electronics,Bluetooth Speaker,1,117.94,0.0,117.94,0.0,Standard,7.08,125.02,Apple Pay,Delivered,6.0,,False
11484118,287711,2024-07-09,Beauty,Makeup Brush Set,1,84.8,0.0,84.8,0.0,Express,7.53,92.33,Credit Card,Delivered,4.0,,False
59858035,262641,2024-04-25,Books,Science Textbook,1,15.69,0.0,15.69,12.99,Express,0.94,29.62,Credit Card,Delivered,3.0,,False
91397910,568666,2024-09-25,Beauty,Sunscreen SPF50,2,105.29,0.0,210.58,0.0,Standard,8.42,219.0,Apple Pay,Delivered,5.0,4.0,False
26158451,774837,2024-11-22,Electronics,Portable Charger,2,226.57,0.0,453.14,0.0,Standard,28.32,481.46,Gift Card,Delivered,4.0,5.0,False
97765368,413127,2025-11-17,Toys,Building Block Set,1,38.42,0.0,38.42,5.99,Standard,3.41,47.82,Debit Card,Delivered,5.0,,False
71874364,415267,2025-12-04,Electronics,Smartphone Case,2,149.69,0.0,299.38,0.0,,0.0,299.38,Credit Card,Delivered,2.0,4.0,False
77557021,997877,2024-10-10,Books,Children's Picture Book,1,17.32,0.0,17.32,5.99,Standard,1.13,24.44,PayPal,Delivered,5.0,,False
19375423,388002,2024-12-14,Clothing,Yoga Leggings,1,17.23,0.0,17.23,5.99,Standard,0.96,24.18,Debit Card,Delivered,6.0,3.0,False
75948675,542007,2025-01-01,Home & Kitchen,Non-Stick Pan,4,200.55,0.0,802.2,0.0,Standard,48.13,850.33,Debit Card,Shipped,,,False
20895483,803050,2025-11-30,Beauty,Hair Dryer,1,103.19,0.0,103.19,0.0,Next-Day,5.93,109.12,Credit Card,Delivered,1.0,5.0,False
14052214,977008,2024-09-15,Clothing,Summer Dress,1,25.69,10.0,23.12,5.99,Standard,1.45,30.56,Credit Card,Processing,,,False
13482825,492493,2025-11-20,Beauty,Moisturizer,1,76.73,0.0,76.73,0.0,Standard,4.8,81.53,Credit Card,Delivered,4.0,2.0,False
86257481,857288,2025-05-11,Sports & Outdoors,Camping Tent,2,202.79,0.0,405.58,0.0,Express,24.33,429.91,Gift Card,Delivered,2.0,4.0,True
32349428,409624,2025-12-06,Beauty,Hair Dryer,1,79.76,0.0,79.76,0.0,Standard,4.79,84.55,Credit Card,Delivered,5.0,4.0,False
89426086,945168,2024-12-08,Grocery,Olive Oil,3,42.17,0.0,126.51,0.0,Standard,7.91,134.42,Debit Card,Delivered,5.0,4.0,False
87115573,606263,2024-01-12,Home & Kitchen,Table Lamp,1,194.63,0.0,194.63,0.0,Express,12.16,206.79,Credit Card,Returned,2.0,,False
97319022,210779,2024-08-24,Sports & Outdoors,Fishing Rod,5,210.96,0.0,1054.8,0.0,Express,87.02,1141.82,Debit Card,Delivered,1.0,,False
23514948,568666,2024-12-04,Toys,Plush Toy,2,42.75,5.0,81.22,0.0,Standard,3.25,84.47,Debit Card,Returned,5.0,,False
47111752,262277,2025-12-01,Electronics,Gaming Mouse,2,216.61,20.0,346.58,0.0,Standard,22.53,369.11,Credit Card,Delivered,5.0,5.0,False
35567562,657736,2024-02-11,Clothing,Denim Jacket,1,120.18,20.0,96.14,0.0,Express,5.77,101.91,PayPal,Delivered,3.0,4.0,False
53291607,579703,2025-12-10,Beauty,Moisturizer,2,73.23,5.0,139.14,0.0,Standard,8.35,147.49,Debit Card,Cancelled,,,False
16051498,531428,2024-05-24,Clothing,Hoodie,2,172.13,0.0,344.26,0.0,Express,21.52,365.78,Debit Card,Delivered,4.0,3.0,True
91459185,525017,2024-09-02,Beauty,Face Serum,3,35.7,0.0,107.1,0.0,Standard,8.84,115.94,Debit Card,Delivered,6.0,5.0,False
46153887,210779,2024-11-06,Electronics,Portable Charger,1,173.94,0.0,173.94,0.0,Express,14.35,188.29,Credit Card,Shipped,,,False
45735314,528226,2025-10-12,Clothing,Yoga Leggings,1,114.24,0.0,114.24,0.0,Standard,7.14,121.38,Credit Card,Shipped,,,False
21204701,568666,2024-04-07,Electronics,Noise Cancelling Headphones,1,134.02,0.0,134.02,0.0,Standard,5.36,139.38,PayPal,Delivered,3.0,,True
33397908,455782,2025-07-13,Electronics,Noise Cancelling Headphones,1,232.24,0.0,232.24,0.0,Standard,14.52,246.76,Apple Pay,Delivered,5.0,3.0,False
18220638,957476,2024-05-30,Home & Kitchen,Air Fryer,1,135.59,5.0,128.81,0.0,Standard,8.05,136.86,Debit Card,Returned,5.0,,False
71316033,447329,2024-12-02,Sports & Outdoors,Water Bottle,1,231.19,0.0,231.19,0.0,Standard,19.07,250.26,Credit Card,Delivered,6.0,4.0,False
92906487,150447,2025-11-28,Electronics,Portable Charger,2,46.78,20.0,74.85,5.99,Standard,4.19,85.03,Debit Card,Delivered,5.0,4.0,False
23176113,394360,2025-06-21,Sports & Outdoors,Resistance Bands,3,210.0,0.0,630.0,0.0,Standard,51.98,681.98,Debit Card,Cancelled,,,False
35893120,728511,2025-12-20,Books,Science Textbook,4,10.37,5.0,39.41,5.99,Standard,1.58,46.98,Debit Card,Delivered,5.0,,False
49188473,936730,2025-05-06,Home & Kitchen,Coffee Maker,1,218.14,0.0,218.14,0.0,Standard,12.22,230.36,Credit Card,Delivered,5.0,4.0,False
90756634,262277,2025-06-23,Electronics,Smartphone Case,1,251.6,15.0,213.86,0.0,Express,13.9,227.76,Apple Pay,Cancelled,,,False
60009758,805775,2024-12-01,Electronics,Laptop Stand,1,132.87,0.0,132.87,0.0,Standard,5.31,138.18,Credit Card,Delivered,6.0,5.0,False
77321377,678035,2025-09-04,Home & Kitchen,Air Fryer,2,38.66,0.0,77.32,0.0,Standard,4.83,82.15,PayPal,Delivered,5.0,4.0,True
41589819,262277,2025-12-15,Home & Kitchen,Non-Stick Pan,2,56.9,0.0,113.8,0.0,Express,7.4,121.2,Credit Card,Delivered,4.0,5.0,False
84350725,756144,2025-09-14,Home & Kitchen,Vacuum Cleaner,1,173.19,0.0,173.19,0.0,Express,9.7,182.89,Debit Card,Processing,,,False
51448419,545952,2024-09-16,Electronics,Noise Cancelling Headphones,1,224.88,0.0,224.88,0.0,Standard,13.49,238.37,Credit Card,Delivered,7.0,4.0,False
29201834,908554,2025-12-16,Beauty,Lipstick,1,50.86,5.0,48.32,12.99,Express,1.93,63.24,Debit Card,Shipped,,,False
82354531,865712,2024-12-28,Clothing,Socks (3-pack),2,91.86,0.0,183.72,0.0,Standard,10.56,194.28,PayPal,Delivered,5.0,,False
15748884,991288,2025-12-21,Electronics,Portable Charger,2,398.4,0.0,796.8,0.0,Standard,37.85,834.65,Gift Card,Cancelled,,,False
84674772,869221,2025-01-18,Clothing,Denim Jacket,2,28.67,0.0,57.34,12.99,Express,3.73,74.06,Apple Pay,Delivered,3.0,3.0,False
15288971,491813,2025-11-16,Sports & Outdoors,Camping Tent,1,349.14,0.0,349.14,0.0,Standard,28.8,377.94,Credit Card,Delivered,5.0,,False
80255820,306886,2025-11-06,Electronics,Portable Charger,3,136.04,0.0,408.12,0.0,Standard,23.47,431.59,PayPal,Shipped,,,False
13374322,958338,2024-05-11,Clothing,Women's Jeans,1,44.92,15.0,38.18,5.99,Standard,2.39,46.56,Credit Card,Delivered,5.0,3.0,False
73367605,360610,2025-11-01,Books,Biography,1,21.94,0.0,21.94,5.99,Standard,0.64,28.57,PayPal,Delivered,6.0,,False
74784888,681576,2024-08-25,Clothing,Yoga Leggings,1,54.62,0.0,54.62,5.99,Standard,3.41,64.02,Credit Card,Shipped,,,False
44083615,335665,2025-10-03,Sports & Outdoors,Yoga Mat,1,269.98,,269.98,0.0,Standard,16.2,286.18,Apple Pay,Returned,7.0,,False
96826133,654375,2025-08-26,Sports & Outdoors,Bicycle Helmet,2,152.64,0.0,305.28,0.0,Standard,19.08,324.36,Debit Card,Delivered,7.0,3.0,False
75645067,299732,2024-05-27,Electronics,Smartwatch,1,225.73,0.0,225.73,0.0,Express,14.11,239.84,Debit Card,Delivered,2.0,4.0,True
28328962,176521,2024-05-13,Clothing,Women's Jeans,1,93.54,0.0,93.54,0.0,Standard,6.08,99.62,Debit Card,Cancelled,,,False
38611304,301091,2024-08-05,Electronics,Gaming Mouse,1,85.53,0.0,85.53,0.0,Standard,0.0,85.53,Gift Card,Delivered,4.0,3.0,False
48253251,262277,2025-12-25,Home & Kitchen,Bed Sheets Set,1,135.19,0.0,135.19,0.0,Standard,8.79,143.98,Debit Card,Delivered,6.0,,False
29609160,211347,2024-09-12,Clothing,Yoga Leggings,1,149.87,20.0,119.9,0.0,Express,7.49,127.39,PayPal,Returned,1.0,,False
23673243,968744,2025-08-19,Sports & Outdoors,Golf Balls (12-pack),3,170.38,0.0,511.14,0.0,Next-Day,42.17,553.31,Credit Card,Delivered,2.0,3.0,False
52943433,867788,2024-01-26,Grocery,Green Tea (Box),1,22.28,0.0,22.28,22.99,Next-Day,0.65,45.92,Debit Card,Shipped,,,False
31815522,498067,2025-01-24,Clothing,Running Shoes,1,99.94,0.0,99.94,0.0,Standard,6.25,106.19,Credit Card,Shipped,,,True
48821138,557185,2025-11-23,Electronics,Noise Cancelling Headphones,1,215.17,20.0,172.14,0.0,Express,10.33,182.47,Gift Card,Returned,3.0,,False
14863051,627699,2024-04-09,Sports & Outdoors,Bicycle Helmet,1,273.37,0.0,273.37,0.0,Standard,15.31,288.68,Credit Card,Cancelled,,,False
61071967,936730,2024-10-29,Electronics,Smartphone Case,1,146.05,15.0,124.14,0.0,Standard,6.95,131.09,Apple Pay,Shipped,,,False
99241801,176521,2024-12-24,Beauty,Shampoo & Conditioner Set,1,106.62,0.0,106.62,0.0,Standard,6.93,113.55,Apple Pay,Delivered,5.0,,False
10102928,959122,2024-05-21,Electronics,USB-C Hub,2,407.58,0.0,815.16,0.0,Standard,32.61,847.77,Debit Card,Delivered,5.0,,True
49821299,206649,2025-12-30,Electronics,Wireless Earbuds,1,318.31,,254.65,0.0,Standard,22.6,277.25,Gift Card,Processing,,,False
52272518,528226,2025-11-28,Electronics,4K Monitor,3,294.26,0.0,882.78,0.0,Standard,55.17,937.95,Credit Card,Delivered,4.0,3.0,False
78426323,951149,2025-12-01,Sports & Outdoors,Dumbbell Set,1,172.04,10.0,154.84,0.0,Standard,9.29,164.13,Apple Pay,Cancelled,,,False
40450413,568666,2025-09-28,Beauty,Hair Dryer,5,74.68,0.0,373.4,0.0,Standard,14.94,388.34,PayPal,Delivered,5.0,3.0,False
75335685,878904,2025-07-05,Home & Kitchen,Storage Bins,1,86.21,0.0,86.21,0.0,Standard,5.39,91.6,Credit Card,Delivered,6.0,,False
96156772,721397,2025-05-20,Toys,Building Block Set,1,61.42,0.0,61.42,12.99,Express,3.53,77.94,Debit Card,Returned,2.0,,False
27495300,867788,2025-08-07,Electronics,Gaming Mouse,5,215.58,0.0,1077.9,0.0,Express,31.26,1109.16,Gift Card,Delivered,2.0,3.0,False
26313940,206781,2024-11-06,Home & Kitchen,Storage Bins,1,151.18,25.0,113.39,0.0,Express,6.35,119.74,PayPal,Delivered,3.0,,False
34130824,269842,2025-02-05,Electronics,Smartphone Case,3,162.55,0.0,487.65,0.0,Standard,29.26,516.91,Debit Card,Delivered,5.0,,False
38107269,301566,2025-09-02,Books,Children's Picture Book,1,20.39,0.0,20.39,5.99,Standard,1.27,27.65,Debit Card,Delivered,6.0,,False
49441571,867788,2025-12-01,Clothing,Yoga Leggings,1,45.79,0.0,45.79,5.99,Standard,1.33,53.11,Debit Card,Returned,7.0,,False
77019572,504586,2024-06-08,Clothing,Summer Dress,1,103.93,0.0,103.93,0.0,Standard,6.76,110.69,PayPal,Delivered,4.0,,False
27407240,339370,2025-06-17,Grocery,Green Tea (Box),3,44.54,10.0,120.26,0.0,Express,7.22,127.48,Credit Card,Delivered,3.0,3.0,False
48587874,869221,2024-11-05,Clothing,Yoga Leggings,1,125.44,10.0,112.9,0.0,Standard,7.34,120.24,Credit Card,Shipped,,,False
28554822,598667,2025-05-11,Electronics,Smartphone Case,2,156.09,0.0,312.18,0.0,Standard,25.75,337.93,PayPal,Delivered,5.0,,False
80635762,375437,2025-12-06,Electronics,Bluetooth Speaker,1,203.67,0.0,203.67,0.0,Standard,12.22,215.89,Credit Card,Delivered,7.0,,False
34861402,369304,2024-06-22,Home & Kitchen,Storage Bins,1,97.61,0.0,97.61,0.0,Express,8.05,105.66,PayPal,Shipped,,,False
36446387,646843,2024-07-11,Electronics,Smartphone Case,1,42.64,25.0,31.98,12.99,Express,2.0,46.97,Debit Card,Delivered,3.0,,True
76505288,489089,2025-09-14,Home & Kitchen,Bed Sheets Set,1,254.32,5.0,241.6,0.0,Standard,9.66,251.26,PayPal,Delivered,6.0,4.0,False
67466643,968744,2025-08-28,Clothing,Men's T-Shirt,1,90.88,0.0,90.88,0.0,Express,7.5,98.38,Apple Pay,Cancelled,,,True
92523881,968744,2024-09-19,Toys,Art & Craft Kit,1,31.22,0.0,31.22,5.99,Standard,2.58,39.79,Debit Card,Delivered,8.0,,False
62253100,620456,2024-12-31,Clothing,Denim Jacket,1,54.74,0.0,54.74,5.99,Standard,3.42,64.15,Gift Card,Delivered,3.0,3.0,False
93728181,884309,2024-07-20,Books,Cookbook,4,34.92,0.0,139.68,0.0,Standard,6.63,146.31,Credit Card,Delivered,5.0,,False
40866208,478937,2025-08-19,Electronics,Wireless Earbuds,1,403.97,0.0,403.97,0.0,Standard,22.62,426.59,Credit Card,Delivered,6.0,4.0,False
62731072,894429,2024-01-31,Beauty,Face Serum,1,105.67,0.0,105.67,0.0,Standard,8.72,114.39,Credit Card,Processing,,,False
90350107,262277,2025-04-26,Home & Kitchen,Air Fryer,1,179.03,0.0,179.03,0.0,Standard,11.64,190.67,Apple Pay,Delivered,5.0,,False
74886485,354993,2025-12-16,Sports & Outdoors,Jump Rope,1,273.39,5.0,259.72,0.0,Express,15.58,275.3,Credit Card,Delivered,3.0,2.0,False
38419107,921402,2025-11-14,Electronics,Bluetooth Speaker,5,315.95,0.0,1579.75,0.0,Express,63.19,1642.94,PayPal,Delivered,1.0,4.0,False
92129750,252894,2024-11-23,Beauty,Makeup Brush Set,1,32.97,0.0,32.97,12.99,Express,0.0,45.96,Debit Card,Delivered,1.0,4.0,False
46598238,911910,2025-09-19,Clothing,Summer Dress,1,38.51,0.0,38.51,5.99,Standard,2.5,47.0,PayPal,Shipped,,,False
46545947,968744,2025-03-20,Electronics,Wireless Earbuds,1,221.46,0.0,221.46,0.0,Express,18.27,239.73,Debit Card,Delivered,4.0,,False
56927799,479646,2024-04-17,Clothing,Women's Jeans,2,34.11,0.0,68.22,5.99,Standard,5.63,79.84,Credit Card,Returned,5.0,,False
45017955,678035,2025-06-14,Home & Kitchen,Storage Bins,2,120.96,25.0,181.44,0.0,Standard,11.34,192.78,PayPal,Returned,6.0,,False
48510918,598667,2025-12-11,Sports & Outdoors,Bicycle Helmet,1,312.07,0.0,312.07,0.0,Standard,25.75,337.82,Credit Card,Processing,,,False
95668586,222246,2025-02-28,Books,Fiction Novel,3,23.05,0.0,69.15,5.99,Standard,4.15,79.29,PayPal,Delivered,5.0,4.0,False
85505171,545611,2025-03-04,Clothing,Socks (3-pack),1,38.64,10.0,34.78,5.99,Standard,2.09,42.86,Credit Card,Delivered,4.0,,False
52397601,812521,2024-09-10,Clothing,Wool Sweater,1,74.98,0.0,74.98,5.99,Standard,4.69,85.66,PayPal,Cancelled,,,False
82766807,567801,2024-01-02,Home & Kitchen,Bed Sheets Set,1,111.35,0.0,111.35,0.0,Standard,9.19,120.54,PayPal,Delivered,7.0,4.0,False
57850626,393507,2024-11-07,Clothing,Yoga Leggings,5,136.26,0.0,681.3,0.0,Standard,40.88,722.18,Debit Card,Processing,,,False
40035725,768390,2024-12-21,Home & Kitchen,Bed Sheets Set,2,264.02,0.0,528.04,0.0,Express,29.57,557.61,PayPal,Delivered,3.0,,False
26128703,262277,2025-09-26,Clothing,Running Shoes,1,104.55,0.0,104.55,0.0,Express,6.8,111.35,Credit Card,Shipped,,,False
44196660,262277,2024-09-01,Electronics,Laptop Stand,2,169.14,0.0,338.28,0.0,Standard,21.99,360.27,PayPal,Delivered,6.0,,False
28727032,730705,2025-03-17,Electronics,Laptop Stand,1,181.8,0.0,181.8,0.0,Standard,8.64,190.44,Debit Card,Delivered,6.0,3.0,False
13310028,666844,2024-07-08,Electronics,Noise Cancelling Headphones,1,146.18,25.0,109.64,0.0,Standard,6.85,116.49,Credit Card,Delivered,7.0,,False
12216074,728511,2024-01-02,Electronics,USB-C Hub,1,178.8,0.0,178.8,0.0,Standard,7.15,185.95,Debit Card,Delivered,3.0,,False
28828951,498067,2025-12-31,Grocery,Pasta & Sauce Bundle,3,14.34,0.0,43.02,5.99,Standard,2.69,51.7,PayPal,Processing,,,False
29980637,575340,2025-06-23,Clothing,Women's Jeans,1,48.46,0.0,48.46,22.99,Next-Day,2.91,74.36,PayPal,Delivered,1.0,3.0,False
99242090,918807,2025-10-21,Grocery,Green Tea (Box),3,17.1,0.0,51.3,12.99,Express,2.05,66.34,PayPal,Returned,3.0,,False
47504690,269842,2025-12-31,Beauty,Lipstick,2,92.27,5.0,175.31,0.0,Standard,10.52,185.83,Credit Card,Shipped,,,False
75513253,936730,2024-11-10,Toys,Action Figure,2,19.69,0.0,39.38,5.99,Standard,2.21,47.58,Debit Card,Delivered,5.0,,False
50534167,118675,2024-04-16,Clothing,Wool Sweater,1,49.14,0.0,49.14,5.99,Standard,1.97,57.1,PayPal,Delivered,5.0,3.0,False
15295265,656919,2024-09-05,Sports & Outdoors,Dumbbell Set,5,201.01,5.0,954.8,0.0,Standard,59.67,1014.47,Credit Card,Delivered,6.0,4.0,False
89281165,455782,2025-08-17,Grocery,Organic Coffee Beans,2,31.82,5.0,60.46,5.99,Standard,3.78,70.23,Debit Card,Delivered,5.0,4.0,False
71619554,697476,2025-12-04,Clothing,Socks (3-pack),2,90.74,20.0,145.18,0.0,Express,8.71,153.89,Apple Pay,Delivered,2.0,5.0,False
40547238,262277,2025-03-04,Electronics,Noise Cancelling Headphones,1,203.12,5.0,192.96,0.0,Standard,12.54,205.5,Debit Card,Delivered,6.0,4.0,False
15071480,635222,2024-04-25,Electronics,Noise Cancelling Headphones,3,147.19,0.0,441.57,0.0,Standard,26.49,468.06,Credit Card,Delivered,8.0,,False
64143713,657736,2025-03-27,Electronics,Bluetooth Speaker,1,99.63,0.0,99.63,0.0,Standard,5.98,105.61,Debit Card,Delivered,4.0,3.0,False
57536123,923809,2025-06-12,Home & Kitchen,Bed Sheets Set,1,158.51,0.0,158.51,0.0,Next-Day,9.51,168.02,PayPal,Delivered,2.0,4.0,False
48131480,814682,2024-11-15,Books,Science Textbook,3,35.02,15.0,89.3,0.0,Standard,5.58,94.88,Credit Card,Cancelled,,,True
13061741,579703,2024-02-22,Clothing,Hoodie,1,85.59,0.0,85.59,0.0,Standard,5.14,90.73,Credit Card,Cancelled,,,False
98737383,101688,2025-03-04,Electronics,USB-C Hub,1,157.89,0.0,157.89,0.0,Next-Day,6.32,164.21,Credit Card,Delivered,1.0,,False
50024954,199805,2024-12-26,Home & Kitchen,Blender,2,157.98,0.0,315.96,0.0,Express,18.17,334.13,Debit Card,Delivered,3.0,,False
80045198,933473,2024-10-13,Toys,Action Figure,2,61.72,0.0,123.44,0.0,Standard,7.71,131.15,Credit Card,Delivered,8.0,3.0,False
40303893,660209,2024-03-30,Beauty,Face Serum,1,87.19,15.0,74.11,5.99,Standard,6.11,86.21,Debit Card,Delivered,5.0,,False
57210083,772806,2025-04-28,Electronics,Portable Charger,1,159.26,15.0,135.37,0.0,Express,3.93,139.3,Debit Card,Cancelled,,,False
79707124,965973,2024-07-11,Sports & Outdoors,Water Bottle,1,295.65,0.0,295.65,0.0,Express,26.24,321.89,Debit Card,Delivered,3.0,5.0,False
45626147,756144,2025-05-23,Beauty,Lipstick,1,61.84,0.0,61.84,5.99,Standard,3.46,71.29,Gift Card,Processing,,,False
87625746,738327,2025-01-26,Electronics,Bluetooth Speaker,3,249.25,0.0,747.75,0.0,Standard,46.73,794.48,Debit Card,Delivered,7.0,,False
13260163,723573,2025-11-03,Home & Kitchen,Blender,2,146.72,0.0,293.44,0.0,Express,24.21,317.65,Credit Card,Delivered,3.0,,False
10379070,832368,2024-11-26,Beauty,Body Lotion,1,55.04,0.0,55.04,5.99,Standard,4.54,65.57,Credit Card,Shipped,,,False
78899033,812521,2024-07-24,Beauty,Makeup Brush Set,3,24.89,0.0,74.67,12.99,Express,4.67,92.33,Debit Card,Delivered,3.0,3.0,False
76603299,161769,2024-08-22,Beauty,Nail Polish Set,1,104.23,,99.02,0.0,Express,5.94,104.96,Apple Pay,Delivered,4.0,,False
63902689,373069,2025-07-07,Grocery,Pasta & Sauce Bundle,1,10.55,5.0,10.02,5.99,Standard,0.63,16.64,Credit Card,Cancelled,,,False
98236334,661037,2024-04-09,Beauty,Moisturizer,3,70.05,0.0,210.15,0.0,Next-Day,13.66,223.81,Credit Card,Delivered,2.0,,False
61895450,262277,2025-01-31,Books,Self-Help Book,3,13.37,0.0,40.11,5.99,Standard,2.61,48.71,PayPal,Delivered,5.0,,False
92488746,910706,2025-08-15,Books,Fiction Novel,3,27.97,0.0,83.91,0.0,Next-Day,5.03,88.94,PayPal,Delivered,2.0,3.0,False
45047975,991288,2025-03-03,Clothing,Summer Dress,4,14.83,0.0,59.32,12.99,Express,2.82,75.13,PayPal,Delivered,4.0,,False
78360164,482841,2024-07-11,Clothing,Men's T-Shirt,1,76.86,0.0,76.86,0.0,Express,4.42,81.28,Debit Card,Delivered,3.0,4.0,False
96201945,968744,2024-09-18,Clothing,Women's Jeans,1,144.54,,144.54,0.0,Express,11.92,156.46,Credit Card,Delivered,1.0,,False
34160957,665978,2024-01-30,Home & Kitchen,Vacuum Cleaner,1,123.16,0.0,123.16,0.0,Standard,10.16,133.32,Credit Card,Delivered,6.0,,False
74411440,666844,2024-01-12,Clothing,Men's T-Shirt,1,129.55,0.0,129.55,0.0,Next-Day,8.1,137.65,Credit Card,Delivered,1.0,3.0,False
11580988,325640,2024-05-15,Sports & Outdoors,Dumbbell Set,1,119.8,0.0,119.8,0.0,,9.88,129.68,Debit Card,Delivered,3.0,,False
78943302,115886,2025-06-03,Clothing,Denim Jacket,3,107.64,0.0,322.92,0.0,Standard,26.64,349.56,Apple Pay,Shipped,,,False
56317656,733216,2025-04-15,Clothing,Denim Jacket,1,31.82,0.0,31.82,5.99,Standard,1.99,39.8,Gift Card,Delivered,5.0,4.0,False
21864631,921402,2024-12-23,Electronics,Smartphone Case,1,148.23,,148.23,0.0,Standard,5.93,154.16,Credit Card,Delivered,6.0,,False
36026004,225295,2024-08-28,Home & Kitchen,Throw Pillow,1,90.87,0.0,90.87,0.0,Express,5.45,96.32,PayPal,Delivered,3.0,,False
57975869,347245,2025-10-23,Home & Kitchen,Throw Pillow,4,136.99,5.0,520.56,0.0,Standard,42.95,563.51,PayPal,Delivered,5.0,4.0,False
78906953,335665,2025-02-22,Electronics,Gaming Mouse,1,110.81,0.0,110.81,0.0,Standard,6.65,117.46,Debit Card,Delivered,6.0,,False
49079635,521813,2025-11-26,Sports & Outdoors,Jump Rope,4,173.79,10.0,625.64,0.0,Standard,55.53,681.17,Debit Card,Delivered,5.0,5.0,False
69670648,231918,2024-07-23,Beauty,Makeup Brush Set,1,77.35,0.0,77.35,0.0,Standard,4.45,81.8,Apple Pay,Delivered,6.0,,False
85948078,504586,2024-11-10,Electronics,Laptop Stand,5,206.89,10.0,931.0,0.0,Standard,60.52,991.52,Apple Pay,Delivered,5.0,,False
12333029,215560,2025-10-10,Electronics,USB-C Hub,4,131.11,0.0,524.44,0.0,Express,43.27,567.71,Credit Card,Delivered,3.0,,False
96667756,486914,2025-02-06,Sports & Outdoors,Water Bottle,1,95.55,0.0,95.55,0.0,Standard,5.97,101.52,Credit Card,Delivered,7.0,4.0,False
97507789,690831,2024-11-12,Sports & Outdoors,Fishing Rod,1,294.39,15.0,250.23,0.0,Standard,15.01,265.24,Debit Card,Delivered,7.0,3.0,False
84436924,151519,2024-08-30,Home & Kitchen,Coffee Maker,2,97.19,0.0,194.38,0.0,Standard,11.66,206.04,Debit Card,Delivered,6.0,3.0,False
74167196,266813,2024-06-22,Books,Poetry Collection,1,23.77,0.0,23.77,22.99,Next-Day,1.13,47.89,PayPal,Delivered,1.0,,False
89669334,309098,2025-11-03,Electronics,Portable Charger,3,107.5,0.0,322.5,0.0,Standard,26.61,349.11,Credit Card,Shipped,,,False
63750057,968744,2024-08-25,Clothing,Winter Jacket,1,106.41,20.0,85.13,0.0,Standard,7.02,92.15,PayPal,Delivered,3.0,4.0,True
59281414,262277,2025-12-23,Grocery,Snack Variety Pack,4,22.67,10.0,81.61,0.0,Express,5.3,86.91,Debit Card,Delivered,2.0,4.0,False
48872576,573010,2024-07-09,Clothing,Summer Dress,1,109.45,0.0,109.45,0.0,Standard,6.29,115.74,Credit Card,Processing,,,False
77221263,809235,2024-02-11,Home & Kitchen,Coffee Maker,5,134.11,0.0,670.55,0.0,Standard,0.0,670.55,Credit Card,Delivered,5.0,3.0,False
45299565,665342,2025-10-26,Electronics,Gaming Mouse,1,88.91,0.0,88.91,0.0,Standard,4.22,93.13,PayPal,Delivered,6.0,4.0,False
36023088,547839,2025-03-02,Sports & Outdoors,Bicycle Helmet,1,75.4,0.0,75.4,0.0,Express,4.34,79.74,PayPal,Delivered,3.0,5.0,False
30377348,355438,2025-12-04,Sports & Outdoors,Golf Balls (12-pack),1,222.48,0.0,222.48,0.0,Standard,13.35,235.83,PayPal,Delivered,5.0,,False
67608596,898248,2025-03-25,Electronics,Gaming Mouse,1,118.28,0.0,118.28,0.0,Standard,3.43,121.71,Debit Card,Shipped,,,False
28310037,220192,2024-09-14,Electronics,4K Monitor,1,132.01,25.0,99.01,0.0,Standard,5.94,104.95,Apple Pay,Delivered,7.0,,False
97158815,986967,2025-06-03,Electronics,4K Monitor,1,223.82,0.0,223.82,0.0,Express,13.99,237.81,Debit Card,Delivered,4.0,4.0,False
60676011,757216,2025-09-20,Home & Kitchen,Cutlery Set,5,29.21,5.0,138.75,0.0,Standard,5.55,144.3,PayPal,Delivered,6.0,5.0,False
57345519,618056,2025-12-19,Electronics,Portable Charger,5,373.42,0.0,1867.1,0.0,Standard,112.03,1979.13,Credit Card,Delivered,5.0,,False
90468537,678035,2025-10-21,Beauty,Face Serum,2,22.86,0.0,45.72,5.99,Standard,2.86,54.57,Debit Card,Delivered,5.0,3.0,False
83963592,893245,2025-06-18,Clothing,Yoga Leggings,3,121.46,5.0,346.16,0.0,Express,16.44,362.6,Apple Pay,Delivered,3.0,,False
22571815,592240,2025-12-05,Grocery,Vitamin Supplements,5,46.14,0.0,230.7,0.0,Express,12.92,243.62,Debit Card,Cancelled,,,False
50162057,999714,2025-12-31,Home & Kitchen,Cutlery Set,2,140.81,5.0,267.54,0.0,Standard,7.76,275.3,Credit Card,Shipped,,,True
32279705,896180,2025-05-23,Beauty,Makeup Brush Set,2,43.66,0.0,87.32,0.0,Standard,7.75,95.07,Debit Card,Delivered,7.0,3.0,False
94519485,779402,2025-12-09,Grocery,Granola Bars (12-pack),1,23.7,20.0,18.96,5.99,Standard,1.19,26.14,Debit Card,Delivered,5.0,,False
15907526,209036,2024-11-25,Electronics,Gaming Mouse,1,262.34,0.0,262.34,0.0,Standard,12.46,274.8,Debit Card,Delivered,7.0,,False
77407346,597505,2025-12-09,Sports & Outdoors,Golf Balls (12-pack),2,105.05,10.0,189.09,0.0,Standard,7.56,196.65,Credit Card,Delivered,4.0,4.0,False
27016273,741294,2025-11-25,Toys,Building Block Set,2,33.11,,66.22,5.99,Standard,5.46,77.67,Credit Card,Delivered,4.0,3.0,False
30497683,625328,2024-07-01,Home & Kitchen,Coffee Maker,1,108.59,0.0,108.59,0.0,Standard,7.06,115.65,Credit Card,Delivered,6.0,2.0,False
89233135,912674,2025-11-23,Beauty,Hair Dryer,1,52.96,25.0,39.72,5.99,Standard,2.38,48.09,Credit Card,Returned,5.0,,True
28714860,650695,2025-06-02,Electronics,Bluetooth Speaker,1,131.87,15.0,112.09,0.0,Express,7.29,119.38,Credit Card,Delivered,4.0,,False
55813072,620065,2025-01-07,Grocery,Granola Bars (12-pack),5,23.31,0.0,116.55,0.0,Standard,6.99,123.54,Credit Card,Delivered,5.0,,False
79466593,192453,2025-09-28,Toys,Art & Craft Kit,3,30.31,0.0,90.93,0.0,Standard,5.68,96.61,Credit Card,Delivered,6.0,2.0,False
77650226,823236,2024-08-20,Clothing,Summer Dress,4,85.82,0.0,343.28,0.0,Express,21.45,364.73,Credit Card,Delivered,3.0,,False
92219217,912391,2024-11-06,Grocery,Olive Oil,1,30.42,5.0,28.9,12.99,Express,1.81,43.7,PayPal,Returned,1.0,,False
12385010,635222,2025-11-20,Electronics,Laptop Stand,3,215.73,0.0,647.19,0.0,Express,38.83,686.02,PayPal,Cancelled,,,False
40726623,635222,2024-08-19,Beauty,Makeup Brush Set,1,51.97,0.0,51.97,5.99,Standard,3.12,61.08,PayPal,Delivered,4.0,,False
34392955,914509,2025-12-28,Beauty,Body Lotion,2,124.34,0.0,248.68,0.0,Standard,15.54,264.22,Debit Card,Shipped,,,False
44389399,728511,2024-03-08,Beauty,Body Lotion,1,87.12,30.0,60.98,5.99,Standard,2.44,69.41,Debit Card,Delivered,8.0,4.0,False
60177482,151519,2024-11-13,Home & Kitchen,Cutlery Set,1,157.71,10.0,141.94,0.0,Standard,8.52,150.46,Gift Card,Cancelled,,,False
56303255,262277,2024-08-10,Toys,Board Game,1,42.43,0.0,42.43,5.99,Standard,2.76,51.18,Debit Card,Delivered,6.0,,False
95483792,786393,2024-04-07,Clothing,Denim Jacket,1,126.76,0.0,126.76,0.0,Standard,5.07,131.83,PayPal,Delivered,6.0,,False
85941287,215714,2024-05-06,Clothing,Women's Jeans,1,21.39,0.0,21.39,12.99,Express,1.2,35.58,Debit Card,Shipped,,,False
42032409,475610,2024-10-15,Toys,Plush Toy,2,52.12,5.0,99.03,0.0,Standard,5.94,104.97,Gift Card,Delivered,5.0,4.0,False
43702859,737360,2025-07-14,Home & Kitchen,Storage Bins,1,83.29,15.0,70.8,12.99,Express,6.28,90.07,Credit Card,Delivered,2.0,,False
60180489,248116,2024-08-10,Electronics,Bluetooth Speaker,1,314.61,25.0,235.96,0.0,Standard,15.34,251.3,Credit Card,Shipped,,,False
91665146,409624,2025-11-08,Clothing,Wool Sweater,2,86.5,25.0,129.75,0.0,Standard,7.79,137.54,PayPal,Delivered,5.0,3.0,False
27914559,908622,2025-11-27,Clothing,Hoodie,1,58.58,0.0,58.58,5.99,Standard,3.37,67.94,Apple Pay,Returned,6.0,,False
50911020,118675,2024-08-30,Sports & Outdoors,Golf Balls (12-pack),2,23.91,0.0,47.82,5.99,Standard,1.91,55.72,Credit Card,Delivered,6.0,,False
58644078,642667,2024-10-01,Home & Kitchen,Vacuum Cleaner,2,84.86,0.0,169.72,0.0,Express,10.18,179.9,Credit Card,Delivered,2.0,,False
30453596,434764,2025-02-10,Clothing,Socks (3-pack),1,44.18,0.0,44.18,5.99,Standard,3.92,54.09,PayPal,Delivered,7.0,5.0,False
78889513,409624,2024-12-15,Clothing,Denim Jacket,2,41.32,0.0,82.64,0.0,Standard,4.96,87.6,Debit Card,Delivered,7.0,3.0,False
62755390,745835,2025-11-07,Electronics,4K Monitor,1,314.07,0.0,314.07,0.0,Standard,25.91,339.98,Debit Card,Delivered,8.0,,False
90066465,901983,2024-11-04,Clothing,Socks (3-pack),4,32.55,0.0,130.2,0.0,Express,8.14,138.34,PayPal,Delivered,1.0,4.0,False
89370816,534660,2025-02-28,Electronics,4K Monitor,3,244.1,20.0,585.84,0.0,Next-Day,35.15,620.99,Credit Card,Returned,1.0,,True
48839086,878904,2024-09-17,Electronics,Noise Cancelling Headphones,1,155.62,0.0,155.62,0.0,Express,9.73,165.35,Apple Pay,Delivered,1.0,4.0,False
34035948,363227,2025-11-08,Beauty,Lipstick,4,71.06,5.0,270.03,0.0,Standard,12.83,282.86,PayPal,Processing,,,False
89868782,148651,2025-11-09,Toys,Art & Craft Kit,2,28.99,10.0,52.18,12.99,Express,0.0,65.17,Debit Card,Shipped,,,False
40657057,803050,2024-01-21,Beauty,Sunscreen SPF50,1,35.11,10.0,31.6,22.99,Next-Day,1.82,56.41,Credit Card,Delivered,1.0,3.0,False
48001477,498067,2025-08-07,Home & Kitchen,Coffee Maker,4,154.97,0.0,619.88,0.0,Express,38.74,658.62,Debit Card,Delivered,3.0,3.0,False
51851438,225295,2024-12-07,Toys,Plush Toy,1,28.27,0.0,28.27,5.99,Standard,1.7,35.96,PayPal,Delivered,6.0,5.0,False
67128173,332762,2025-08-07,Books,Children's Picture Book,1,19.7,0.0,19.7,5.99,Standard,1.18,26.87,Credit Card,Delivered,6.0,3.0,False
96807709,276268,2024-09-15,Books,Mystery Thriller,2,20.62,0.0,41.24,5.99,Standard,3.4,50.63,Credit Card,Delivered,6.0,3.0,False
50396215,617763,2025-11-05,Home & Kitchen,Vacuum Cleaner,1,134.15,15.0,114.03,0.0,Standard,6.39,120.42,Credit Card,Delivered,5.0,,False
88148345,515691,2025-12-09,Grocery,Granola Bars (12-pack),1,12.65,0.0,12.65,5.99,Standard,0.76,19.4,Credit Card,Shipped,,,False
29888956,642047,2024-02-28,Beauty,Nail Polish Set,1,73.89,0.0,73.89,12.99,Express,4.14,91.02,Credit Card,Delivered,4.0,4.0,False
12771787,255491,2024-09-08,Grocery,Protein Powder,1,51.56,0.0,51.56,5.99,Standard,3.09,60.64,PayPal,Processing,,,True
59667409,484415,2024-04-06,Sports & Outdoors,Camping Tent,1,315.61,,315.61,0.0,Express,20.51,336.12,Debit Card,Delivered,2.0,4.0,False
47611473,950421,2025-04-23,Toys,Board Game,1,33.97,25.0,25.48,5.99,Standard,1.59,33.06,Credit Card,Cancelled,,,False
61009378,865307,2025-09-08,Electronics,Portable Charger,1,249.37,,199.5,0.0,Standard,11.17,210.67,PayPal,Delivered,7.0,,False
66179234,311484,2024-10-17,Beauty,Hair Dryer,2,139.54,0.0,279.08,0.0,Standard,17.44,296.52,Credit Card,Delivered,7.0,4.0,False
75232455,435649,2025-05-27,Beauty,Shampoo & Conditioner Set,2,108.72,0.0,217.44,0.0,Standard,13.59,231.03,Credit Card,Cancelled,,,False
90232218,262277,2025-10-09,Toys,Art & Craft Kit,1,28.63,0.0,28.63,5.99,Standard,1.86,36.48,Credit Card,Delivered,5.0,2.0,False
37198943,234505,2025-09-11,Beauty,Makeup Brush Set,1,85.25,5.0,80.99,0.0,Next-Day,6.68,87.67,Gift Card,Delivered,1.0,,False
41819576,124876,2024-12-19,Electronics,Noise Cancelling Headphones,1,234.56,10.0,211.1,0.0,Standard,13.72,224.82,PayPal,Shipped,,,True
50959912,720230,2024-08-07,Grocery,Snack Variety Pack,1,29.9,0.0,29.9,5.99,Standard,1.94,37.83,PayPal,Delivered,5.0,4.0,False
47322995,750586,2025-07-10,Clothing,Summer Dress,1,114.27,,114.27,0.0,Express,7.14,121.41,Credit Card,Delivered,4.0,4.0,False
33246800,812521,2024-03-05,Clothing,Winter Jacket,1,104.67,0.0,104.67,0.0,Standard,6.54,111.21,Debit Card,Delivered,5.0,,False
52069635,386818,2025-01-03,Electronics,Laptop Stand,3,155.58,0.0,466.74,0.0,Standard,13.54,480.28,Gift Card,Delivered,6.0,,False
71739827,124876,2024-12-09,Toys,Doll House,2,83.0,30.0,116.2,0.0,Standard,7.55,123.75,Debit Card,Processing,,,False
67161480,958338,2024-02-03,Grocery,Snack Variety Pack,1,18.82,0.0,18.82,5.99,Standard,1.18,25.99,Gift Card,Delivered,7.0,,False
32658657,176588,2025-02-13,Home & Kitchen,Throw Pillow,1,143.0,0.0,143.0,0.0,Standard,4.15,147.15,PayPal,Delivered,5.0,,False
92105737,233544,2024-09-30,Clothing,Women's Jeans,1,50.04,20.0,40.03,5.99,Standard,3.55,49.57,PayPal,Delivered,4.0,,False
91794865,999108,2025-04-15,Beauty,Body Lotion,2,48.39,0.0,96.78,0.0,Standard,5.81,102.59,Debit Card,Returned,5.0,,False
43116457,104547,2024-06-05,Electronics,Smartwatch,1,119.32,0.0,119.32,0.0,Standard,9.84,129.16,Credit Card,Delivered,5.0,,False
43561230,373772,2024-06-12,Books,Science Textbook,1,25.98,10.0,23.38,22.99,Next-Day,1.4,47.77,Debit Card,Delivered,1.0,,False
90139792,693034,2024-12-30,Clothing,Summer Dress,5,64.28,0.0,321.4,0.0,Standard,19.28,340.68,Apple Pay,Delivered,5.0,4.0,False
15099500,957642,2024-04-21,Sports & Outdoors,Yoga Mat,1,207.27,0.0,207.27,0.0,Next-Day,12.95,220.22,Credit Card,Delivered,1.0,,False
17011778,525664,2024-06-22,Grocery,Snack Variety Pack,3,29.08,0.0,87.24,0.0,Express,3.49,90.73,Credit Card,Delivered,1.0,4.0,True
68338351,360610,2024-09-03,Grocery,Protein Powder,2,27.16,0.0,54.32,5.99,Standard,1.58,61.89,Credit Card,Shipped,,,False
25421120,285598,2025-03-01,Clothing,Winter Jacket,1,56.71,0.0,56.71,12.99,Express,4.68,74.38,PayPal,Delivered,3.0,3.0,False
29997461,933473,2025-08-09,Clothing,Socks (3-pack),1,37.3,0.0,37.3,5.99,Standard,2.33,45.62,Credit Card,Delivered,5.0,,False
12200153,855845,2025-06-18,Clothing,Men's T-Shirt,2,122.34,0.0,244.68,0.0,Standard,15.9,260.58,Gift Card,Delivered,6.0,,False
25150908,137895,2024-12-14,Electronics,Smartphone Case,4,230.12,0.0,920.48,0.0,Standard,36.82,957.3,Debit Card,Delivered,7.0,3.0,False
93458884,642494,2025-12-05,Toys,Action Figure,2,62.77,0.0,125.54,0.0,Standard,7.22,132.76,Credit Card,Delivered,5.0,4.0,False
96187231,702347,2025-05-13,Clothing,Summer Dress,2,82.34,0.0,164.68,0.0,Standard,4.78,169.46,Apple Pay,Processing,,,False
10047550,933473,2024-12-02,Sports & Outdoors,Fishing Rod,1,103.3,,87.8,0.0,Express,5.49,93.29,Debit Card,Delivered,2.0,,False
42435995,968744,2025-11-15,Electronics,Laptop Stand,1,115.9,15.0,98.52,0.0,Next-Day,8.13,106.65,Debit Card,Delivered,2.0,,False
80763687,622930,2025-03-01,Home & Kitchen,Vacuum Cleaner,1,184.39,0.0,184.39,0.0,,11.06,195.45,Credit Card,Shipped,,,False
12302639,409624,2024-02-12,Beauty,Body Lotion,1,103.66,0.0,103.66,0.0,Standard,6.22,109.88,Apple Pay,Delivered,4.0,3.0,False
75482867,896180,2025-04-11,Home & Kitchen,Throw Pillow,5,102.75,0.0,513.75,0.0,Express,45.6,559.35,Debit Card,Delivered,2.0,,False
39562287,991288,2024-01-10,Grocery,Pasta & Sauce Bundle,2,30.62,0.0,61.24,5.99,Standard,2.91,70.14,Credit Card,Delivered,5.0,,False
94341515,780023,2024-10-03,Grocery,Protein Powder,1,39.45,5.0,37.48,5.99,Standard,2.25,45.72,Credit Card,Delivered,6.0,,False
99564390,376515,2024-10-19,Home & Kitchen,Bed Sheets Set,1,186.3,0.0,186.3,0.0,Next-Day,11.18,197.48,Debit Card,Delivered,3.0,4.0,False
42013654,968744,2024-01-04,Electronics,USB-C Hub,1,307.81,0.0,307.81,0.0,Express,25.39,333.2,Debit Card,Returned,4.0,,False
82109326,262277,2024-12-27,Home & Kitchen,Blender,2,111.26,5.0,211.39,0.0,Express,13.74,225.13,Debit Card,Returned,2.0,,False
40019879,515088,2024-09-08,Toys,Remote Control Car,3,64.22,0.0,192.66,0.0,Express,12.04,204.7,Debit Card,Delivered,2.0,,False
33055041,686314,2025-11-17,Toys,Doll House,1,49.24,,49.24,5.99,Standard,4.06,59.29,Debit Card,Delivered,6.0,1.0,True
49183391,280698,2024-09-05,Clothing,Yoga Leggings,4,34.11,0.0,136.44,0.0,Standard,6.48,142.92,Credit Card,Returned,5.0,,False
53842284,262277,2024-08-07,Beauty,Shampoo & Conditioner Set,2,75.62,0.0,151.24,0.0,Standard,9.83,161.07,Credit Card,Delivered,5.0,,False
59797224,415267,2024-11-19,Sports & Outdoors,Jump Rope,1,21.92,0.0,21.92,12.99,Express,0.0,34.91,Credit Card,Processing,,,False
99319849,620456,2025-12-03,Books,Fiction Novel,2,12.11,15.0,20.59,5.99,Standard,1.29,27.87,Credit Card,Returned,4.0,,False
88647297,199805,2025-09-12,Beauty,Body Lotion,1,97.81,0.0,97.81,0.0,Standard,5.62,103.43,Apple Pay,Cancelled,,,False
45031600,915204,2024-12-09,Toys,Doll House,4,30.27,0.0,121.08,0.0,Express,9.99,131.07,Credit Card,Processing,,,False
56817403,332762,2024-08-06,Clothing,Winter Jacket,2,90.72,0.0,181.44,0.0,Standard,10.89,192.33,Credit Card,Cancelled,,,False
58412806,682861,2025-10-11,Home & Kitchen,Blender,2,88.68,0.0,177.36,0.0,Standard,11.09,188.45,Credit Card,Delivered,5.0,3.0,True
35247923,199805,2025-03-25,Electronics,Wireless Earbuds,5,139.79,10.0,629.05,0.0,Express,36.17,665.22,Debit Card,Delivered,3.0,,False
21881894,220192,2024-02-07,Sports & Outdoors,Resistance Bands,1,108.11,15.0,91.89,0.0,Standard,5.51,97.4,Credit Card,Delivered,7.0,2.0,False
63334358,523106,2024-11-24,Books,Fiction Novel,2,18.04,0.0,36.08,12.99,Express,2.25,51.32,Debit Card,Returned,1.0,,False
32107893,355438,2025-01-18,Sports & Outdoors,Yoga Mat,2,69.93,0.0,139.86,0.0,Next-Day,8.39,148.25,Apple Pay,Delivered,1.0,,False
80229486,421397,2025-08-08,Books,Science Textbook,1,17.63,0.0,17.63,12.99,Express,1.56,32.18,Credit Card,Delivered,1.0,,False
11817581,657736,2025-09-12,Home & Kitchen,Coffee Maker,2,109.27,0.0,218.54,0.0,Standard,13.11,231.65,Credit Card,Delivered,6.0,5.0,False
38958039,659864,2025-05-01,Home & Kitchen,Blender,1,23.85,0.0,23.85,5.99,Standard,2.12,31.96,Credit Card,Delivered,5.0,4.0,False
21742597,492493,2025-03-14,Electronics,Wireless Earbuds,1,309.12,0.0,309.12,0.0,Express,19.32,328.44,PayPal,Delivered,1.0,4.0,False
94576403,492493,2024-11-18,Books,Children's Picture Book,3,16.4,0.0,49.2,5.99,Standard,3.08,58.27,Credit Card,Delivered,5.0,,False
17100333,262277,2025-04-18,Home & Kitchen,Vacuum Cleaner,5,137.43,0.0,687.15,0.0,Standard,44.66,731.81,Apple Pay,Delivered,6.0,4.0,False
72289457,760624,2025-02-26,Home & Kitchen,Throw Pillow,1,67.91,0.0,67.91,5.99,Standard,3.23,77.13,Apple Pay,Delivered,6.0,3.0,False
20462001,635222,2025-04-04,Clothing,Denim Jacket,2,89.6,0.0,179.2,0.0,Standard,10.75,189.95,Debit Card,Delivered,5.0,3.0,True
42070670,185674,2024-09-13,Sports & Outdoors,Resistance Bands,1,215.72,0.0,215.72,0.0,Express,13.48,229.2,PayPal,Delivered,3.0,,False
17642688,602443,2024-04-11,Toys,Doll House,1,37.48,0.0,37.48,12.99,Express,3.09,53.56,Credit Card,Shipped,,,False
71955822,910932,2024-07-30,Toys,Doll House,3,65.07,0.0,195.21,0.0,Express,12.2,207.41,Apple Pay,Cancelled,,,False
46812761,525940,2025-11-27,Beauty,Sunscreen SPF50,4,81.11,0.0,324.44,0.0,Express,18.17,342.61,PayPal,Delivered,2.0,,False
76572054,597707,2025-01-27,Clothing,Denim Jacket,2,31.89,0.0,63.78,5.99,Standard,5.66,75.43,Credit Card,Shipped,,,False
11323399,847602,2024-12-04,Clothing,Hoodie,4,54.82,10.0,197.35,0.0,Standard,0.0,197.35,Credit Card,Delivered,5.0,5.0,True
31808263,151519,2025-03-21,Electronics,4K Monitor,1,225.27,10.0,202.74,0.0,Express,12.16,214.9,Credit Card,Shipped,,,False
55283215,720230,2025-10-03,Toys,Action Figure,1,23.2,0.0,23.2,22.99,Next-Day,1.51,47.7,Credit Card,Delivered,1.0,,False
95419481,117415,2025-02-19,Grocery,Pasta & Sauce Bundle,4,32.66,0.0,130.64,0.0,Next-Day,8.16,138.8,Credit Card,Delivered,1.0,3.0,False
65342460,286486,2025-03-07,Sports & Outdoors,Camping Tent,1,140.16,10.0,126.14,0.0,Standard,8.2,134.34,Debit Card,Delivered,6.0,,False
97979281,728511,2025-07-14,Electronics,4K Monitor,1,293.9,0.0,293.9,0.0,Standard,11.76,305.66,Debit Card,Delivered,6.0,5.0,False
69930101,362339,2025-01-30,Clothing,Hoodie,3,58.26,0.0,174.78,0.0,Standard,10.49,185.27,Credit Card,Returned,5.0,,False
36586745,140937,2024-11-04,Home & Kitchen,Vacuum Cleaner,2,109.18,15.0,185.61,0.0,Standard,11.14,196.75,PayPal,Delivered,5.0,,False
80887349,562945,2024-12-22,Books,Science Textbook,1,21.32,0.0,21.32,5.99,Standard,1.28,28.59,Credit Card,Returned,5.0,,False
64307615,510781,2024-03-04,Electronics,Smartwatch,2,77.42,0.0,154.84,0.0,Express,13.74,168.58,Debit Card,Delivered,1.0,,False
90145734,898248,2024-09-20,Clothing,Winter Jacket,5,54.31,0.0,271.55,0.0,Express,7.87,279.42,PayPal,Shipped,,,False
67779177,156059,2024-07-14,Beauty,Face Serum,1,89.96,0.0,89.96,0.0,Standard,0.0,89.96,PayPal,Delivered,5.0,,False
12074430,847602,2025-09-24,Electronics,Smartphone Case,1,244.73,0.0,244.73,0.0,Standard,0.0,244.73,Debit Card,Delivered,5.0,3.0,False
10681411,424543,2025-04-21,Electronics,Smartphone Case,2,66.58,,133.16,0.0,Standard,6.33,139.49,PayPal,Delivered,4.0,3.0,False
62874200,304849,2024-12-03,Electronics,Wireless Earbuds,1,142.18,15.0,120.85,0.0,Next-Day,10.73,131.58,Credit Card,Delivered,1.0,,False
68998314,562945,2024-09-29,Home & Kitchen,Coffee Maker,1,184.6,20.0,147.68,0.0,Standard,8.86,156.54,Credit Card,Delivered,7.0,4.0,False
56028944,150447,2025-12-12,Grocery,Organic Coffee Beans,2,14.14,5.0,26.87,12.99,Express,1.5,41.36,Apple Pay,Delivered,2.0,3.0,False
34950322,492904,2024-06-16,Toys,Action Figure,2,30.27,0.0,60.54,5.99,Standard,3.78,70.31,Credit Card,Delivered,5.0,3.0,False
25545025,834273,2025-11-18,Home & Kitchen,Table Lamp,1,98.22,10.0,88.4,0.0,Standard,0.0,88.4,Apple Pay,Delivered,7.0,,False
58874792,945168,2024-05-11,Electronics,Smartwatch,1,134.54,0.0,134.54,0.0,Standard,8.41,142.95,Apple Pay,Delivered,6.0,,False
14765121,986967,2025-09-17,Sports & Outdoors,Camping Tent,4,240.06,0.0,960.24,0.0,Standard,60.02,1020.26,Debit Card,Delivered,7.0,3.0,False
20057820,867788,2024-07-14,Toys,Board Game,3,36.25,0.0,108.75,0.0,Standard,3.15,111.9,Credit Card,Returned,6.0,,False
21689027,137895,2025-12-08,Books,Self-Help Book,4,22.03,0.0,88.12,0.0,Standard,3.52,91.64,Apple Pay,Delivered,7.0,,False
94596115,562945,2024-08-06,Beauty,Sunscreen SPF50,2,64.98,0.0,129.96,0.0,Standard,7.8,137.76,Credit Card,Delivered,7.0,,False
89581349,388002,2024-11-12,Electronics,Gaming Mouse,1,208.99,0.0,208.99,0.0,Standard,11.7,220.69,PayPal,Delivered,6.0,3.0,False
19061841,997877,2024-11-05,Clothing,Socks (3-pack),2,66.04,0.0,132.08,0.0,Standard,8.59,140.67,Credit Card,Processing,,,False
59265118,332057,2024-05-03,Clothing,Denim Jacket,1,46.16,0.0,46.16,12.99,Express,2.77,61.92,Credit Card,Delivered,4.0,3.0,False
22100227,440865,2025-06-01,Electronics,Portable Charger,2,95.76,0.0,191.52,0.0,Standard,17.0,208.52,PayPal,Delivered,6.0,3.0,False
16115542,635222,2024-12-22,Books,Self-Help Book,1,17.68,0.0,17.68,12.99,Express,1.06,31.73,Debit Card,Shipped,,,False
46329507,562945,2024-09-09,Books,Poetry Collection,1,18.99,20.0,15.19,5.99,Standard,0.91,22.09,Credit Card,Delivered,6.0,,False
42704977,276268,2024-05-17,Clothing,Hoodie,3,26.14,0.0,78.42,0.0,Next-Day,6.47,84.89,Credit Card,Delivered,1.0,,False
77991232,117415,2024-01-23,Clothing,Denim Jacket,4,158.17,0.0,632.68,0.0,Express,39.54,672.22,Debit Card,Delivered,1.0,5.0,False
48001906,563979,2024-08-23,Sports & Outdoors,Fishing Rod,4,197.44,5.0,750.27,0.0,Next-Day,61.9,812.17,PayPal,Delivered,1.0,,False
26608291,665342,2025-10-10,Clothing,Summer Dress,3,82.38,0.0,247.14,0.0,Standard,11.74,258.88,Debit Card,Cancelled,,,False
37527709,269434,2024-11-21,Toys,Doll House,2,51.45,0.0,102.9,0.0,Standard,6.17,109.07,Credit Card,Delivered,5.0,3.0,False
66051975,910706,2025-02-12,Sports & Outdoors,Resistance Bands,1,209.73,0.0,209.73,0.0,Express,12.58,222.31,PayPal,Returned,3.0,,False
63272002,192141,2024-06-25,Clothing,Running Shoes,1,60.17,0.0,60.17,5.99,Standard,3.76,69.92,Debit Card,Delivered,5.0,,False
94127723,663869,2025-12-28,Electronics,Smartphone Case,1,150.15,15.0,127.63,0.0,Standard,10.53,138.16,Credit Card,Processing,,,False
53215319,360610,2025-11-02,Home & Kitchen,Vacuum Cleaner,4,138.05,0.0,552.2,0.0,Standard,16.01,568.21,Apple Pay,Delivered,6.0,4.0,False
95226828,803050,2024-08-31,Clothing,Socks (3-pack),1,44.7,10.0,40.23,12.99,Express,2.31,55.53,PayPal,Shipped,,,False
51423822,562945,2024-08-18,Home & Kitchen,Air Fryer,1,191.78,0.0,191.78,0.0,Standard,11.51,203.29,Credit Card,Delivered,5.0,4.0,False
96650355,862525,2024-11-21,Electronics,Portable Charger,2,316.36,0.0,632.72,0.0,Standard,37.96,670.68,Credit Card,Returned,6.0,,True
39667429,412756,2025-11-01,Clothing,Summer Dress,2,115.85,0.0,231.7,0.0,Express,14.48,246.18,Credit Card,Delivered,3.0,4.0,False
52275461,301091,2025-05-20,Clothing,Running Shoes,1,66.74,0.0,66.74,5.99,Standard,0.0,72.73,Credit Card,Shipped,,,False
26715960,532741,2024-02-16,Clothing,Hoodie,2,64.16,0.0,128.32,0.0,,3.72,132.04,PayPal,Delivered,7.0,3.0,False
20430091,286486,2025-08-03,Home & Kitchen,Blender,3,136.83,0.0,410.49,0.0,Standard,26.68,437.17,PayPal,Delivered,5.0,,False
13290865,525664,2025-11-20,Books,Mystery Thriller,4,27.96,0.0,111.84,0.0,Express,4.47,116.31,Debit Card,Delivered,1.0,,False
39952013,912391,2024-01-04,Toys,Plush Toy,1,27.01,0.0,27.01,22.99,Next-Day,1.69,51.69,Debit Card,Delivered,1.0,,True
98502054,512461,2025-06-17,Toys,Building Block Set,1,65.34,0.0,65.34,12.99,Express,5.39,83.72,PayPal,Delivered,3.0,3.0,False
28353881,515088,2025-02-02,Clothing,Men's T-Shirt,5,15.33,0.0,76.65,0.0,Standard,4.79,81.44,Credit Card,Delivered,4.0,1.0,False
83983901,156042,2025-11-17,Electronics,Portable Charger,2,119.43,0.0,238.86,0.0,Express,14.93,253.79,Credit Card,Cancelled,,,True
73682871,332762,2025-12-03,Electronics,Gaming Mouse,1,323.92,0.0,323.92,0.0,Standard,19.44,343.36,PayPal,Delivered,6.0,4.0,False
84062460,360610,2025-12-16,Clothing,Yoga Leggings,2,75.87,0.0,151.74,0.0,Standard,4.4,156.14,Debit Card,Delivered,5.0,3.0,False
19262351,262277,2024-12-06,Clothing,Women's Jeans,2,59.94,0.0,119.88,0.0,Standard,7.79,127.67,Debit Card,Shipped,,,False
37360722,562945,2025-02-13,Books,Poetry Collection,1,14.5,0.0,14.5,5.99,Standard,0.87,21.36,Credit Card,Delivered,5.0,,False
14303872,203106,2024-12-11,Home & Kitchen,Coffee Maker,1,160.3,0.0,160.3,0.0,Express,7.61,167.91,PayPal,Delivered,4.0,3.0,False
91210476,822924,2025-02-21,Electronics,Smartphone Case,3,273.08,10.0,737.32,0.0,Standard,46.08,783.4,PayPal,Delivered,3.0,4.0,False
96446790,927372,2025-02-26,Books,Biography,1,13.67,0.0,13.67,5.99,Standard,0.82,20.48,Debit Card,Delivered,5.0,3.0,False
22692251,285598,2024-09-03,Electronics,Gaming Mouse,2,164.78,0.0,329.56,0.0,Standard,27.19,356.75,PayPal,Delivered,5.0,,False
44166020,724848,2025-11-29,Books,Cookbook,1,36.82,0.0,36.82,12.99,Express,3.04,52.85,PayPal,Delivered,5.0,,False
79354233,253760,2024-07-19,Home & Kitchen,Storage Bins,4,155.21,20.0,496.67,0.0,Standard,31.04,527.71,Debit Card,Delivered,5.0,2.0,False
71137302,332057,2025-03-26,Electronics,Portable Charger,2,209.61,0.0,419.22,0.0,Standard,25.15,444.37,PayPal,Delivered,7.0,4.0,False
20959603,752195,2025-09-06,Sports & Outdoors,Dumbbell Set,1,130.66,0.0,130.66,0.0,Standard,11.6,142.26,Gift Card,Delivered,5.0,2.0,False
76005789,617300,2024-12-13,Clothing,Running Shoes,1,50.23,0.0,50.23,5.99,Standard,3.14,59.36,PayPal,Delivered,7.0,3.0,False
13431724,919830,2024-08-21,Sports & Outdoors,Golf Balls (12-pack),1,56.09,5.0,53.29,22.99,Next-Day,3.33,79.61,Debit Card,Delivered,1.0,3.0,False
71580158,657736,2025-12-24,Electronics,Bluetooth Speaker,4,84.68,0.0,338.72,0.0,Express,20.32,359.04,Debit Card,Delivered,3.0,3.0,True
76005608,413127,2025-12-10,Books,Biography,1,24.12,0.0,24.12,5.99,Standard,2.14,32.25,Credit Card,Delivered,2.0,5.0,False
65024510,804664,2025-11-02,Home & Kitchen,Throw Pillow,1,77.88,0.0,77.88,0.0,Express,6.91,84.79,Debit Card,Delivered,3.0,4.0,True
36110311,717635,2024-10-18,Clothing,Men's T-Shirt,3,85.58,0.0,256.74,0.0,Standard,15.4,272.14,Credit Card,Delivered,8.0,5.0,False
89447889,728511,2025-11-21,Electronics,USB-C Hub,1,144.05,0.0,144.05,0.0,Standard,5.76,149.81,Credit Card,Delivered,6.0,3.0,False
35256664,560657,2024-10-23,Clothing,Hoodie,1,94.43,0.0,94.43,0.0,Next-Day,5.43,99.86,Debit Card,Delivered,2.0,,False
47275681,562945,2024-04-14,Home & Kitchen,Air Fryer,1,108.39,0.0,108.39,0.0,Standard,6.5,114.89,Gift Card,Delivered,5.0,,False
33909943,877973,2024-06-06,Clothing,Summer Dress,5,52.43,15.0,222.83,0.0,Standard,18.38,241.21,Credit Card,Delivered,4.0,3.0,False
91608255,311051,2024-07-31,Clothing,Summer Dress,1,84.22,,80.01,0.0,,5.0,85.01,Apple Pay,Delivered,5.0,,True
51522104,827295,2024-10-21,Books,Poetry Collection,3,24.93,10.0,67.31,5.99,Standard,4.21,77.51,Apple Pay,Delivered,7.0,4.0,False
45707094,363598,2025-04-20,Electronics,Portable Charger,1,139.83,0.0,139.83,0.0,Standard,8.39,148.22,Debit Card,Delivered,4.0,2.0,False
80922576,394360,2025-09-29,Home & Kitchen,Non-Stick Pan,1,189.21,0.0,189.21,0.0,Standard,15.61,204.82,Debit Card,Delivered,7.0,3.0,False
88737057,606888,2024-12-14,Beauty,Sunscreen SPF50,1,39.93,0.0,39.93,12.99,Express,2.5,55.42,Credit Card,Delivered,1.0,,False
16154422,688573,2025-08-05,Beauty,Makeup Brush Set,4,48.97,0.0,195.88,0.0,Standard,11.75,207.63,Debit Card,Delivered,6.0,,False
87055337,360610,2024-10-10,Clothing,Wool Sweater,1,53.92,0.0,53.92,5.99,Standard,1.56,61.47,Gift Card,Delivered,4.0,,False
72504803,496915,2025-12-31,Electronics,Laptop Stand,3,141.36,0.0,424.08,0.0,Express,23.75,447.83,Credit Card,Shipped,,,False
28682581,690831,2025-08-17,Clothing,Winter Jacket,1,72.91,10.0,65.62,22.99,Next-Day,3.94,92.55,Credit Card,Delivered,1.0,4.0,False
23832689,961935,2025-09-06,Home & Kitchen,Air Fryer,2,106.09,0.0,212.18,0.0,Standard,12.73,224.91,Debit Card,Shipped,,,False
81047690,648138,2024-08-04,Books,Biography,3,27.87,0.0,83.61,0.0,Standard,5.43,89.04,Debit Card,Delivered,6.0,,False
50275511,867788,2025-12-07,Clothing,Socks (3-pack),1,153.62,0.0,153.62,0.0,Next-Day,4.45,158.07,Debit Card,Delivered,1.0,,False
18750029,526957,2025-12-22,Grocery,Green Tea (Box),1,22.46,0.0,22.46,12.99,Express,1.07,36.52,Debit Card,Delivered,3.0,4.0,False
42757116,250854,2025-09-12,Home & Kitchen,Air Fryer,2,235.66,0.0,471.32,0.0,Express,29.46,500.78,Debit Card,Delivered,3.0,3.0,False
34805118,968744,2024-11-16,Home & Kitchen,Table Lamp,1,171.97,0.0,171.97,0.0,Standard,14.19,186.16,Apple Pay,Delivered,7.0,4.0,False
29297396,223412,2025-09-27,Beauty,Body Lotion,1,53.83,0.0,53.83,5.99,Standard,3.36,63.18,Credit Card,Returned,6.0,,False
76034987,210200,2024-09-04,Clothing,Winter Jacket,1,80.75,0.0,80.75,0.0,Standard,5.05,85.8,PayPal,Delivered,6.0,,True
40131161,335732,2025-03-23,Beauty,Body Lotion,2,96.82,0.0,193.64,0.0,Express,5.62,199.26,Apple Pay,Delivered,2.0,4.0,False
47096816,867788,2025-01-20,Clothing,Men's T-Shirt,3,49.05,0.0,147.15,0.0,Standard,4.27,151.42,PayPal,Cancelled,,,False
82833422,363197,2024-01-18,Clothing,Wool Sweater,2,92.01,0.0,184.02,0.0,Standard,7.36,191.38,Credit Card,Shipped,,,False
82245661,126546,2024-10-03,Sports & Outdoors,Jump Rope,1,244.45,0.0,244.45,0.0,Express,21.69,266.14,Debit Card,Delivered,1.0,,False
92753747,263426,2025-06-09,Grocery,Organic Coffee Beans,1,21.49,0.0,21.49,5.99,Standard,1.4,28.88,Debit Card,Delivered,6.0,,False
46793474,779182,2024-11-06,Electronics,Laptop Stand,1,129.24,10.0,116.32,0.0,Express,5.53,121.85,Debit Card,Delivered,3.0,,False
50788838,372352,2024-12-14,Home & Kitchen,Table Lamp,5,78.31,15.0,332.82,0.0,Standard,20.8,353.62,PayPal,Delivered,6.0,,False
65103140,262277,2024-01-11,Sports & Outdoors,Dumbbell Set,1,36.67,0.0,36.67,22.99,Next-Day,2.38,62.04,Credit Card,Delivered,1.0,,False
72180530,645647,2024-11-10,Electronics,Smartphone Case,1,95.21,10.0,85.69,0.0,Express,7.6,93.29,PayPal,Delivered,2.0,4.0,False
78561360,617763,2024-07-26,Grocery,Snack Variety Pack,1,32.12,0.0,32.12,5.99,Standard,1.8,39.91,Debit Card,Delivered,7.0,,False
95033192,812713,2025-03-08,Clothing,Wool Sweater,2,19.22,0.0,38.44,5.99,Standard,1.54,45.97,Debit Card,Delivered,4.0,,False
51659458,816376,2025-06-29,Electronics,Laptop Stand,2,209.97,15.0,356.95,0.0,Standard,10.35,367.3,Apple Pay,Delivered,6.0,,True
36878105,199805,2025-08-21,Toys,Action Figure,1,70.4,0.0,70.4,5.99,Standard,4.05,80.44,PayPal,Delivered,5.0,3.0,False
43062900,115886,2024-07-18,Home & Kitchen,Throw Pillow,1,122.72,0.0,122.72,0.0,Standard,10.12,132.84,Credit Card,Delivered,5.0,3.0,False
82515762,238541,2024-10-19,Beauty,Face Serum,2,25.25,0.0,50.5,5.99,Standard,4.48,60.97,Apple Pay,Processing,,,False
90761762,884309,2024-12-08,Grocery,Green Tea (Box),2,16.58,5.0,31.5,12.99,Express,1.5,45.99,PayPal,Delivered,4.0,5.0,False
37602324,862392,2024-04-30,Electronics,Laptop Stand,3,220.68,0.0,662.04,0.0,Standard,39.72,701.76,Credit Card,Delivered,4.0,,False
26547001,640867,2025-01-31,Toys,Building Block Set,1,30.04,0.0,30.04,5.99,Standard,2.67,38.7,Credit Card,Delivered,4.0,,False
74969010,152304,2024-08-30,Home & Kitchen,Coffee Maker,2,49.66,0.0,99.32,0.0,Standard,6.21,105.53,PayPal,Delivered,7.0,1.0,False
39962319,627699,2025-02-01,Clothing,Socks (3-pack),1,45.54,15.0,38.71,5.99,Standard,2.17,46.87,PayPal,Delivered,3.0,4.0,False
22468111,506511,2024-08-21,Beauty,Lipstick,1,24.85,0.0,24.85,12.99,Express,2.05,39.89,Gift Card,Delivered,4.0,,False
75024576,717805,2024-12-10,Electronics,Portable Charger,5,185.27,0.0,926.35,0.0,Standard,51.88,978.23,Credit Card,Delivered,5.0,,False
81859060,991288,2024-02-01,Electronics,Smartphone Case,4,307.26,5.0,1167.59,0.0,Express,55.46,1223.05,Credit Card,Delivered,5.0,2.0,False
73648729,702347,2025-12-19,Books,Poetry Collection,3,17.82,0.0,53.46,5.99,Standard,1.55,61.0,Credit Card,Delivered,7.0,,False
53797898,599038,2025-06-05,Beauty,Makeup Brush Set,1,121.31,0.0,121.31,0.0,Standard,7.28,128.59,Credit Card,Delivered,5.0,,False
61180733,736679,2024-12-18,Clothing,Winter Jacket,1,74.4,0.0,74.4,5.99,Standard,2.98,83.37,PayPal,Delivered,4.0,4.0,False
82822870,516392,2024-01-02,Sports & Outdoors,Bicycle Helmet,2,165.53,0.0,331.06,0.0,Express,20.69,351.75,PayPal,Delivered,2.0,4.0,False
50438006,562945,2024-05-24,Toys,Puzzle (1000pc),1,24.2,0.0,24.2,5.99,Standard,1.45,31.64,PayPal,Delivered,6.0,3.0,False
71719394,244629,2025-08-13,Beauty,Hair Dryer,1,25.56,0.0,25.56,5.99,Standard,1.43,32.98,Debit Card,Delivered,5.0,,False
10570862,222246,2024-08-17,Electronics,Smartphone Case,1,174.49,0.0,174.49,0.0,Next-Day,10.47,184.96,PayPal,Delivered,1.0,,False
92898626,335665,2025-05-20,Home & Kitchen,Storage Bins,2,117.74,0.0,235.48,0.0,Express,14.13,249.61,Gift Card,Delivered,1.0,,False
54007037,307101,2024-05-23,Beauty,Moisturizer,3,49.14,0.0,147.42,0.0,Standard,9.58,157.0,Credit Card,Delivered,4.0,,True
22584371,555576,2025-11-12,Beauty,Makeup Brush Set,4,25.24,30.0,70.67,5.99,Standard,4.42,81.08,Credit Card,Delivered,5.0,4.0,True
98844911,544877,2025-11-03,Electronics,Bluetooth Speaker,1,177.24,0.0,177.24,0.0,Express,11.52,188.76,Credit Card,Delivered,2.0,,False
55898833,141729,2024-05-11,Sports & Outdoors,Camping Tent,5,105.24,0.0,526.2,0.0,Standard,21.05,547.25,Credit Card,Delivered,5.0,3.0,False
11313915,955115,2024-09-18,Beauty,Body Lotion,3,40.03,0.0,120.09,0.0,Standard,9.91,130.0,PayPal,Delivered,5.0,3.0,True
98515793,652866,2025-12-10,Clothing,Winter Jacket,2,98.99,0.0,197.98,0.0,Standard,12.37,210.35,Credit Card,Cancelled,,,False
45357268,361096,2025-09-20,Electronics,Gaming Mouse,2,228.76,0.0,457.52,0.0,Standard,27.45,484.97,Gift Card,Cancelled,,,False
55076154,567801,2024-04-20,Home & Kitchen,Vacuum Cleaner,1,149.07,0.0,149.07,0.0,Standard,12.3,161.37,Credit Card,Delivered,5.0,4.0,False
26088746,311051,2025-10-20,Clothing,Denim Jacket,3,69.19,0.0,207.57,0.0,Standard,12.97,220.54,Debit Card,Delivered,6.0,,False
10216685,562945,2025-05-06,Beauty,Perfume,1,106.36,0.0,106.36,0.0,Express,6.38,112.74,Debit Card,Delivered,3.0,4.0,False
67860586,800558,2025-05-08,Clothing,Summer Dress,1,42.78,0.0,42.78,5.99,Standard,2.67,51.44,Credit Card,Delivered,5.0,5.0,False
70381775,882939,2025-12-09,Toys,Action Figure,1,28.71,10.0,25.84,5.99,Standard,1.49,33.32,Credit Card,Processing,,,False
94513192,520461,2025-11-09,Sports & Outdoors,Water Bottle,5,140.85,5.0,669.04,0.0,Standard,19.4,688.44,Gift Card,Cancelled,,,False
31235281,796365,2024-01-18,Sports & Outdoors,Jump Rope,1,118.08,20.0,94.46,0.0,Standard,8.38,102.84,Debit Card,Delivered,8.0,3.0,False
46528943,262277,2025-03-11,Clothing,Yoga Leggings,1,133.44,5.0,126.77,0.0,Standard,8.24,135.01,Debit Card,Delivered,7.0,3.0,False
14926798,369304,2025-12-15,Sports & Outdoors,Yoga Mat,3,255.68,0.0,767.04,0.0,Standard,63.28,830.32,Apple Pay,Returned,6.0,,False
93809575,959182,2024-02-24,Toys,Remote Control Car,4,32.86,0.0,131.44,0.0,Standard,8.21,139.65,Debit Card,Delivered,6.0,,False
65474680,620065,2024-12-30,Electronics,Bluetooth Speaker,3,160.52,0.0,481.56,0.0,Standard,28.89,510.45,Credit Card,Shipped,,,False
75699215,654375,2024-11-17,Clothing,Men's T-Shirt,1,89.14,15.0,75.77,0.0,Standard,4.74,80.51,Credit Card,Delivered,5.0,4.0,False
80671816,105585,2025-03-15,Home & Kitchen,Cutlery Set,1,86.29,0.0,86.29,0.0,Standard,5.39,91.68,Debit Card,Processing,,,False
42597920,440795,2024-03-04,Grocery,Pasta & Sauce Bundle,1,12.56,0.0,12.56,5.99,Standard,0.79,19.34,Credit Card,Delivered,6.0,3.0,False
14243235,311051,2025-03-27,Clothing,Denim Jacket,4,125.89,0.0,503.56,0.0,Express,31.47,535.03,Credit Card,Delivered,4.0,4.0,False
91099535,562945,2024-12-02,Sports & Outdoors,Golf Balls (12-pack),2,277.16,10.0,498.89,0.0,Standard,29.93,528.82,Credit Card,Delivered,3.0,,False
30972663,862525,2024-06-07,Books,Biography,2,20.49,0.0,40.98,5.99,Standard,2.46,49.43,PayPal,Delivered,4.0,,False
38312063,525940,2025-05-11,Sports & Outdoors,Golf Balls (12-pack),2,74.99,0.0,149.98,0.0,Express,8.4,158.38,Apple Pay,Processing,,,False
94353516,793675,2024-08-13,Electronics,Noise Cancelling Headphones,1,368.69,0.0,368.69,0.0,Next-Day,32.72,401.41,Credit Card,Delivered,2.0,4.0,False
86890611,425661,2025-08-28,Clothing,Running Shoes,1,40.73,0.0,40.73,5.99,Standard,1.18,47.9,Credit Card,Processing,,,False
43538074,199805,2025-02-06,Clothing,Denim Jacket,2,82.28,0.0,164.56,0.0,Standard,9.46,174.02,PayPal,Delivered,5.0,3.0,False
67613805,912391,2025-08-20,Clothing,Denim Jacket,4,56.54,0.0,226.16,0.0,Standard,14.13,240.29,Credit Card,Delivered,6.0,4.0,False
91149134,219406,2025-12-22,Grocery,Pasta & Sauce Bundle,1,17.42,15.0,14.81,12.99,Express,0.43,28.23,PayPal,Delivered,1.0,3.0,False
46660730,142347,2024-01-25,Books,Biography,1,25.29,15.0,21.5,5.99,Standard,1.77,29.26,Debit Card,Delivered,8.0,4.0,False
97858835,867788,2025-10-05,Beauty,Lipstick,2,52.45,0.0,104.9,0.0,Express,3.04,107.94,PayPal,Delivered,3.0,,False
41851633,369304,2024-08-14,Clothing,Hoodie,1,36.81,0.0,36.81,12.99,Express,3.04,52.84,Credit Card,Delivered,4.0,5.0,False
37578305,731213,2025-11-30,Electronics,Smartwatch,1,72.85,5.0,69.21,5.99,Standard,3.98,79.18,Gift Card,Delivered,5.0,3.0,False
67796000,724414,2025-02-12,Electronics,Wireless Earbuds,5,148.87,0.0,744.35,0.0,Standard,61.41,805.76,Debit Card,Delivered,5.0,,False
45833609,169397,2025-12-11,Electronics,Laptop Stand,3,107.74,0.0,323.22,0.0,Standard,19.39,342.61,Credit Card,Delivered,5.0,4.0,False
98182244,666258,2025-03-17,Clothing,Summer Dress,2,65.68,0.0,131.36,0.0,Express,8.21,139.57,Debit Card,Delivered,2.0,4.0,False
97893039,565158,2025-12-04,Home & Kitchen,Vacuum Cleaner,1,184.02,0.0,184.02,0.0,Standard,11.96,195.98,Apple Pay,Delivered,6.0,5.0,False
68303777,273042,2025-03-18,Home & Kitchen,Non-Stick Pan,3,204.84,0.0,614.52,0.0,Standard,34.41,648.93,Gift Card,Delivered,6.0,,False
37236080,414522,2024-06-29,Sports & Outdoors,Fishing Rod,1,138.05,5.0,131.15,0.0,Standard,7.54,138.69,PayPal,Delivered,4.0,4.0,False
62416953,562945,2024-11-26,Electronics,Wireless Earbuds,4,218.99,0.0,875.96,0.0,Express,52.56,928.52,Apple Pay,Shipped,,,False
65840297,582393,2024-12-29,Home & Kitchen,Coffee Maker,2,50.99,0.0,101.98,0.0,Standard,5.86,107.84,Debit Card,Delivered,6.0,4.0,False
23930533,823563,2024-10-05,Sports & Outdoors,Fishing Rod,4,259.66,0.0,1038.64,0.0,Next-Day,41.55,1080.19,Debit Card,Delivered,1.0,2.0,False
32692341,839134,2025-05-19,Beauty,Makeup Brush Set,1,78.38,0.0,78.38,0.0,Standard,4.51,82.89,Debit Card,Cancelled,,,False
53494619,142263,2025-12-29,Electronics,Smartwatch,1,246.78,10.0,222.1,0.0,Next-Day,18.32,240.42,Credit Card,Shipped,,,False
94886491,976721,2025-01-17,Grocery,Green Tea (Box),1,41.23,0.0,41.23,5.99,Standard,3.4,50.62,Debit Card,Cancelled,,,False
87303177,412756,2025-05-06,Home & Kitchen,Non-Stick Pan,1,71.33,0.0,71.33,5.99,Standard,4.46,81.78,Credit Card,Delivered,4.0,,False
86701190,151519,2024-01-01,Electronics,Laptop Stand,2,116.16,0.0,232.32,0.0,Standard,13.94,246.26,Debit Card,Delivered,5.0,5.0,False
59950839,958338,2025-10-19,Electronics,Laptop Stand,1,188.37,0.0,188.37,0.0,Standard,11.77,200.14,PayPal,Shipped,,,False
41427420,726144,2024-10-16,Toys,Board Game,1,36.53,5.0,34.7,5.99,Standard,2.08,42.77,PayPal,Delivered,5.0,,False
49166416,360610,2024-05-06,Clothing,Wool Sweater,4,111.21,0.0,444.84,0.0,Standard,12.9,457.74,Debit Card,Shipped,,,False
15577322,525350,2024-10-29,Books,Mystery Thriller,1,32.94,0.0,32.94,5.99,Standard,1.89,40.82,Apple Pay,Returned,8.0,,False
40009702,703047,2024-05-11,Home & Kitchen,Table Lamp,1,121.48,0.0,121.48,0.0,Express,7.29,128.77,Credit Card,Delivered,1.0,3.0,False
26073587,262641,2024-06-10,Home & Kitchen,Bed Sheets Set,1,101.92,0.0,101.92,0.0,Standard,6.12,108.04,PayPal,Delivered,5.0,,False
70426572,819608,2024-04-17,Clothing,Socks (3-pack),1,89.21,0.0,89.21,0.0,Standard,4.24,93.45,PayPal,Delivered,5.0,4.0,False
79402643,142237,2024-08-15,Beauty,Perfume,1,46.38,0.0,46.38,5.99,Standard,4.12,56.49,Debit Card,Delivered,4.0,,False
47515833,846102,2024-09-19,Electronics,Noise Cancelling Headphones,1,250.55,0.0,250.55,0.0,Standard,14.41,264.96,Credit Card,Processing,,,False
81203587,401192,2024-05-07,Electronics,USB-C Hub,1,272.03,0.0,272.03,0.0,Standard,17.0,289.03,PayPal,Delivered,4.0,,False
78366712,839473,2025-11-09,Sports & Outdoors,Camping Tent,1,279.22,10.0,251.3,0.0,Standard,14.45,265.75,PayPal,Delivered,6.0,4.0,False
20568032,606888,2024-02-07,Books,Science Textbook,1,20.65,0.0,20.65,5.99,Standard,1.29,27.93,Debit Card,Delivered,5.0,4.0,False
89319180,957642,2024-10-12,Grocery,Organic Coffee Beans,2,17.73,0.0,35.46,5.99,Standard,2.22,43.67,PayPal,Delivered,6.0,4.0,False
81543420,767655,2024-12-20,Electronics,Wireless Earbuds,2,85.75,10.0,154.35,0.0,Standard,9.65,164.0,Credit Card,Returned,5.0,,False
69163386,301091,2024-12-05,Electronics,Bluetooth Speaker,2,169.48,,305.06,0.0,Standard,0.0,305.06,Credit Card,Delivered,5.0,,False
49262589,723573,2025-12-02,Electronics,Wireless Earbuds,1,119.25,0.0,119.25,0.0,Standard,9.84,129.09,PayPal,Delivered,5.0,,False
24685629,633917,2025-01-08,Home & Kitchen,Vacuum Cleaner,1,172.49,10.0,155.24,0.0,Express,12.81,168.05,Debit Card,Delivered,3.0,,False
96041941,423125,2024-11-15,Sports & Outdoors,Dumbbell Set,1,270.13,0.0,270.13,0.0,Standard,22.29,292.42,PayPal,Delivered,7.0,3.0,False
36878595,388002,2025-01-02,Beauty,Nail Polish Set,5,120.35,0.0,601.75,0.0,Standard,33.7,635.45,Apple Pay,Delivered,5.0,2.0,False
24279986,188261,2025-12-26,Books,Cookbook,3,11.4,0.0,34.2,5.99,Standard,1.92,42.11,Debit Card,Delivered,4.0,,False
55522657,309098,2025-01-08,Clothing,Summer Dress,4,85.88,0.0,343.52,0.0,Standard,28.34,371.86,Credit Card,Delivered,6.0,4.0,False
96018222,961935,2025-07-20,Books,Science Textbook,3,9.96,0.0,29.88,5.99,Standard,1.79,37.66,Credit Card,Delivered,6.0,2.0,False
44408604,153940,2025-07-25,Electronics,4K Monitor,5,169.07,0.0,845.35,0.0,Standard,40.15,885.5,Debit Card,Returned,7.0,,False
36250129,102023,2025-12-11,Clothing,Wool Sweater,1,65.34,15.0,55.54,22.99,Next-Day,3.33,81.86,Credit Card,Delivered,2.0,4.0,False
34055606,804664,2024-02-16,Clothing,Wool Sweater,2,89.57,10.0,161.23,0.0,Express,14.31,175.54,PayPal,Delivered,4.0,,False
57158324,329274,2024-12-28,Grocery,Protein Powder,3,11.54,0.0,34.62,5.99,Standard,2.25,42.86,Credit Card,Shipped,,,False
63072450,354993,2024-07-07,Electronics,Wireless Earbuds,5,95.22,5.0,452.3,0.0,Express,27.14,479.44,Apple Pay,Processing,,,False
51530560,871000,2024-12-11,Clothing,Men's T-Shirt,2,65.25,0.0,130.5,0.0,Standard,8.16,138.66,Credit Card,Shipped,,,False
72204247,223412,2024-03-04,Books,Cookbook,2,25.77,20.0,41.23,5.99,Standard,2.58,49.8,PayPal,Delivered,5.0,5.0,False
91549406,457298,2025-01-26,Toys,Building Block Set,1,44.51,0.0,44.51,5.99,Standard,2.67,53.17,PayPal,Shipped,,,False
28497154,957476,2025-12-26,Clothing,Socks (3-pack),1,14.7,15.0,12.49,12.99,Express,0.78,26.26,Apple Pay,Returned,2.0,,False
82935120,440865,2024-06-30,Sports & Outdoors,Water Bottle,1,28.16,0.0,28.16,5.99,Standard,2.5,36.65,Apple Pay,Delivered,7.0,,False
95923332,674253,2025-06-02,Home & Kitchen,Throw Pillow,3,229.43,0.0,688.29,0.0,Standard,38.54,726.83,Credit Card,Delivered,7.0,3.0,True
35517587,901983,2024-10-10,Electronics,Bluetooth Speaker,1,245.03,0.0,245.03,0.0,Standard,15.31,260.34,PayPal,Delivered,3.0,3.0,False
81678867,372352,2025-06-26,Sports & Outdoors,Dumbbell Set,1,106.57,0.0,106.57,0.0,Next-Day,6.66,113.23,Debit Card,Delivered,1.0,4.0,False
87471683,957476,2025-12-11,Clothing,Women's Jeans,2,115.93,0.0,231.86,0.0,Express,14.49,246.35,Apple Pay,Delivered,3.0,,False
39253691,723964,2024-11-24,Clothing,Socks (3-pack),2,94.5,5.0,179.55,0.0,Standard,10.77,190.32,Credit Card,Delivered,5.0,,False
91104573,800558,2024-12-18,Home & Kitchen,Cutlery Set,5,109.57,0.0,547.85,0.0,Express,34.24,582.09,PayPal,Delivered,2.0,,False
88560336,635222,2025-09-28,Electronics,Smartwatch,2,225.97,0.0,451.94,0.0,Next-Day,27.12,479.06,Credit Card,Cancelled,,,False
78377513,932663,2025-08-26,Grocery,Olive Oil,1,22.44,0.0,22.44,5.99,Standard,1.29,29.72,Debit Card,Delivered,6.0,4.0,False
56574400,614646,2025-11-10,Home & Kitchen,Coffee Maker,1,132.38,,125.76,0.0,Next-Day,7.86,133.62,PayPal,Returned,1.0,,False
14960117,467418,2024-07-04,Toys,Action Figure,2,44.38,0.0,88.76,0.0,Standard,4.22,92.98,Gift Card,Shipped,,,False
86456738,582951,2024-03-11,Electronics,Laptop Stand,3,137.57,0.0,412.71,0.0,Standard,24.76,437.47,Debit Card,Delivered,7.0,,False
91800233,991288,2024-05-30,Electronics,Laptop Stand,1,41.42,,41.42,12.99,Express,1.97,56.38,Credit Card,Delivered,3.0,4.0,False
45686687,633917,2024-01-07,Books,Poetry Collection,2,24.94,0.0,49.88,5.99,Standard,4.12,59.99,Debit Card,Delivered,6.0,2.0,False
71272959,525940,2024-11-23,Electronics,Bluetooth Speaker,1,150.75,0.0,150.75,0.0,Standard,8.44,159.19,Credit Card,Cancelled,,,False
10556732,244629,2025-06-21,Home & Kitchen,Table Lamp,1,99.95,10.0,89.95,0.0,Standard,5.04,94.99,Credit Card,Delivered,6.0,,False
11670023,957297,2024-07-29,Clothing,Wool Sweater,4,69.43,0.0,277.72,0.0,Express,16.66,294.38,Credit Card,Delivered,3.0,,False
59321527,346238,2025-02-26,Electronics,Smartwatch,2,189.87,0.0,379.74,0.0,Next-Day,33.7,413.44,Credit Card,Delivered,2.0,4.0,False
54880677,599235,2024-11-05,Clothing,Yoga Leggings,4,169.59,0.0,678.36,0.0,Standard,40.7,719.06,Credit Card,Delivered,8.0,,False
87426455,582951,2025-06-19,Beauty,Face Serum,1,97.29,0.0,97.29,0.0,Standard,5.84,103.13,Credit Card,Processing,,,False
93494914,633917,2024-07-25,Clothing,Winter Jacket,3,99.67,0.0,299.01,0.0,Express,24.67,323.68,Apple Pay,Delivered,2.0,,False
57742844,560657,2024-03-08,Electronics,Bluetooth Speaker,1,410.29,0.0,410.29,0.0,Standard,23.59,433.88,PayPal,Delivered,4.0,2.0,False
54671389,986587,2025-12-09,Clothing,Wool Sweater,3,143.12,,386.42,0.0,Standard,31.88,418.3,Credit Card,Delivered,5.0,,False
93424613,594403,2025-12-08,Home & Kitchen,Air Fryer,4,103.53,0.0,414.12,0.0,Next-Day,34.16,448.28,Credit Card,Delivered,1.0,4.0,False
19967859,250854,2024-08-16,Clothing,Denim Jacket,1,28.65,0.0,28.65,22.99,,1.79,53.43,PayPal,Delivered,2.0,2.0,False
91593828,206781,2025-09-23,Clothing,Denim Jacket,2,134.05,0.0,268.1,0.0,Express,15.01,283.11,Credit Card,Returned,2.0,,False
42226884,286486,2025-09-06,Books,Science Textbook,1,37.92,0.0,37.92,5.99,Standard,2.46,46.37,Apple Pay,Delivered,4.0,,False
24463891,262641,2025-05-30,Grocery,Organic Coffee Beans,3,31.16,0.0,93.48,0.0,Standard,5.61,99.09,Credit Card,Delivered,3.0,,False
36753579,376515,2025-11-01,Electronics,Laptop Stand,2,198.42,0.0,396.84,0.0,Standard,23.81,420.65,Debit Card,Shipped,,,False
40744520,211282,2024-06-18,Clothing,Wool Sweater,1,96.09,30.0,67.26,5.99,Standard,0.0,73.25,PayPal,Returned,6.0,,False
50149077,656919,2024-12-30,Electronics,Smartphone Case,1,252.4,0.0,252.4,0.0,Standard,15.78,268.18,Credit Card,Delivered,7.0,,False
94637079,716300,2024-11-26,Toys,Art & Craft Kit,2,46.47,,92.94,0.0,Standard,5.34,98.28,Apple Pay,Delivered,2.0,3.0,False
37160660,376515,2024-08-11,Books,Cookbook,2,27.26,10.0,49.07,5.99,Standard,2.94,58.0,Credit Card,Delivered,5.0,5.0,False
86424733,936730,2024-12-11,Clothing,Summer Dress,1,99.33,0.0,99.33,0.0,Standard,5.56,104.89,Credit Card,Processing,,,False
67250584,874829,2025-07-01,Beauty,Perfume,3,19.64,0.0,58.92,12.99,Express,4.86,76.77,PayPal,Delivered,2.0,5.0,False
62930788,901983,2025-11-25,Grocery,Vitamin Supplements,3,26.14,15.0,66.66,5.99,Standard,4.17,76.82,PayPal,Delivered,6.0,4.0,False
15877733,728511,2025-05-18,Electronics,Smartphone Case,4,180.92,0.0,723.68,0.0,Standard,28.95,752.63,Debit Card,Processing,,,False
90558136,278362,2025-06-13,Electronics,Gaming Mouse,4,131.96,0.0,527.84,0.0,Standard,31.67,559.51,Credit Card,Delivered,7.0,,False
94112323,730705,2024-08-22,Beauty,Shampoo & Conditioner Set,5,118.09,0.0,590.45,0.0,Standard,28.05,618.5,PayPal,Cancelled,,,False
61093461,945168,2024-05-23,Electronics,Smartphone Case,4,117.1,0.0,468.4,0.0,Standard,29.27,497.67,Debit Card,Delivered,5.0,,False
60939058,901983,2024-12-26,Sports & Outdoors,Fishing Rod,2,152.16,15.0,258.67,0.0,Express,16.17,274.84,Credit Card,Delivered,1.0,2.0,False
73011560,262277,2024-04-12,Home & Kitchen,Vacuum Cleaner,1,65.67,0.0,65.67,5.99,Standard,4.27,75.93,Debit Card,Returned,7.0,,False
43285100,567801,2024-01-09,Beauty,Perfume,3,82.28,0.0,246.84,0.0,Standard,20.36,267.2,Debit Card,Delivered,5.0,2.0,False
72795366,736402,2024-06-12,Clothing,Socks (3-pack),2,64.14,0.0,128.28,0.0,Standard,8.02,136.3,Credit Card,Delivered,4.0,3.0,False
93786413,176521,2025-12-27,Clothing,Women's Jeans,5,67.31,0.0,336.55,0.0,Standard,21.88,358.43,Debit Card,Processing,,,False
15123844,262277,2025-11-08,Grocery,Pasta & Sauce Bundle,2,28.26,5.0,53.69,5.99,Standard,3.49,63.17,Credit Card,Cancelled,,,False
51402604,653662,2024-09-28,Books,Biography,3,24.86,0.0,74.58,12.99,Express,4.47,92.04,PayPal,Delivered,4.0,4.0,False
19198388,223771,2025-10-09,Sports & Outdoors,Dumbbell Set,1,158.18,10.0,142.36,0.0,Standard,8.9,151.26,Credit Card,Cancelled,,,False
40731340,665978,2024-01-02,Toys,Building Block Set,3,63.98,0.0,191.94,0.0,Express,15.84,207.78,Gift Card,Delivered,1.0,3.0,False
52799557,635222,2024-09-16,Beauty,Shampoo & Conditioner Set,3,20.41,0.0,61.23,5.99,Standard,3.67,70.89,Credit Card,Processing,,,False
11979514,599235,2024-11-08,Electronics,Bluetooth Speaker,1,355.47,0.0,355.47,0.0,Standard,21.33,376.8,PayPal,Delivered,6.0,4.0,False
33511923,354993,2025-09-15,Beauty,Body Lotion,1,106.15,30.0,74.3,12.99,Express,4.46,91.75,Credit Card,Delivered,4.0,5.0,False
46088120,819608,2024-09-23,Beauty,Face Serum,1,124.32,0.0,124.32,0.0,Standard,5.91,130.23,Credit Card,Delivered,5.0,2.0,False
79907970,764907,2025-06-02,Beauty,Hair Dryer,2,35.26,0.0,70.52,12.99,Express,5.82,89.33,Debit Card,Shipped,,,False
38372084,262277,2024-08-09,Beauty,Moisturizer,1,106.31,0.0,106.31,0.0,Standard,6.91,113.22,Apple Pay,Delivered,5.0,,False
66003070,169397,2025-06-14,Clothing,Summer Dress,1,118.37,0.0,118.37,0.0,Standard,7.1,125.47,Debit Card,Delivered,7.0,2.0,False
74491507,531607,2025-12-02,Electronics,Smartphone Case,1,129.14,20.0,103.31,0.0,Standard,4.13,107.44,Apple Pay,Delivered,4.0,,False
77994801,206649,2025-06-06,Home & Kitchen,Air Fryer,1,158.65,20.0,126.92,0.0,Next-Day,11.26,138.18,Debit Card,Delivered,1.0,,False
15049979,779182,2024-12-06,Home & Kitchen,Air Fryer,2,150.65,0.0,301.3,0.0,Express,14.31,315.61,Credit Card,Returned,3.0,,False
54299128,406634,2024-02-07,Sports & Outdoors,Hiking Backpack,1,223.72,0.0,223.72,0.0,Standard,12.86,236.58,Credit Card,Delivered,8.0,,False
18855011,301566,2025-12-15,Books,Biography,1,17.07,15.0,14.51,5.99,Standard,0.91,21.41,PayPal,Delivered,5.0,,False
69548277,716300,2025-11-24,Home & Kitchen,Cutlery Set,1,215.73,0.0,215.73,0.0,Standard,12.4,228.13,Debit Card,Shipped,,,False
66814251,445958,2024-12-29,Toys,Plush Toy,1,46.61,20.0,37.29,12.99,Express,2.33,52.61,Credit Card,Delivered,2.0,3.0,False
59222646,199805,2024-03-25,Electronics,Smartwatch,2,36.75,0.0,73.5,12.99,Express,4.23,90.72,Debit Card,Returned,2.0,,False
52007501,871382,2024-11-16,Toys,Building Block Set,3,73.05,0.0,219.15,0.0,Next-Day,19.45,238.6,Credit Card,Delivered,1.0,,True
23042494,233335,2025-11-12,Clothing,Hoodie,3,88.97,20.0,213.53,0.0,Express,18.95,232.48,Apple Pay,Delivered,1.0,5.0,False
43695232,262277,2025-11-01,Clothing,Summer Dress,3,110.92,0.0,332.76,0.0,Express,21.63,354.39,Apple Pay,Delivered,3.0,,False
21659901,361096,2025-12-01,Beauty,Hair Dryer,1,44.84,0.0,44.84,5.99,Standard,2.69,53.52,Credit Card,Delivered,5.0,,False
26974493,919601,2024-08-26,Clothing,Denim Jacket,1,102.89,0.0,102.89,0.0,Standard,9.13,112.02,Credit Card,Shipped,,,False
98225263,492493,2024-11-17,Home & Kitchen,Vacuum Cleaner,3,164.54,,493.62,0.0,Express,30.85,524.47,PayPal,Delivered,3.0,3.0,False
42627882,361096,2025-05-11,Books,Cookbook,4,19.31,0.0,77.24,0.0,Standard,4.63,81.87,PayPal,Delivered,7.0,,True
77300853,453806,2025-12-06,Grocery,Protein Powder,1,36.12,0.0,36.12,5.99,Standard,2.35,44.46,Credit Card,Delivered,6.0,,False
31282954,884309,2025-03-05,Books,Fiction Novel,1,27.65,0.0,27.65,5.99,Standard,1.31,34.95,PayPal,Processing,,,True
24159736,908554,2025-01-29,Beauty,Sunscreen SPF50,1,52.85,0.0,52.85,5.99,Standard,2.11,60.95,PayPal,Delivered,5.0,5.0,False
40765650,646843,2025-08-01,Sports & Outdoors,Golf Balls (12-pack),5,389.79,0.0,1948.95,0.0,Express,121.81,2070.76,Debit Card,Delivered,3.0,3.0,False
61622354,660209,2025-05-16,Toys,Board Game,1,61.03,0.0,61.03,5.99,Standard,5.03,72.05,Apple Pay,Shipped,,,False
40909511,150447,2025-04-01,Electronics,Portable Charger,1,159.08,10.0,143.17,0.0,Standard,8.02,151.19,Credit Card,Shipped,,,False
45991548,865712,2025-11-11,Clothing,Hoodie,1,99.54,5.0,94.56,0.0,Standard,5.44,100.0,PayPal,Delivered,5.0,3.0,False
12342562,896180,2025-03-04,Home & Kitchen,Non-Stick Pan,1,155.48,0.0,155.48,0.0,Standard,13.8,169.28,Debit Card,Returned,6.0,,False
95569379,912442,2024-12-17,Sports & Outdoors,Resistance Bands,1,168.33,0.0,168.33,0.0,Standard,10.52,178.85,Credit Card,Delivered,3.0,,False
12040193,378603,2024-01-20,Clothing,Wool Sweater,3,89.71,5.0,255.67,0.0,Standard,15.98,271.65,PayPal,Delivered,5.0,4.0,False
39926291,192141,2025-02-21,Beauty,Sunscreen SPF50,4,39.03,10.0,140.51,0.0,Standard,8.78,149.29,Credit Card,Delivered,5.0,4.0,False
80788918,562945,2025-01-18,Clothing,Men's T-Shirt,1,130.63,0.0,130.63,0.0,Standard,7.84,138.47,Apple Pay,Delivered,5.0,3.0,False
65485155,908622,2025-11-01,Grocery,Snack Variety Pack,3,14.27,0.0,42.81,5.99,Standard,2.46,51.26,Credit Card,Delivered,4.0,4.0,False
29363023,409624,2025-02-19,Home & Kitchen,Non-Stick Pan,1,96.88,0.0,96.88,0.0,Express,5.81,102.69,PayPal,Delivered,3.0,4.0,False
61655759,185777,2025-12-03,Home & Kitchen,Storage Bins,1,206.72,0.0,206.72,0.0,Standard,12.4,219.12,Apple Pay,Delivered,5.0,3.0,False
57782251,743841,2024-05-13,Clothing,Yoga Leggings,2,124.2,0.0,248.4,0.0,Standard,7.2,255.6,Credit Card,Cancelled,,,True
57200336,262277,2025-11-11,Home & Kitchen,Coffee Maker,1,146.29,5.0,138.98,0.0,Standard,9.03,148.01,Debit Card,Delivered,7.0,5.0,False
39819943,350194,2024-12-10,Clothing,Summer Dress,2,34.98,0.0,69.96,5.99,Standard,5.77,81.72,PayPal,Delivered,4.0,3.0,False
86643673,782906,2025-11-29,Electronics,Laptop Stand,3,50.32,0.0,150.96,0.0,Express,8.45,159.41,Credit Card,Delivered,1.0,4.0,False
69277739,320881,2025-10-17,Grocery,Protein Powder,4,37.6,0.0,150.4,0.0,Express,12.41,162.81,Credit Card,Returned,3.0,,False
30167366,250628,2025-12-03,Clothing,Winter Jacket,1,32.22,0.0,32.22,5.99,Standard,2.01,40.22,Credit Card,Delivered,4.0,2.0,False
20248348,669983,2025-01-06,Toys,Building Block Set,1,27.0,0.0,27.0,12.99,Express,1.28,41.27,Credit Card,Delivered,3.0,,False
46087856,767655,2025-04-19,Grocery,Vitamin Supplements,3,17.28,10.0,46.66,5.99,Standard,2.92,55.57,Debit Card,Shipped,,,False
92155671,161769,2024-04-08,Beauty,Perfume,2,73.32,0.0,146.64,0.0,,8.8,155.44,Credit Card,Delivered,5.0,,False
17595632,698248,2025-11-22,Clothing,Wool Sweater,1,35.15,0.0,35.15,5.99,Standard,2.2,43.34,Debit Card,Delivered,6.0,,False
51907099,423125,2025-11-11,Grocery,Vitamin Supplements,1,13.61,0.0,13.61,5.99,Standard,1.12,20.72,Apple Pay,Cancelled,,,False
43378547,132874,2025-04-07,Home & Kitchen,Coffee Maker,1,203.1,0.0,203.1,0.0,Standard,16.76,219.86,Apple Pay,Delivered,6.0,,False
28060641,286239,2024-02-26,Beauty,Makeup Brush Set,2,42.35,5.0,80.47,0.0,Express,0.0,80.47,Debit Card,Delivered,3.0,4.0,False
83843336,187821,2024-10-07,Home & Kitchen,Table Lamp,1,98.64,0.0,98.64,0.0,Next-Day,6.17,104.81,Debit Card,Shipped,,,False
52729035,503012,2024-07-31,Grocery,Snack Variety Pack,4,26.78,0.0,107.12,0.0,Standard,6.7,113.82,Apple Pay,Shipped,,,False
90266830,294470,2025-12-24,Books,Poetry Collection,1,11.21,10.0,10.09,5.99,Standard,0.61,16.69,Credit Card,Delivered,5.0,3.0,False
73442193,778853,2025-07-14,Sports & Outdoors,Water Bottle,2,141.24,0.0,282.48,0.0,Express,15.82,298.3,Credit Card,Delivered,3.0,4.0,False
30372622,307101,2025-02-02,Clothing,Winter Jacket,4,130.1,5.0,494.38,0.0,Standard,32.13,526.51,Debit Card,Delivered,6.0,3.0,False
83489440,661037,2024-02-20,Grocery,Organic Coffee Beans,1,42.73,0.0,42.73,5.99,Standard,2.78,51.5,PayPal,Delivered,5.0,,False
74719830,663869,2025-10-24,Electronics,4K Monitor,2,299.29,0.0,598.58,0.0,Standard,49.38,647.96,Debit Card,Delivered,4.0,3.0,False
73904569,360610,2024-10-06,Books,Fiction Novel,1,38.13,0.0,38.13,5.99,Standard,1.11,45.23,Credit Card,Cancelled,,,True
66022066,165878,2024-05-21,Electronics,Portable Charger,2,26.92,0.0,53.84,5.99,Standard,2.15,61.98,Credit Card,Delivered,6.0,,False
19095700,681619,2024-11-06,Home & Kitchen,Bed Sheets Set,2,52.05,0.0,104.1,0.0,Standard,9.24,113.34,PayPal,Delivered,5.0,4.0,False
89316439,479646,2025-10-07,Beauty,Hair Dryer,1,66.54,0.0,66.54,12.99,Express,5.49,85.02,Debit Card,Delivered,3.0,,False
84852438,220192,2024-11-15,Clothing,Denim Jacket,1,95.36,10.0,85.82,0.0,Standard,5.15,90.97,Credit Card,Delivered,4.0,,False
98897680,153957,2025-03-02,Beauty,Shampoo & Conditioner Set,1,101.42,0.0,101.42,0.0,Express,6.09,107.51,Apple Pay,Shipped,,,False
46537776,593353,2024-04-07,Toys,Remote Control Car,2,37.12,0.0,74.24,22.99,Next-Day,2.97,100.2,PayPal,Delivered,2.0,,False
48527682,455782,2024-05-21,Electronics,Gaming Mouse,1,145.12,0.0,145.12,0.0,Standard,9.07,154.19,Credit Card,Delivered,5.0,4.0,False
73435263,280698,2025-07-30,Electronics,Noise Cancelling Headphones,2,248.71,0.0,497.42,0.0,Standard,23.63,521.05,PayPal,Shipped,,,False
70316303,339643,2024-11-02,Clothing,Summer Dress,1,145.96,0.0,145.96,0.0,Standard,9.12,155.08,PayPal,Delivered,6.0,,False
17389879,997877,2025-12-27,Books,Fiction Novel,1,29.36,10.0,26.42,5.99,Standard,1.72,34.13,PayPal,Shipped,,,False
91792009,239917,2025-03-23,Clothing,Men's T-Shirt,3,90.44,0.0,271.32,0.0,Standard,16.96,288.28,Debit Card,Shipped,,,False
47730497,262277,2025-06-06,Electronics,USB-C Hub,3,114.76,0.0,344.28,0.0,Standard,22.38,366.66,Debit Card,Cancelled,,,False
70098558,153957,2024-07-02,Home & Kitchen,Air Fryer,3,92.71,0.0,278.13,0.0,Standard,16.69,294.82,Credit Card,Cancelled,,,False
78806417,614646,2025-08-08,Clothing,Yoga Leggings,2,102.52,20.0,164.03,0.0,Standard,10.25,174.28,Credit Card,Delivered,6.0,,False
97910693,562945,2025-03-08,Beauty,Moisturizer,1,63.32,10.0,56.99,5.99,Standard,3.42,66.4,Credit Card,Delivered,7.0,,False
69682110,638021,2025-09-05,Electronics,Smartwatch,1,85.58,0.0,85.58,0.0,Standard,7.06,92.64,Credit Card,Shipped,,,False
34073188,429136,2024-10-20,Home & Kitchen,Coffee Maker,1,235.3,0.0,235.3,0.0,Standard,15.29,250.59,PayPal,Delivered,6.0,,False
60666890,678035,2024-05-23,Beauty,Perfume,1,69.03,25.0,51.77,5.99,Standard,3.24,61.0,PayPal,Delivered,8.0,,False
92585087,490754,2025-09-16,Clothing,Hoodie,1,89.98,5.0,85.48,0.0,Standard,4.79,90.27,Debit Card,Cancelled,,,False
33497238,570417,2025-08-26,Clothing,Summer Dress,3,67.31,0.0,201.93,0.0,Express,12.62,214.55,Debit Card,Delivered,4.0,3.0,False
37927315,108184,2025-06-09,Beauty,Nail Polish Set,4,46.95,15.0,159.63,0.0,Standard,6.39,166.02,PayPal,Cancelled,,,False
61094838,635222,2024-06-02,Books,Self-Help Book,1,24.68,,24.68,5.99,Standard,1.48,32.15,Credit Card,Cancelled,,,False
13337781,286486,2025-02-13,Clothing,Socks (3-pack),1,10.81,0.0,10.81,5.99,Standard,0.7,17.5,Credit Card,Delivered,7.0,2.0,False
83291900,301108,2025-07-11,Clothing,Running Shoes,1,97.86,0.0,97.86,0.0,Next-Day,5.48,103.34,Credit Card,Delivered,1.0,,False
93334949,557185,2025-06-10,Clothing,Women's Jeans,5,62.03,0.0,310.15,0.0,Standard,18.61,328.76,Debit Card,Delivered,6.0,,False
53025130,562945,2024-05-24,Beauty,Moisturizer,2,27.72,0.0,55.44,5.99,Standard,3.33,64.76,Credit Card,Delivered,6.0,3.0,False
78746692,862525,2024-12-11,Clothing,Winter Jacket,1,101.22,0.0,101.22,0.0,Standard,6.07,107.29,Gift Card,Cancelled,,,False
78573824,302426,2024-08-05,Clothing,Summer Dress,2,100.44,0.0,200.88,0.0,Express,16.57,217.45,Debit Card,Delivered,2.0,4.0,False
54434184,115886,2025-08-13,Electronics,Wireless Earbuds,1,186.83,0.0,186.83,0.0,Express,15.41,202.24,Gift Card,Delivered,3.0,2.0,False
98647505,730556,2025-04-17,Electronics,Gaming Mouse,2,94.78,0.0,189.56,0.0,Express,15.64,205.2,PayPal,Delivered,2.0,,False
73009140,262277,2024-04-29,Home & Kitchen,Throw Pillow,1,80.6,0.0,80.6,0.0,Standard,5.24,85.84,Debit Card,Delivered,5.0,4.0,False
14124221,542007,2025-12-29,Grocery,Organic Coffee Beans,1,29.28,5.0,27.82,5.99,Standard,1.67,35.48,Debit Card,Shipped,,,False
99057951,736679,2025-12-11,Clothing,Running Shoes,2,119.24,0.0,238.48,0.0,Standard,9.54,248.02,PayPal,Delivered,6.0,,False
44771698,447566,2024-07-05,Beauty,Lipstick,1,96.29,0.0,96.29,0.0,Express,2.79,99.08,Credit Card,Delivered,3.0,3.0,False
40500202,409624,2024-11-20,Sports & Outdoors,Yoga Mat,1,38.06,15.0,32.35,5.99,Standard,1.94,40.28,Credit Card,Cancelled,,,True
52554484,755714,2024-04-21,Clothing,Winter Jacket,1,133.64,0.0,133.64,0.0,Standard,11.86,145.5,Credit Card,Delivered,7.0,3.0,False
89600397,760624,2024-12-12,Home & Kitchen,Air Fryer,1,71.24,5.0,67.68,5.99,Standard,3.21,76.88,PayPal,Delivered,4.0,3.0,False
87599776,827082,2025-11-22,Home & Kitchen,Blender,2,91.9,5.0,174.61,0.0,Standard,10.48,185.09,Debit Card,Delivered,6.0,,False
97850644,976721,2024-12-30,Books,Cookbook,1,20.04,10.0,18.04,5.99,Standard,1.49,25.52,Credit Card,Delivered,6.0,4.0,False
73198422,544683,2024-10-11,Clothing,Summer Dress,1,43.51,0.0,43.51,22.99,Next-Day,3.59,70.09,Credit Card,Cancelled,,,False
12367025,165217,2024-04-05,Grocery,Olive Oil,1,29.01,0.0,29.01,5.99,Standard,1.67,36.67,PayPal,Delivered,7.0,,False
75646289,958338,2025-09-10,Sports & Outdoors,Jump Rope,1,72.29,10.0,65.06,5.99,Standard,4.07,75.12,Apple Pay,Delivered,6.0,,False
64071975,665342,2025-08-04,Clothing,Women's Jeans,2,89.53,0.0,179.06,0.0,Express,8.51,187.57,Debit Card,Delivered,5.0,,False
23151205,110406,2024-03-28,Sports & Outdoors,Dumbbell Set,4,174.14,0.0,696.56,0.0,Express,61.82,758.38,PayPal,Shipped,,,False
63353112,958338,2025-08-01,Clothing,Women's Jeans,3,155.61,0.0,466.83,0.0,Standard,29.18,496.01,PayPal,Cancelled,,,False
83362630,414522,2024-01-03,Clothing,Summer Dress,1,66.2,0.0,66.2,5.99,Standard,3.81,76.0,PayPal,Shipped,,,True
51912171,492774,2024-03-29,Books,Children's Picture Book,1,17.17,0.0,17.17,22.99,Next-Day,1.52,41.68,Debit Card,Delivered,2.0,3.0,False
14682418,945168,2024-09-23,Sports & Outdoors,Dumbbell Set,2,62.5,0.0,125.0,0.0,Express,7.81,132.81,Credit Card,Delivered,4.0,,False
96597230,150447,2024-01-24,Home & Kitchen,Bed Sheets Set,1,170.68,10.0,153.61,0.0,Express,8.6,162.21,Credit Card,Delivered,3.0,4.0,False
78030917,960784,2025-04-25,Home & Kitchen,Vacuum Cleaner,2,185.45,0.0,370.9,0.0,Standard,32.92,403.82,PayPal,Delivered,4.0,,False
53567967,797677,2024-10-13,Electronics,USB-C Hub,4,28.2,0.0,112.8,0.0,Standard,3.27,116.07,Credit Card,Delivered,6.0,,False
88275904,810825,2024-06-08,Home & Kitchen,Vacuum Cleaner,4,131.09,20.0,419.49,0.0,Standard,24.12,443.61,PayPal,Delivered,3.0,,False
78093947,961935,2024-01-05,Clothing,Yoga Leggings,1,89.01,0.0,89.01,0.0,Standard,5.34,94.35,Credit Card,Cancelled,,,False
28760578,547239,2025-03-26,Toys,Board Game,1,43.45,0.0,43.45,12.99,Express,2.61,59.05,Credit Card,Delivered,3.0,,False
82106437,700634,2025-08-16,Home & Kitchen,Throw Pillow,1,158.05,0.0,158.05,0.0,Standard,10.27,168.32,PayPal,Returned,6.0,,False
66609741,113118,2024-10-09,Electronics,Noise Cancelling Headphones,1,131.02,0.0,131.02,0.0,Standard,11.63,142.65,Debit Card,Delivered,7.0,,False
85870070,726144,2025-04-11,Electronics,Smartphone Case,1,288.74,0.0,288.74,0.0,Standard,17.32,306.06,Credit Card,Delivered,4.0,3.0,False
81219364,149433,2025-01-06,Home & Kitchen,Non-Stick Pan,3,134.81,0.0,404.43,0.0,Express,11.73,416.16,Credit Card,Delivered,3.0,5.0,False
22164178,812713,2024-05-07,Electronics,4K Monitor,1,131.54,0.0,131.54,0.0,Standard,5.26,136.8,PayPal,Delivered,4.0,3.0,False
64654937,206649,2025-12-17,Clothing,Men's T-Shirt,4,42.46,0.0,169.84,0.0,Express,15.07,184.91,PayPal,Returned,1.0,,False
